index,trace_name,trace_start_time,station_network_code,station_code,station_latitude_deg,station_longitude_deg,station_elevation_m,trace_p_arrival_sample,trace_s_arrival_sample,center_sample,trace_sampling_rate_hz,trace_component_order,split,name,trace_name_original,trace_chunk
0,"bucket0$0,:3,:6001",2014-03-03T08:28:59.820000,MQ,IA2,14.80307,-61.20515,289.0,1660.0,1752.0,1660,100.0,ZNE,train,manuel,"bucket0$0,:3,:6001",
1,"bucket0$1,:3,:6001",2014-03-03T08:28:45.779900,MQ,GBM,14.799451,-61.159276,800.0,3087.0,,3087,100.0,ZNE,train,manuel,"bucket0$1,:3,:6001",
2,"bucket0$2,:3,:6001",2014-03-03T08:28:22.200000,MQ,LAM,14.81292,-61.16314,1240.0,5448.0,5484.0,5448,100.0,ZNE,train,manuel,"bucket0$2,:3,:6001",
3,"bucket1$0,:3,:6001",2014-03-03T08:29:07.639900,MQ,BAM,14.8171,-61.1445,670.0,942.0,,942,100.0,ZNE,dev,manuel,"bucket1$0,:3,:6001",
4,"bucket0$3,:3,:6001",2014-03-03T08:28:57.839900,MQ,MLM,14.7846,-61.1786,370.0,1926.0,,1926,100.0,ZNE,train,manuel,"bucket0$3,:3,:6001",
5,"bucket0$4,:3,:6001",2014-03-11T19:52:07.650000,MQ,LAM,14.81292,-61.16314,1240.0,4196.0,4239.0,4196,100.0,ZNE,train,manuel,"bucket0$4,:3,:6001",
6,"bucket0$5,:3,:6001",2014-03-11T19:52:29.299900,MQ,GBM,14.799451,-61.159276,800.0,2032.0,,2032,100.0,ZNE,train,manuel,"bucket0$5,:3,:6001",
7,"bucket0$6,:3,:6001",2014-03-11T19:51:59.729900,MQ,BAM,14.8171,-61.1445,670.0,5024.0,,5024,100.0,ZNE,train,manuel,"bucket0$6,:3,:6001",
8,"bucket0$7,:3,:6001",2014-03-11T19:52:11.739900,MQ,MLM,14.7846,-61.1786,370.0,3835.0,,3835,100.0,ZNE,train,manuel,"bucket0$7,:3,:6001",
9,"bucket2$0,:3,:6001",2014-03-11T19:51:59.010000,WI,SAM,14.84108,-61.1638,485.0,5117.0,,5117,100.0,ZNE,test,manuel,"bucket2$0,:3,:6001",
10,"bucket0$8,:3,:6001",2014-03-11T19:52:34.060000,MQ,IA2,14.80307,-61.20515,289.0,1613.0,,1613,100.0,ZNE,train,manuel,"bucket0$8,:3,:6001",
11,"bucket0$9,:3,:6001",2014-03-11T19:51:58.959900,MQ,CPM,14.8168,-61.2074,242.0,5133.0,,5133,100.0,ZNE,train,manuel,"bucket0$9,:3,:6001",
12,"bucket2$1,:3,:6001",2014-03-13T13:43:33.209900,MQ,GBM,14.799451,-61.159276,800.0,5090.0,,5090,100.0,ZNE,test,manuel,"bucket2$1,:3,:6001",
13,"bucket0$10,:3,:6001",2014-03-13T13:43:59.200000,MQ,LAM,14.81292,-61.16314,1240.0,2499.0,2563.0,2499,100.0,ZNE,train,manuel,"bucket0$10,:3,:6001",
14,"bucket0$11,:3,:6001",2014-03-13T13:44:08.179900,MQ,BAM,14.8171,-61.1445,670.0,1632.0,,1632,100.0,ZNE,train,manuel,"bucket0$11,:3,:6001",
15,"bucket0$12,:3,:6001",2014-03-13T13:43:57.250000,MQ,IA2,14.80307,-61.20515,289.0,2751.0,,2751,100.0,ZNE,train,manuel,"bucket0$12,:3,:6001",
16,"bucket0$13,:3,:6001",2014-03-13T13:43:47.069900,MQ,MLM,14.7846,-61.1786,370.0,3786.0,,3786,100.0,ZNE,train,manuel,"bucket0$13,:3,:6001",
17,"bucket0$14,:3,:6001",2014-03-13T13:43:34.149900,MQ,CPM,14.8168,-61.2074,242.0,5079.0,,5079,100.0,ZNE,train,manuel,"bucket0$14,:3,:6001",
18,"bucket2$2,:3,:6001",2014-03-15T22:56:26.279900,MQ,GBM,14.799451,-61.159276,800.0,3687.0,,3687,100.0,ZNE,test,manuel,"bucket2$2,:3,:6001",
19,"bucket0$15,:3,:6001",2014-03-15T22:56:48.620000,MQ,LAM,14.81292,-61.16314,1240.0,1460.0,1509.0,1460,100.0,ZNE,train,manuel,"bucket0$15,:3,:6001",
20,"bucket0$16,:3,:6001",2014-03-15T22:56:33.559900,MQ,BAM,14.8171,-61.1445,670.0,2998.0,,2998,100.0,ZNE,train,manuel,"bucket0$16,:3,:6001",
21,"bucket0$17,:3,:6001",2014-03-15T22:56:22.950000,MQ,IA2,14.80307,-61.20515,289.0,4083.0,4177.0,4083,100.0,ZNE,train,manuel,"bucket0$17,:3,:6001",
22,"bucket0$18,:3,:6001",2014-03-15T22:56:15.570000,WI,SAM,14.84108,-61.1638,485.0,,4927.0,4927,100.0,ZNE,train,manuel,"bucket0$18,:3,:6001",
23,"bucket0$19,:3,:6001",2014-03-16T01:17:56.279900,MQ,GBM,14.799451,-61.159276,800.0,2561.0,,2561,100.0,ZNE,train,manuel,"bucket0$19,:3,:6001",
24,"bucket0$20,:3,:6001",2014-03-16T01:17:48.730000,MQ,LAM,14.81292,-61.16314,1240.0,3321.0,3377.0,3321,100.0,ZNE,train,manuel,"bucket0$20,:3,:6001",
25,"bucket0$21,:3,:6001",2014-03-16T01:18:17.289900,MQ,BAM,14.8171,-61.1445,670.0,500.0,6497.0,500,100.0,ZNE,train,manuel,"bucket0$21,:3,:6001",
26,"bucket0$22,:3,:6001",2014-03-16T01:17:43.649900,MQ,MLM,14.7846,-61.1786,370.0,3872.0,3877.0,3872,100.0,ZNE,train,manuel,"bucket0$22,:3,:6001",
27,"bucket2$3,:3,:6001",2014-03-16T01:18:09.400000,MQ,IA2,14.80307,-61.20515,289.0,1311.0,1401.0,1311,100.0,ZNE,test,manuel,"bucket2$3,:3,:6001",
28,"bucket0$23,:3,:6001",2014-03-16T01:17:55.539900,MQ,CPM,14.8168,-61.2074,242.0,2709.0,,2709,100.0,ZNE,train,manuel,"bucket0$23,:3,:6001",
29,"bucket0$24,:3,:6001",2014-03-16T01:18:15.240000,WI,SAM,14.84108,-61.1638,485.0,771.0,850.0,771,100.0,ZNE,train,manuel,"bucket0$24,:3,:6001",
30,"bucket1$1,:3,:6001",2014-03-16T01:41:21.770000,MQ,LAM,14.81292,-61.16314,1240.0,4190.0,4242.0,4190,100.0,ZNE,dev,manuel,"bucket1$1,:3,:6001",
31,"bucket0$25,:3,:6001",2014-03-16T01:41:44.999900,MQ,GBM,14.799451,-61.159276,800.0,1910.0,,1910,100.0,ZNE,train,manuel,"bucket0$25,:3,:6001",
32,"bucket0$26,:3,:6001",2014-03-16T01:41:11.200000,WI,SAM,14.84108,-61.1638,485.0,5295.0,5389.0,5295,100.0,ZNE,train,manuel,"bucket0$26,:3,:6001",
33,"bucket0$27,:3,:6001",2014-03-16T01:41:33.319900,MQ,MLM,14.7846,-61.1786,370.0,3093.0,,3093,100.0,ZNE,train,manuel,"bucket0$27,:3,:6001",
34,"bucket0$28,:3,:6001",2014-03-16T01:41:51.040000,MQ,IA2,14.80307,-61.20515,289.0,1321.0,1413.0,1321,100.0,ZNE,train,manuel,"bucket0$28,:3,:6001",
35,"bucket0$29,:3,:6001",2014-03-16T01:41:59.659900,MQ,BAM,14.8171,-61.1445,670.0,505.0,,505,100.0,ZNE,train,manuel,"bucket0$29,:3,:6001",
36,"bucket0$30,:3,:6001",2014-03-16T03:04:57.989900,MQ,GBM,14.799451,-61.159276,800.0,2920.0,,2920,100.0,ZNE,train,manuel,"bucket0$30,:3,:6001",
37,"bucket0$31,:3,:6001",2014-03-16T03:05:13.490000,MQ,LAM,14.81292,-61.16314,1240.0,1371.0,1399.0,1371,100.0,ZNE,train,manuel,"bucket0$31,:3,:6001",
38,"bucket2$4,:3,:6001",2014-03-16T03:04:36.529900,MQ,BAM,14.8171,-61.1445,670.0,5107.0,,5107,100.0,ZNE,test,manuel,"bucket2$4,:3,:6001",
39,"bucket0$32,:3,:6001",2014-03-16T03:05:19.309900,MQ,MLM,14.7846,-61.1786,370.0,829.0,,829,100.0,ZNE,train,manuel,"bucket0$32,:3,:6001",
40,"bucket0$33,:3,:6001",2014-03-16T03:05:01.740000,WI,SAM,14.84108,-61.1638,485.0,2607.0,2705.0,2607,100.0,ZNE,train,manuel,"bucket0$33,:3,:6001",
41,"bucket1$2,:3,:6001",2014-03-16T03:04:49.080000,MQ,IA2,14.80307,-61.20515,289.0,3877.0,3973.0,3877,100.0,ZNE,dev,manuel,"bucket1$2,:3,:6001",
42,"bucket0$34,:3,:6001",2014-03-16T03:05:03.339900,MQ,CPM,14.8168,-61.2074,242.0,2461.0,,2461,100.0,ZNE,train,manuel,"bucket0$34,:3,:6001",
43,"bucket0$35,:3,:6001",2014-03-16T03:18:22.370000,MQ,LAM,14.81292,-61.16314,1240.0,3575.0,3655.0,3575,100.0,ZNE,train,manuel,"bucket0$35,:3,:6001",
44,"bucket0$36,:3,:6001",2014-03-16T03:18:34.179900,MQ,GBM,14.799451,-61.159276,800.0,2436.0,,2436,100.0,ZNE,train,manuel,"bucket0$36,:3,:6001",
45,"bucket0$37,:3,:6001",2014-03-16T03:18:53.100000,MQ,IA2,14.80307,-61.20515,289.0,562.0,694.0,562,100.0,ZNE,train,manuel,"bucket0$37,:3,:6001",
46,"bucket0$38,:3,:6001",2014-03-16T03:18:30.729900,MQ,BAM,14.8171,-61.1445,670.0,2818.0,,2818,100.0,ZNE,train,manuel,"bucket0$38,:3,:6001",
47,"bucket0$39,:3,:6001",2014-03-16T03:18:25.079900,MQ,MLM,14.7846,-61.1786,370.0,3392.0,,3392,100.0,ZNE,train,manuel,"bucket0$39,:3,:6001",
48,"bucket0$40,:3,:6001",2014-03-16T03:18:37.200000,WI,SAM,14.84108,-61.1638,485.0,2211.0,2296.0,2211,100.0,ZNE,train,manuel,"bucket0$40,:3,:6001",
49,"bucket0$41,:3,:6001",2014-03-16T04:28:25.820000,MQ,LAM,14.81292,-61.16314,1240.0,923.0,985.0,923,100.0,ZNE,train,manuel,"bucket0$41,:3,:6001",
50,"bucket0$42,:3,:6001",2014-03-16T04:28:15.999900,MQ,GBM,14.799451,-61.159276,800.0,1932.0,,1932,100.0,ZNE,train,manuel,"bucket0$42,:3,:6001",
51,"bucket0$43,:3,:6001",2014-03-16T04:27:58.460000,MQ,IA2,14.80307,-61.20515,289.0,3703.0,3807.0,3703,100.0,ZNE,train,manuel,"bucket0$43,:3,:6001",
52,"bucket1$3,:3,:6001",2014-03-16T04:27:44.909900,MQ,BAM,14.8171,-61.1445,670.0,5094.0,,5094,100.0,ZNE,dev,manuel,"bucket1$3,:3,:6001",
53,"bucket0$44,:3,:6001",2014-03-16T04:28:21.109900,MQ,MLM,14.7846,-61.1786,370.0,1541.0,,1541,100.0,ZNE,train,manuel,"bucket0$44,:3,:6001",
54,"bucket2$5,:3,:6001",2014-03-16T04:28:54.200000,MQ,LAM,14.81292,-61.16314,1240.0,1332.0,1420.0,1332,100.0,ZNE,test,manuel,"bucket2$5,:3,:6001",
55,"bucket0$45,:3,:6001",2014-03-16T04:29:00.389900,MQ,GBM,14.799451,-61.159276,800.0,768.0,,768,100.0,ZNE,train,manuel,"bucket0$45,:3,:6001",
56,"bucket2$6,:3,:6001",2014-03-16T04:28:48.940000,MQ,IA2,14.80307,-61.20515,289.0,1928.0,2079.0,1928,100.0,ZNE,test,manuel,"bucket2$6,:3,:6001",
57,"bucket0$46,:3,:6001",2014-03-16T04:28:53.899900,MQ,BAM,14.8171,-61.1445,670.0,1464.0,,1464,100.0,ZNE,train,manuel,"bucket0$46,:3,:6001",
58,"bucket0$47,:3,:6001",2014-03-16T04:28:23.730000,WI,SAM,14.84108,-61.1638,485.0,4549.0,4606.0,4549,100.0,ZNE,train,manuel,"bucket0$47,:3,:6001",
59,"bucket0$48,:3,:6001",2014-04-02T08:53:26.729900,MQ,GBM,14.799451,-61.159276,800.0,4665.0,,4665,100.0,ZNE,train,manuel,"bucket0$48,:3,:6001",
60,"bucket2$7,:3,:6001",2014-04-02T08:54:03.730000,MQ,LAM,14.81292,-61.16314,1240.0,974.0,1041.0,974,100.0,ZNE,test,manuel,"bucket2$7,:3,:6001",
61,"bucket0$49,:3,:6001",2014-04-02T08:53:58.229900,MQ,BAM,14.8171,-61.1445,670.0,1553.0,,1553,100.0,ZNE,train,manuel,"bucket0$49,:3,:6001",
62,"bucket1$4,:3,:6001",2014-04-02T08:53:31.150000,MQ,IA2,14.80307,-61.20515,289.0,4318.0,4384.0,4318,100.0,ZNE,dev,manuel,"bucket1$4,:3,:6001",
63,"bucket1$5,:3,:6001",2014-04-02T18:32:45.120000,MQ,LAM,14.81292,-61.16314,1240.0,2670.0,2730.0,2670,100.0,ZNE,dev,manuel,"bucket1$5,:3,:6001",
64,"bucket0$50,:3,:6001",2014-04-02T18:32:18.209900,MQ,GBM,14.799451,-61.159276,800.0,5398.0,,5398,100.0,ZNE,train,manuel,"bucket0$50,:3,:6001",
65,"bucket0$51,:3,:6001",2014-04-02T18:32:21.080000,MQ,IA2,14.80307,-61.20515,289.0,,5245.0,5245,100.0,ZNE,train,manuel,"bucket0$51,:3,:6001",
66,"bucket0$52,:3,:6001",2014-04-13T19:44:15.960000,MQ,LAM,14.81292,-61.16314,1240.0,731.0,783.0,731,100.0,ZNE,train,manuel,"bucket0$52,:3,:6001",
67,"bucket0$53,:3,:6001",2014-04-13T19:43:31.259900,MQ,BAM,14.8171,-61.1445,670.0,5233.0,,5233,100.0,ZNE,train,manuel,"bucket0$53,:3,:6001",
68,"bucket1$6,:3,:6001",2014-04-13T19:44:13.279900,MQ,GBM,14.799451,-61.159276,800.0,1038.0,,1038,100.0,ZNE,dev,manuel,"bucket1$6,:3,:6001",
69,"bucket0$54,:3,:6001",2014-04-13T19:43:47.700000,MQ,IA2,14.80307,-61.20515,289.0,3612.0,3715.0,3612,100.0,ZNE,train,manuel,"bucket0$54,:3,:6001",
70,"bucket0$55,:3,:6001",2014-04-13T20:21:31.500000,MQ,LAM,14.81292,-61.16314,1240.0,1573.0,1686.0,1573,100.0,ZNE,train,manuel,"bucket0$55,:3,:6001",
71,"bucket0$56,:3,:6001",2014-04-13T20:21:06.729900,MQ,GBM,14.799451,-61.159276,800.0,4054.0,,4054,100.0,ZNE,train,manuel,"bucket0$56,:3,:6001",
72,"bucket0$57,:3,:6001",2014-04-13T20:21:38.460000,MQ,IA2,14.80307,-61.20515,289.0,901.0,999.0,901,100.0,ZNE,train,manuel,"bucket0$57,:3,:6001",
73,"bucket2$8,:3,:6001",2014-04-13T20:21:33.009900,MQ,BAM,14.8171,-61.1445,670.0,1467.0,,1467,100.0,ZNE,test,manuel,"bucket2$8,:3,:6001",
74,"bucket0$58,:3,:6001",2014-04-25T12:09:16.220000,MQ,LAM,14.81292,-61.16314,1240.0,3639.0,3820.0,3639,100.0,ZNE,train,manuel,"bucket0$58,:3,:6001",
75,"bucket0$59,:3,:6001",2014-04-25T12:09:18.299900,MQ,GBM,14.799451,-61.159276,800.0,3471.0,,3471,100.0,ZNE,train,manuel,"bucket0$59,:3,:6001",
76,"bucket0$60,:3,:6001",2014-04-25T12:09:14.700000,MQ,IA2,14.80307,-61.20515,289.0,3890.0,4119.0,3890,100.0,ZNE,train,manuel,"bucket0$60,:3,:6001",
77,"bucket1$7,:3,:6001",2014-05-02T13:53:48.360000,MQ,LAM,14.81292,-61.16314,1240.0,2345.0,2408.0,2345,100.0,ZNE,dev,manuel,"bucket1$7,:3,:6001",
78,"bucket1$8,:3,:6001",2014-05-02T13:53:28.729900,MQ,GBM,14.799451,-61.159276,800.0,4315.0,,4315,100.0,ZNE,dev,manuel,"bucket1$8,:3,:6001",
79,"bucket2$9,:3,:6001",2014-05-02T13:53:46.470000,MQ,IA2,14.80307,-61.20515,289.0,2587.0,2689.0,2587,100.0,ZNE,test,manuel,"bucket2$9,:3,:6001",
80,"bucket1$9,:3,:6001",2014-05-02T19:13:26.700000,MQ,LAM,14.81292,-61.16314,1240.0,901.0,963.0,901,100.0,ZNE,dev,manuel,"bucket1$9,:3,:6001",
81,"bucket0$61,:3,:6001",2014-05-02T19:13:18.129900,MQ,GBM,14.799451,-61.159276,800.0,1803.0,,1803,100.0,ZNE,train,manuel,"bucket0$61,:3,:6001",
82,"bucket1$10,:3,:6001",2014-05-02T19:12:46.820000,MQ,IA2,14.80307,-61.20515,289.0,4963.0,5031.0,4963,100.0,ZNE,dev,manuel,"bucket1$10,:3,:6001",
83,"bucket0$62,:3,:6001",2014-05-02T19:12:46.379900,MQ,BAM,14.8171,-61.1445,670.0,5009.0,,5009,100.0,ZNE,train,manuel,"bucket0$62,:3,:6001",
84,"bucket0$63,:3,:6001",2014-05-02T19:13:21.909900,MQ,MLM,14.7846,-61.1786,370.0,1467.0,,1467,100.0,ZNE,train,manuel,"bucket0$63,:3,:6001",
85,"bucket2$10,:3,:6001",2014-05-05T15:03:30.020000,MQ,LAM,14.81292,-61.16314,1240.0,2876.0,2937.0,2876,100.0,ZNE,test,manuel,"bucket2$10,:3,:6001",
86,"bucket1$11,:3,:6001",2014-05-05T15:03:20.439900,MQ,GBM,14.799451,-61.159276,800.0,3838.0,,3838,100.0,ZNE,dev,manuel,"bucket1$11,:3,:6001",
87,"bucket0$64,:3,:6001",2014-05-05T15:03:45.249900,MQ,BAM,14.8171,-61.1445,670.0,1394.0,,1394,100.0,ZNE,train,manuel,"bucket0$64,:3,:6001",
88,"bucket2$11,:3,:6001",2014-05-05T15:03:14.180000,MQ,IA2,14.80307,-61.20515,289.0,4517.0,4617.0,4517,100.0,ZNE,test,manuel,"bucket2$11,:3,:6001",
89,"bucket0$65,:3,:6001",2014-05-05T15:03:31.949900,MQ,CPM,14.8168,-61.2074,242.0,2760.0,,2760,100.0,ZNE,train,manuel,"bucket0$65,:3,:6001",
90,"bucket1$12,:3,:6001",2014-05-05T15:03:40.660000,WI,SAM,14.84108,-61.1638,485.0,,1979.0,1979,100.0,ZNE,dev,manuel,"bucket1$12,:3,:6001",
91,"bucket0$66,:3,:6001",2014-05-06T00:02:26.460000,MQ,LAM,14.81292,-61.16314,1240.0,4901.0,4965.0,4901,100.0,ZNE,train,manuel,"bucket0$66,:3,:6001",
92,"bucket0$67,:3,:6001",2014-05-06T00:02:37.869900,MQ,GBM,14.799451,-61.159276,800.0,3762.0,,3762,100.0,ZNE,train,manuel,"bucket0$67,:3,:6001",
93,"bucket0$68,:3,:6001",2014-05-06T00:03:06.109900,MQ,BAM,14.8171,-61.1445,670.0,968.0,,968,100.0,ZNE,train,manuel,"bucket0$68,:3,:6001",
94,"bucket2$12,:3,:6001",2014-05-06T00:02:32.689900,MQ,CPM,14.8168,-61.2074,242.0,4319.0,,4319,100.0,ZNE,test,manuel,"bucket2$12,:3,:6001",
95,"bucket0$69,:3,:6001",2014-05-06T00:02:45.049900,MQ,MLM,14.7846,-61.1786,370.0,3085.0,,3085,100.0,ZNE,train,manuel,"bucket0$69,:3,:6001",
96,"bucket0$70,:3,:6001",2014-05-06T00:03:10.350000,MQ,IA2,14.80307,-61.20515,289.0,565.0,659.0,565,100.0,ZNE,train,manuel,"bucket0$70,:3,:6001",
97,"bucket0$71,:3,:6001",2014-05-06T00:02:51.690000,WI,SAM,14.84108,-61.1638,485.0,2495.0,2534.0,2495,100.0,ZNE,train,manuel,"bucket0$71,:3,:6001",
98,"bucket2$13,:3,:6001",2014-05-06T12:13:02.379900,MQ,GBM,14.799451,-61.159276,800.0,3149.0,,3149,100.0,ZNE,test,manuel,"bucket2$13,:3,:6001",
99,"bucket0$72,:3,:6001",2014-05-06T12:12:43.740000,MQ,LAM,14.81292,-61.16314,1240.0,5037.0,5106.0,5037,100.0,ZNE,train,manuel,"bucket0$72,:3,:6001",
100,"bucket0$73,:3,:6001",2014-05-06T12:13:05.139900,MQ,BAM,14.8171,-61.1445,670.0,2932.0,,2932,100.0,ZNE,train,manuel,"bucket0$73,:3,:6001",
101,"bucket0$74,:3,:6001",2014-05-06T21:01:11.929900,MQ,GBM,14.799451,-61.159276,800.0,3769.0,,3769,100.0,ZNE,train,manuel,"bucket0$74,:3,:6001",
102,"bucket0$75,:3,:6001",2014-05-06T21:01:44.220000,MQ,LAM,14.81292,-61.16314,1240.0,548.0,627.0,548,100.0,ZNE,train,manuel,"bucket0$75,:3,:6001",
103,"bucket0$76,:3,:6001",2014-05-06T21:00:57.939900,MQ,BAM,14.8171,-61.1445,670.0,5206.0,,5206,100.0,ZNE,train,manuel,"bucket0$76,:3,:6001",
104,"bucket1$13,:3,:6001",2014-05-06T21:01:34.290000,MQ,IA2,14.80307,-61.20515,289.0,1593.0,1693.0,1593,100.0,ZNE,dev,manuel,"bucket1$13,:3,:6001",
105,"bucket1$14,:3,:6001",2014-05-06T21:01:06.370000,WI,SAM,14.84108,-61.1638,485.0,,4460.0,4460,100.0,ZNE,dev,manuel,"bucket1$14,:3,:6001",
106,"bucket1$15,:3,:6001",2014-05-10T05:56:02.839900,MQ,GBM,14.799451,-61.159276,800.0,3128.0,,3128,100.0,ZNE,dev,manuel,"bucket1$15,:3,:6001",
107,"bucket0$77,:3,:6001",2014-05-10T05:56:22.540000,MQ,LAM,14.81292,-61.16314,1240.0,1164.0,1216.0,1164,100.0,ZNE,train,manuel,"bucket0$77,:3,:6001",
108,"bucket0$78,:3,:6001",2014-05-10T05:55:55.739900,MQ,BAM,14.8171,-61.1445,670.0,3881.0,,3881,100.0,ZNE,train,manuel,"bucket0$78,:3,:6001",
109,"bucket0$79,:3,:6001",2014-05-13T01:29:31.720000,MQ,IA2,14.80307,-61.20515,289.0,4175.0,4246.0,4175,100.0,ZNE,train,manuel,"bucket0$79,:3,:6001",
110,"bucket0$80,:3,:6001",2014-05-13T01:29:33.810000,MQ,LAM,14.81292,-61.16314,1240.0,3979.0,4015.0,3979,100.0,ZNE,train,manuel,"bucket0$80,:3,:6001",
111,"bucket0$81,:3,:6001",2014-05-13T01:29:19.949900,MQ,GBM,14.799451,-61.159276,800.0,5369.0,,5369,100.0,ZNE,train,manuel,"bucket0$81,:3,:6001",
112,"bucket1$16,:3,:6001",2014-05-13T01:30:06.519900,MQ,BAM,14.8171,-61.1445,670.0,741.0,,741,100.0,ZNE,dev,manuel,"bucket1$16,:3,:6001",
113,"bucket0$82,:3,:6001",2014-05-17T00:56:50.759900,MQ,GBM,14.799451,-61.159276,800.0,3102.0,,3102,100.0,ZNE,train,manuel,"bucket0$82,:3,:6001",
114,"bucket0$83,:3,:6001",2014-05-17T00:57:08.090000,MQ,LAM,14.81292,-61.16314,1240.0,1373.0,1531.0,1373,100.0,ZNE,train,manuel,"bucket0$83,:3,:6001",
115,"bucket0$84,:3,:6001",2014-05-17T00:56:33.139900,MQ,BAM,14.8171,-61.1445,670.0,4870.0,,4870,100.0,ZNE,train,manuel,"bucket0$84,:3,:6001",
116,"bucket0$85,:3,:6001",2014-05-24T23:39:40.579900,MQ,GBM,14.799451,-61.159276,800.0,3343.0,,3343,100.0,ZNE,train,manuel,"bucket0$85,:3,:6001",
117,"bucket0$86,:3,:6001",2014-05-24T23:39:42.800000,MQ,LAM,14.81292,-61.16314,1240.0,3125.0,3166.0,3125,100.0,ZNE,train,manuel,"bucket0$86,:3,:6001",
118,"bucket0$87,:3,:6001",2014-05-24T23:39:32.069900,MQ,BAM,14.8171,-61.1445,670.0,4233.0,,4233,100.0,ZNE,train,manuel,"bucket0$87,:3,:6001",
119,"bucket0$88,:3,:6001",2014-05-24T23:39:34.600000,MQ,IA2,14.80307,-61.20515,289.0,4007.0,4024.0,4007,100.0,ZNE,train,manuel,"bucket0$88,:3,:6001",
120,"bucket0$89,:3,:6001",2014-05-24T23:39:28.110000,WI,SAM,14.84108,-61.1638,485.0,4687.0,4701.0,4687,100.0,ZNE,train,manuel,"bucket0$89,:3,:6001",
121,"bucket0$90,:3,:6001",2014-05-24T23:40:06.249900,MQ,MLM,14.7846,-61.1786,370.0,877.0,,877,100.0,ZNE,train,manuel,"bucket0$90,:3,:6001",
0,"bucket0$91,:3,:6001",,MQ,IA2,14.80307,-61.20515,289.0,,,3000,100.0,ZNE,train,noise,"bucket0$0,:3,:6001",
1,"bucket0$92,:3,:6001",,MQ,IA2,14.80307,-61.20515,289.0,,,3000,100.0,ZNE,train,noise,"bucket0$1,:3,:6001",
2,"bucket0$93,:3,:6001",,MQ,IA2,14.80307,-61.20515,289.0,,,3000,100.0,ZNE,train,noise,"bucket0$2,:3,:6001",
3,"bucket0$94,:3,:6001",,MQ,IA2,14.80307,-61.20515,289.0,,,3000,100.0,ZNE,train,noise,"bucket0$3,:3,:6001",
4,"bucket0$95,:3,:6001",,MQ,IA2,14.80307,-61.20515,289.0,,,3000,100.0,ZNE,train,noise,"bucket0$4,:3,:6001",
5,"bucket0$96,:3,:6001",,MQ,IA2,14.80307,-61.20515,289.0,,,3000,100.0,ZNE,train,noise,"bucket0$5,:3,:6001",
6,"bucket1$17,:3,:6001",,MQ,IA2,14.80307,-61.20515,289.0,,,3000,100.0,ZNE,dev,noise,"bucket1$0,:3,:6001",
7,"bucket0$97,:3,:6001",,MQ,IA2,14.80307,-61.20515,289.0,,,3000,100.0,ZNE,train,noise,"bucket0$6,:3,:6001",
8,"bucket0$98,:3,:6001",,MQ,IA2,14.80307,-61.20515,289.0,,,3000,100.0,ZNE,train,noise,"bucket0$7,:3,:6001",
9,"bucket0$99,:3,:6001",,MQ,IA2,14.80307,-61.20515,289.0,,,3000,100.0,ZNE,train,noise,"bucket0$8,:3,:6001",
10,"bucket0$100,:3,:6001",,MQ,IA2,14.80307,-61.20515,289.0,,,3000,100.0,ZNE,train,noise,"bucket0$9,:3,:6001",
11,"bucket0$101,:3,:6001",,MQ,IA2,14.80307,-61.20515,289.0,,,3000,100.0,ZNE,train,noise,"bucket0$10,:3,:6001",
12,"bucket0$102,:3,:6001",,MQ,IA2,14.80307,-61.20515,289.0,,,3000,100.0,ZNE,train,noise,"bucket0$11,:3,:6001",
13,"bucket0$103,:3,:6001",,MQ,IA2,14.80307,-61.20515,289.0,,,3000,100.0,ZNE,train,noise,"bucket0$12,:3,:6001",
14,"bucket1$18,:3,:6001",,MQ,IA2,14.80307,-61.20515,289.0,,,3000,100.0,ZNE,dev,noise,"bucket1$1,:3,:6001",
15,"bucket0$104,:3,:6001",,MQ,IA2,14.80307,-61.20515,289.0,,,3000,100.0,ZNE,train,noise,"bucket0$13,:3,:6001",
16,"bucket0$105,:3,:6001",,MQ,IA2,14.80307,-61.20515,289.0,,,3000,100.0,ZNE,train,noise,"bucket0$14,:3,:6001",
17,"bucket1$19,:3,:6001",,MQ,IA2,14.80307,-61.20515,289.0,,,3000,100.0,ZNE,dev,noise,"bucket1$2,:3,:6001",
18,"bucket0$106,:3,:6001",,MQ,IA2,14.80307,-61.20515,289.0,,,3000,100.0,ZNE,train,noise,"bucket0$15,:3,:6001",
19,"bucket0$107,:3,:6001",,MQ,IA2,14.80307,-61.20515,289.0,,,3000,100.0,ZNE,train,noise,"bucket0$16,:3,:6001",
20,"bucket0$108,:3,:6001",,MQ,IA2,14.80307,-61.20515,289.0,,,3000,100.0,ZNE,train,noise,"bucket0$17,:3,:6001",
21,"bucket0$109,:3,:6001",,MQ,IA2,14.80307,-61.20515,289.0,,,3000,100.0,ZNE,train,noise,"bucket0$18,:3,:6001",
22,"bucket0$110,:3,:6001",,MQ,IA2,14.80307,-61.20515,289.0,,,3000,100.0,ZNE,train,noise,"bucket0$19,:3,:6001",
23,"bucket1$20,:3,:6001",,MQ,IA2,14.80307,-61.20515,289.0,,,3000,100.0,ZNE,dev,noise,"bucket1$3,:3,:6001",
24,"bucket0$111,:3,:6001",,MQ,IA2,14.80307,-61.20515,289.0,,,3000,100.0,ZNE,train,noise,"bucket0$20,:3,:6001",
25,"bucket0$112,:3,:6001",,MQ,IA2,14.80307,-61.20515,289.0,,,3000,100.0,ZNE,train,noise,"bucket0$21,:3,:6001",
26,"bucket0$113,:3,:6001",,MQ,IA2,14.80307,-61.20515,289.0,,,3000,100.0,ZNE,train,noise,"bucket0$22,:3,:6001",
27,"bucket0$114,:3,:6001",,MQ,IA2,14.80307,-61.20515,289.0,,,3000,100.0,ZNE,train,noise,"bucket0$23,:3,:6001",
28,"bucket0$115,:3,:6001",,MQ,IA2,14.80307,-61.20515,289.0,,,3000,100.0,ZNE,train,noise,"bucket0$24,:3,:6001",
29,"bucket0$116,:3,:6001",,MQ,IA2,14.80307,-61.20515,289.0,,,3000,100.0,ZNE,train,noise,"bucket0$25,:3,:6001",
30,"bucket0$117,:3,:6001",,MQ,IA2,14.80307,-61.20515,289.0,,,3000,100.0,ZNE,train,noise,"bucket0$26,:3,:6001",
31,"bucket1$21,:3,:6001",,MQ,IA2,14.80307,-61.20515,289.0,,,3000,100.0,ZNE,dev,noise,"bucket1$4,:3,:6001",
32,"bucket0$118,:3,:6001",,MQ,IA2,14.80307,-61.20515,289.0,,,3000,100.0,ZNE,train,noise,"bucket0$27,:3,:6001",
33,"bucket0$119,:3,:6001",,MQ,IA2,14.80307,-61.20515,289.0,,,3000,100.0,ZNE,train,noise,"bucket0$28,:3,:6001",
34,"bucket2$14,:3,:6001",,MQ,IA2,14.80307,-61.20515,289.0,,,3000,100.0,ZNE,test,noise,"bucket2$0,:3,:6001",
35,"bucket0$120,:3,:6001",,MQ,IA2,14.80307,-61.20515,289.0,,,3000,100.0,ZNE,train,noise,"bucket0$29,:3,:6001",
36,"bucket0$121,:3,:6001",,MQ,IA2,14.80307,-61.20515,289.0,,,3000,100.0,ZNE,train,noise,"bucket0$30,:3,:6001",
37,"bucket0$122,:3,:6001",,MQ,IA2,14.80307,-61.20515,289.0,,,3000,100.0,ZNE,train,noise,"bucket0$31,:3,:6001",
38,"bucket0$123,:3,:6001",,MQ,IA2,14.80307,-61.20515,289.0,,,3000,100.0,ZNE,train,noise,"bucket0$32,:3,:6001",
39,"bucket0$124,:3,:6001",,MQ,IA2,14.80307,-61.20515,289.0,,,3000,100.0,ZNE,train,noise,"bucket0$33,:3,:6001",
40,"bucket0$125,:3,:6001",,MQ,IA2,14.80307,-61.20515,289.0,,,3000,100.0,ZNE,train,noise,"bucket0$34,:3,:6001",
41,"bucket0$126,:3,:6001",,MQ,IA2,14.80307,-61.20515,289.0,,,3000,100.0,ZNE,train,noise,"bucket0$35,:3,:6001",
42,"bucket0$127,:3,:6001",,MQ,IA2,14.80307,-61.20515,289.0,,,3000,100.0,ZNE,train,noise,"bucket0$36,:3,:6001",
43,"bucket0$128,:3,:6001",,MQ,IA2,14.80307,-61.20515,289.0,,,3000,100.0,ZNE,train,noise,"bucket0$37,:3,:6001",
44,"bucket0$129,:3,:6001",,MQ,IA2,14.80307,-61.20515,289.0,,,3000,100.0,ZNE,train,noise,"bucket0$38,:3,:6001",
45,"bucket0$130,:3,:6001",,MQ,IA2,14.80307,-61.20515,289.0,,,3000,100.0,ZNE,train,noise,"bucket0$39,:3,:6001",
46,"bucket1$22,:3,:6001",,MQ,IA2,14.80307,-61.20515,289.0,,,3000,100.0,ZNE,dev,noise,"bucket1$5,:3,:6001",
47,"bucket2$15,:3,:6001",,MQ,IA2,14.80307,-61.20515,289.0,,,3000,100.0,ZNE,test,noise,"bucket2$1,:3,:6001",
48,"bucket0$131,:3,:6001",,MQ,IA2,14.80307,-61.20515,289.0,,,3000,100.0,ZNE,train,noise,"bucket0$40,:3,:6001",
49,"bucket0$132,:3,:6001",,MQ,IA2,14.80307,-61.20515,289.0,,,3000,100.0,ZNE,train,noise,"bucket0$41,:3,:6001",
50,"bucket1$23,:3,:6001",,MQ,IA2,14.80307,-61.20515,289.0,,,3000,100.0,ZNE,dev,noise,"bucket1$6,:3,:6001",
51,"bucket0$133,:3,:6001",,MQ,IA2,14.80307,-61.20515,289.0,,,3000,100.0,ZNE,train,noise,"bucket0$42,:3,:6001",
52,"bucket0$134,:3,:6001",,MQ,IA2,14.80307,-61.20515,289.0,,,3000,100.0,ZNE,train,noise,"bucket0$43,:3,:6001",
53,"bucket0$135,:3,:6001",,MQ,IA2,14.80307,-61.20515,289.0,,,3000,100.0,ZNE,train,noise,"bucket0$44,:3,:6001",
54,"bucket0$136,:3,:6001",,MQ,IA2,14.80307,-61.20515,289.0,,,3000,100.0,ZNE,train,noise,"bucket0$45,:3,:6001",
55,"bucket0$137,:3,:6001",,MQ,IA2,14.80307,-61.20515,289.0,,,3000,100.0,ZNE,train,noise,"bucket0$46,:3,:6001",
56,"bucket0$138,:3,:6001",,MQ,IA2,14.80307,-61.20515,289.0,,,3000,100.0,ZNE,train,noise,"bucket0$47,:3,:6001",
57,"bucket0$139,:3,:6001",,MQ,IA2,14.80307,-61.20515,289.0,,,3000,100.0,ZNE,train,noise,"bucket0$48,:3,:6001",
58,"bucket0$140,:3,:6001",,MQ,IA2,14.80307,-61.20515,289.0,,,3000,100.0,ZNE,train,noise,"bucket0$49,:3,:6001",
59,"bucket0$141,:3,:6001",,MQ,IA2,14.80307,-61.20515,289.0,,,3000,100.0,ZNE,train,noise,"bucket0$50,:3,:6001",
60,"bucket0$142,:3,:6001",,MQ,IA2,14.80307,-61.20515,289.0,,,3000,100.0,ZNE,train,noise,"bucket0$51,:3,:6001",
61,"bucket0$143,:3,:6001",,MQ,IA2,14.80307,-61.20515,289.0,,,3000,100.0,ZNE,train,noise,"bucket0$52,:3,:6001",
62,"bucket0$144,:3,:6001",,MQ,IA2,14.80307,-61.20515,289.0,,,3000,100.0,ZNE,train,noise,"bucket0$53,:3,:6001",
63,"bucket0$145,:3,:6001",,MQ,IA2,14.80307,-61.20515,289.0,,,3000,100.0,ZNE,train,noise,"bucket0$54,:3,:6001",
64,"bucket0$146,:3,:6001",,MQ,IA2,14.80307,-61.20515,289.0,,,3000,100.0,ZNE,train,noise,"bucket0$55,:3,:6001",
65,"bucket1$24,:3,:6001",,MQ,IA2,14.80307,-61.20515,289.0,,,3000,100.0,ZNE,dev,noise,"bucket1$7,:3,:6001",
66,"bucket0$147,:3,:6001",,MQ,IA2,14.80307,-61.20515,289.0,,,3000,100.0,ZNE,train,noise,"bucket0$56,:3,:6001",
67,"bucket0$148,:3,:6001",,MQ,IA2,14.80307,-61.20515,289.0,,,3000,100.0,ZNE,train,noise,"bucket0$57,:3,:6001",
68,"bucket0$149,:3,:6001",,MQ,IA2,14.80307,-61.20515,289.0,,,3000,100.0,ZNE,train,noise,"bucket0$58,:3,:6001",
69,"bucket0$150,:3,:6001",,MQ,IA2,14.80307,-61.20515,289.0,,,3000,100.0,ZNE,train,noise,"bucket0$59,:3,:6001",
70,"bucket2$16,:3,:6001",,MQ,IA2,14.80307,-61.20515,289.0,,,3000,100.0,ZNE,test,noise,"bucket2$2,:3,:6001",
71,"bucket0$151,:3,:6001",,MQ,IA2,14.80307,-61.20515,289.0,,,3000,100.0,ZNE,train,noise,"bucket0$60,:3,:6001",
72,"bucket0$152,:3,:6001",,MQ,IA2,14.80307,-61.20515,289.0,,,3000,100.0,ZNE,train,noise,"bucket0$61,:3,:6001",
73,"bucket0$153,:3,:6001",,MQ,IA2,14.80307,-61.20515,289.0,,,3000,100.0,ZNE,train,noise,"bucket0$62,:3,:6001",
74,"bucket2$17,:3,:6001",,MQ,IA2,14.80307,-61.20515,289.0,,,3000,100.0,ZNE,test,noise,"bucket2$3,:3,:6001",
75,"bucket0$154,:3,:6001",,MQ,IA2,14.80307,-61.20515,289.0,,,3000,100.0,ZNE,train,noise,"bucket0$63,:3,:6001",
76,"bucket0$155,:3,:6001",,MQ,IA2,14.80307,-61.20515,289.0,,,3000,100.0,ZNE,train,noise,"bucket0$64,:3,:6001",
77,"bucket0$156,:3,:6001",,MQ,IA2,14.80307,-61.20515,289.0,,,3000,100.0,ZNE,train,noise,"bucket0$65,:3,:6001",
78,"bucket1$25,:3,:6001",,MQ,IA2,14.80307,-61.20515,289.0,,,3000,100.0,ZNE,dev,noise,"bucket1$8,:3,:6001",
79,"bucket0$157,:3,:6001",,MQ,IA2,14.80307,-61.20515,289.0,,,3000,100.0,ZNE,train,noise,"bucket0$66,:3,:6001",
80,"bucket0$158,:3,:6001",,MQ,IA2,14.80307,-61.20515,289.0,,,3000,100.0,ZNE,train,noise,"bucket0$67,:3,:6001",
81,"bucket2$18,:3,:6001",,MQ,IA2,14.80307,-61.20515,289.0,,,3000,100.0,ZNE,test,noise,"bucket2$4,:3,:6001",
82,"bucket0$159,:3,:6001",,MQ,IA2,14.80307,-61.20515,289.0,,,3000,100.0,ZNE,train,noise,"bucket0$68,:3,:6001",
83,"bucket0$160,:3,:6001",,MQ,IA2,14.80307,-61.20515,289.0,,,3000,100.0,ZNE,train,noise,"bucket0$69,:3,:6001",
84,"bucket0$161,:3,:6001",,MQ,IA2,14.80307,-61.20515,289.0,,,3000,100.0,ZNE,train,noise,"bucket0$70,:3,:6001",
85,"bucket0$162,:3,:6001",,MQ,IA2,14.80307,-61.20515,289.0,,,3000,100.0,ZNE,train,noise,"bucket0$71,:3,:6001",
86,"bucket0$163,:3,:6001",,MQ,IA2,14.80307,-61.20515,289.0,,,3000,100.0,ZNE,train,noise,"bucket0$72,:3,:6001",
87,"bucket0$164,:3,:6001",,MQ,IA2,14.80307,-61.20515,289.0,,,3000,100.0,ZNE,train,noise,"bucket0$73,:3,:6001",
88,"bucket0$165,:3,:6001",,MQ,IA2,14.80307,-61.20515,289.0,,,3000,100.0,ZNE,train,noise,"bucket0$74,:3,:6001",
89,"bucket0$166,:3,:6001",,MQ,IA2,14.80307,-61.20515,289.0,,,3000,100.0,ZNE,train,noise,"bucket0$75,:3,:6001",
90,"bucket0$167,:3,:6001",,MQ,IA2,14.80307,-61.20515,289.0,,,3000,100.0,ZNE,train,noise,"bucket0$76,:3,:6001",
91,"bucket0$168,:3,:6001",,MQ,IA2,14.80307,-61.20515,289.0,,,3000,100.0,ZNE,train,noise,"bucket0$77,:3,:6001",
92,"bucket2$19,:3,:6001",,MQ,IA2,14.80307,-61.20515,289.0,,,3000,100.0,ZNE,test,noise,"bucket2$5,:3,:6001",
93,"bucket0$169,:3,:6001",,MQ,IA2,14.80307,-61.20515,289.0,,,3000,100.0,ZNE,train,noise,"bucket0$78,:3,:6001",
94,"bucket0$170,:3,:6001",,MQ,IA2,14.80307,-61.20515,289.0,,,3000,100.0,ZNE,train,noise,"bucket0$79,:3,:6001",
95,"bucket0$171,:3,:6001",,MQ,IA2,14.80307,-61.20515,289.0,,,3000,100.0,ZNE,train,noise,"bucket0$80,:3,:6001",
96,"bucket0$172,:3,:6001",,MQ,IA2,14.80307,-61.20515,289.0,,,3000,100.0,ZNE,train,noise,"bucket0$81,:3,:6001",
97,"bucket1$26,:3,:6001",,MQ,IA2,14.80307,-61.20515,289.0,,,3000,100.0,ZNE,dev,noise,"bucket1$9,:3,:6001",
98,"bucket0$173,:3,:6001",,MQ,IA2,14.80307,-61.20515,289.0,,,3000,100.0,ZNE,train,noise,"bucket0$82,:3,:6001",
99,"bucket0$174,:3,:6001",,MQ,IA2,14.80307,-61.20515,289.0,,,3000,100.0,ZNE,train,noise,"bucket0$83,:3,:6001",
100,"bucket0$175,:3,:6001",,WI,SAM,14.84108,-61.1638,485.0,,,3000,100.0,ZNE,train,noise,"bucket0$84,:3,:6001",
101,"bucket0$176,:3,:6001",,WI,SAM,14.84108,-61.1638,485.0,,,3000,100.0,ZNE,train,noise,"bucket0$85,:3,:6001",
102,"bucket2$20,:3,:6001",,WI,SAM,14.84108,-61.1638,485.0,,,3000,100.0,ZNE,test,noise,"bucket2$6,:3,:6001",
103,"bucket0$177,:3,:6001",,WI,SAM,14.84108,-61.1638,485.0,,,3000,100.0,ZNE,train,noise,"bucket0$86,:3,:6001",
104,"bucket0$178,:3,:6001",,WI,SAM,14.84108,-61.1638,485.0,,,3000,100.0,ZNE,train,noise,"bucket0$87,:3,:6001",
105,"bucket0$179,:3,:6001",,WI,SAM,14.84108,-61.1638,485.0,,,3000,100.0,ZNE,train,noise,"bucket0$88,:3,:6001",
106,"bucket0$180,:3,:6001",,WI,SAM,14.84108,-61.1638,485.0,,,3000,100.0,ZNE,train,noise,"bucket0$89,:3,:6001",
107,"bucket1$27,:3,:6001",,WI,SAM,14.84108,-61.1638,485.0,,,3000,100.0,ZNE,dev,noise,"bucket1$10,:3,:6001",
108,"bucket1$28,:3,:6001",,WI,SAM,14.84108,-61.1638,485.0,,,3000,100.0,ZNE,dev,noise,"bucket1$11,:3,:6001",
109,"bucket0$181,:3,:6001",,WI,SAM,14.84108,-61.1638,485.0,,,3000,100.0,ZNE,train,noise,"bucket0$90,:3,:6001",
110,"bucket0$182,:3,:6001",,WI,SAM,14.84108,-61.1638,485.0,,,3000,100.0,ZNE,train,noise,"bucket0$91,:3,:6001",
111,"bucket0$183,:3,:6001",,WI,SAM,14.84108,-61.1638,485.0,,,3000,100.0,ZNE,train,noise,"bucket0$92,:3,:6001",
112,"bucket0$184,:3,:6001",,WI,SAM,14.84108,-61.1638,485.0,,,3000,100.0,ZNE,train,noise,"bucket0$93,:3,:6001",
113,"bucket0$185,:3,:6001",,WI,SAM,14.84108,-61.1638,485.0,,,3000,100.0,ZNE,train,noise,"bucket0$94,:3,:6001",
114,"bucket0$186,:3,:6001",,WI,SAM,14.84108,-61.1638,485.0,,,3000,100.0,ZNE,train,noise,"bucket0$95,:3,:6001",
115,"bucket0$187,:3,:6001",,WI,SAM,14.84108,-61.1638,485.0,,,3000,100.0,ZNE,train,noise,"bucket0$96,:3,:6001",
116,"bucket0$188,:3,:6001",,WI,SAM,14.84108,-61.1638,485.0,,,3000,100.0,ZNE,train,noise,"bucket0$97,:3,:6001",
117,"bucket0$189,:3,:6001",,WI,SAM,14.84108,-61.1638,485.0,,,3000,100.0,ZNE,train,noise,"bucket0$98,:3,:6001",
118,"bucket2$21,:3,:6001",,WI,SAM,14.84108,-61.1638,485.0,,,3000,100.0,ZNE,test,noise,"bucket2$7,:3,:6001",
119,"bucket0$190,:3,:6001",,WI,SAM,14.84108,-61.1638,485.0,,,3000,100.0,ZNE,train,noise,"bucket0$99,:3,:6001",
120,"bucket0$191,:3,:6001",,WI,SAM,14.84108,-61.1638,485.0,,,3000,100.0,ZNE,train,noise,"bucket0$100,:3,:6001",
121,"bucket1$29,:3,:6001",,WI,SAM,14.84108,-61.1638,485.0,,,3000,100.0,ZNE,dev,noise,"bucket1$12,:3,:6001",
122,"bucket0$192,:3,:6001",,WI,SAM,14.84108,-61.1638,485.0,,,3000,100.0,ZNE,train,noise,"bucket0$101,:3,:6001",
123,"bucket0$193,:3,:6001",,WI,SAM,14.84108,-61.1638,485.0,,,3000,100.0,ZNE,train,noise,"bucket0$102,:3,:6001",
124,"bucket0$194,:3,:6001",,WI,SAM,14.84108,-61.1638,485.0,,,3000,100.0,ZNE,train,noise,"bucket0$103,:3,:6001",
125,"bucket0$195,:3,:6001",,WI,SAM,14.84108,-61.1638,485.0,,,3000,100.0,ZNE,train,noise,"bucket0$104,:3,:6001",
126,"bucket0$196,:3,:6001",,WI,SAM,14.84108,-61.1638,485.0,,,3000,100.0,ZNE,train,noise,"bucket0$105,:3,:6001",
127,"bucket0$197,:3,:6001",,WI,SAM,14.84108,-61.1638,485.0,,,3000,100.0,ZNE,train,noise,"bucket0$106,:3,:6001",
128,"bucket0$198,:3,:6001",,WI,SAM,14.84108,-61.1638,485.0,,,3000,100.0,ZNE,train,noise,"bucket0$107,:3,:6001",
129,"bucket0$199,:3,:6001",,WI,SAM,14.84108,-61.1638,485.0,,,3000,100.0,ZNE,train,noise,"bucket0$108,:3,:6001",
130,"bucket0$200,:3,:6001",,WI,SAM,14.84108,-61.1638,485.0,,,3000,100.0,ZNE,train,noise,"bucket0$109,:3,:6001",
131,"bucket0$201,:3,:6001",,WI,SAM,14.84108,-61.1638,485.0,,,3000,100.0,ZNE,train,noise,"bucket0$110,:3,:6001",
132,"bucket0$202,:3,:6001",,WI,SAM,14.84108,-61.1638,485.0,,,3000,100.0,ZNE,train,noise,"bucket0$111,:3,:6001",
133,"bucket1$30,:3,:6001",,WI,SAM,14.84108,-61.1638,485.0,,,3000,100.0,ZNE,dev,noise,"bucket1$13,:3,:6001",
134,"bucket0$203,:3,:6001",,WI,SAM,14.84108,-61.1638,485.0,,,3000,100.0,ZNE,train,noise,"bucket0$112,:3,:6001",
135,"bucket0$204,:3,:6001",,WI,SAM,14.84108,-61.1638,485.0,,,3000,100.0,ZNE,train,noise,"bucket0$113,:3,:6001",
136,"bucket0$205,:3,:6001",,WI,SAM,14.84108,-61.1638,485.0,,,3000,100.0,ZNE,train,noise,"bucket0$114,:3,:6001",
137,"bucket2$22,:3,:6001",,WI,SAM,14.84108,-61.1638,485.0,,,3000,100.0,ZNE,test,noise,"bucket2$8,:3,:6001",
138,"bucket0$206,:3,:6001",,WI,SAM,14.84108,-61.1638,485.0,,,3000,100.0,ZNE,train,noise,"bucket0$115,:3,:6001",
139,"bucket0$207,:3,:6001",,WI,SAM,14.84108,-61.1638,485.0,,,3000,100.0,ZNE,train,noise,"bucket0$116,:3,:6001",
140,"bucket2$23,:3,:6001",,WI,SAM,14.84108,-61.1638,485.0,,,3000,100.0,ZNE,test,noise,"bucket2$9,:3,:6001",
141,"bucket0$208,:3,:6001",,WI,SAM,14.84108,-61.1638,485.0,,,3000,100.0,ZNE,train,noise,"bucket0$117,:3,:6001",
142,"bucket2$24,:3,:6001",,WI,SAM,14.84108,-61.1638,485.0,,,3000,100.0,ZNE,test,noise,"bucket2$10,:3,:6001",
143,"bucket0$209,:3,:6001",,WI,SAM,14.84108,-61.1638,485.0,,,3000,100.0,ZNE,train,noise,"bucket0$118,:3,:6001",
144,"bucket0$210,:3,:6001",,WI,SAM,14.84108,-61.1638,485.0,,,3000,100.0,ZNE,train,noise,"bucket0$119,:3,:6001",
145,"bucket0$211,:3,:6001",,WI,SAM,14.84108,-61.1638,485.0,,,3000,100.0,ZNE,train,noise,"bucket0$120,:3,:6001",
146,"bucket0$212,:3,:6001",,WI,SAM,14.84108,-61.1638,485.0,,,3000,100.0,ZNE,train,noise,"bucket0$121,:3,:6001",
147,"bucket0$213,:3,:6001",,WI,SAM,14.84108,-61.1638,485.0,,,3000,100.0,ZNE,train,noise,"bucket0$122,:3,:6001",
148,"bucket0$214,:3,:6001",,WI,SAM,14.84108,-61.1638,485.0,,,3000,100.0,ZNE,train,noise,"bucket0$123,:3,:6001",
149,"bucket2$25,:3,:6001",,WI,SAM,14.84108,-61.1638,485.0,,,3000,100.0,ZNE,test,noise,"bucket2$11,:3,:6001",
150,"bucket0$215,:3,:6001",,WI,SAM,14.84108,-61.1638,485.0,,,3000,100.0,ZNE,train,noise,"bucket0$124,:3,:6001",
151,"bucket0$216,:3,:6001",,WI,SAM,14.84108,-61.1638,485.0,,,3000,100.0,ZNE,train,noise,"bucket0$125,:3,:6001",
152,"bucket0$217,:3,:6001",,WI,SAM,14.84108,-61.1638,485.0,,,3000,100.0,ZNE,train,noise,"bucket0$126,:3,:6001",
153,"bucket0$218,:3,:6001",,WI,SAM,14.84108,-61.1638,485.0,,,3000,100.0,ZNE,train,noise,"bucket0$127,:3,:6001",
154,"bucket0$219,:3,:6001",,WI,SAM,14.84108,-61.1638,485.0,,,3000,100.0,ZNE,train,noise,"bucket0$128,:3,:6001",
155,"bucket0$220,:3,:6001",,WI,SAM,14.84108,-61.1638,485.0,,,3000,100.0,ZNE,train,noise,"bucket0$129,:3,:6001",
156,"bucket0$221,:3,:6001",,WI,SAM,14.84108,-61.1638,485.0,,,3000,100.0,ZNE,train,noise,"bucket0$130,:3,:6001",
157,"bucket0$222,:3,:6001",,WI,SAM,14.84108,-61.1638,485.0,,,3000,100.0,ZNE,train,noise,"bucket0$131,:3,:6001",
158,"bucket0$223,:3,:6001",,WI,SAM,14.84108,-61.1638,485.0,,,3000,100.0,ZNE,train,noise,"bucket0$132,:3,:6001",
159,"bucket2$26,:3,:6001",,WI,SAM,14.84108,-61.1638,485.0,,,3000,100.0,ZNE,test,noise,"bucket2$12,:3,:6001",
160,"bucket0$224,:3,:6001",,WI,SAM,14.84108,-61.1638,485.0,,,3000,100.0,ZNE,train,noise,"bucket0$133,:3,:6001",
161,"bucket0$225,:3,:6001",,WI,SAM,14.84108,-61.1638,485.0,,,3000,100.0,ZNE,train,noise,"bucket0$134,:3,:6001",
162,"bucket2$27,:3,:6001",,WI,SAM,14.84108,-61.1638,485.0,,,3000,100.0,ZNE,test,noise,"bucket2$13,:3,:6001",
163,"bucket0$226,:3,:6001",,WI,SAM,14.84108,-61.1638,485.0,,,3000,100.0,ZNE,train,noise,"bucket0$135,:3,:6001",
164,"bucket0$227,:3,:6001",,WI,SAM,14.84108,-61.1638,485.0,,,3000,100.0,ZNE,train,noise,"bucket0$136,:3,:6001",
165,"bucket2$28,:3,:6001",,WI,SAM,14.84108,-61.1638,485.0,,,3000,100.0,ZNE,test,noise,"bucket2$14,:3,:6001",
166,"bucket2$29,:3,:6001",,WI,SAM,14.84108,-61.1638,485.0,,,3000,100.0,ZNE,test,noise,"bucket2$15,:3,:6001",
167,"bucket1$31,:3,:6001",,WI,SAM,14.84108,-61.1638,485.0,,,3000,100.0,ZNE,dev,noise,"bucket1$14,:3,:6001",
168,"bucket0$228,:3,:6001",,WI,SAM,14.84108,-61.1638,485.0,,,3000,100.0,ZNE,train,noise,"bucket0$137,:3,:6001",
169,"bucket0$229,:3,:6001",,WI,SAM,14.84108,-61.1638,485.0,,,3000,100.0,ZNE,train,noise,"bucket0$138,:3,:6001",
170,"bucket1$32,:3,:6001",,WI,SAM,14.84108,-61.1638,485.0,,,3000,100.0,ZNE,dev,noise,"bucket1$15,:3,:6001",
171,"bucket2$30,:3,:6001",,WI,SAM,14.84108,-61.1638,485.0,,,3000,100.0,ZNE,test,noise,"bucket2$16,:3,:6001",
172,"bucket0$230,:3,:6001",,WI,SAM,14.84108,-61.1638,485.0,,,3000,100.0,ZNE,train,noise,"bucket0$139,:3,:6001",
173,"bucket1$33,:3,:6001",,WI,SAM,14.84108,-61.1638,485.0,,,3000,100.0,ZNE,dev,noise,"bucket1$16,:3,:6001",
174,"bucket0$231,:3,:6001",,WI,SAM,14.84108,-61.1638,485.0,,,3000,100.0,ZNE,train,noise,"bucket0$140,:3,:6001",
175,"bucket1$34,:3,:6001",,WI,SAM,14.84108,-61.1638,485.0,,,3000,100.0,ZNE,dev,noise,"bucket1$17,:3,:6001",
176,"bucket1$35,:3,:6001",,WI,SAM,14.84108,-61.1638,485.0,,,3000,100.0,ZNE,dev,noise,"bucket1$18,:3,:6001",
177,"bucket0$232,:3,:6001",,WI,SAM,14.84108,-61.1638,485.0,,,3000,100.0,ZNE,train,noise,"bucket0$141,:3,:6001",
178,"bucket0$233,:3,:6001",,WI,SAM,14.84108,-61.1638,485.0,,,3000,100.0,ZNE,train,noise,"bucket0$142,:3,:6001",
179,"bucket0$234,:3,:6001",,WI,SAM,14.84108,-61.1638,485.0,,,3000,100.0,ZNE,train,noise,"bucket0$143,:3,:6001",
180,"bucket1$36,:3,:6001",,WI,SAM,14.84108,-61.1638,485.0,,,3000,100.0,ZNE,dev,noise,"bucket1$19,:3,:6001",
181,"bucket0$235,:3,:6001",,WI,SAM,14.84108,-61.1638,485.0,,,3000,100.0,ZNE,train,noise,"bucket0$144,:3,:6001",
182,"bucket0$236,:3,:6001",,WI,SAM,14.84108,-61.1638,485.0,,,3000,100.0,ZNE,train,noise,"bucket0$145,:3,:6001",
183,"bucket0$237,:3,:6001",,WI,SAM,14.84108,-61.1638,485.0,,,3000,100.0,ZNE,train,noise,"bucket0$146,:3,:6001",
184,"bucket0$238,:3,:6001",,WI,SAM,14.84108,-61.1638,485.0,,,3000,100.0,ZNE,train,noise,"bucket0$147,:3,:6001",
185,"bucket0$239,:3,:6001",,WI,SAM,14.84108,-61.1638,485.0,,,3000,100.0,ZNE,train,noise,"bucket0$148,:3,:6001",
186,"bucket1$37,:3,:6001",,WI,SAM,14.84108,-61.1638,485.0,,,3000,100.0,ZNE,dev,noise,"bucket1$20,:3,:6001",
187,"bucket0$240,:3,:6001",,WI,SAM,14.84108,-61.1638,485.0,,,3000,100.0,ZNE,train,noise,"bucket0$149,:3,:6001",
188,"bucket0$241,:3,:6001",,WI,SAM,14.84108,-61.1638,485.0,,,3000,100.0,ZNE,train,noise,"bucket0$150,:3,:6001",
189,"bucket0$242,:3,:6001",,WI,SAM,14.84108,-61.1638,485.0,,,3000,100.0,ZNE,train,noise,"bucket0$151,:3,:6001",
190,"bucket0$243,:3,:6001",,WI,SAM,14.84108,-61.1638,485.0,,,3000,100.0,ZNE,train,noise,"bucket0$152,:3,:6001",
191,"bucket0$244,:3,:6001",,WI,SAM,14.84108,-61.1638,485.0,,,3000,100.0,ZNE,train,noise,"bucket0$153,:3,:6001",
192,"bucket0$245,:3,:6001",,WI,SAM,14.84108,-61.1638,485.0,,,3000,100.0,ZNE,train,noise,"bucket0$154,:3,:6001",
193,"bucket0$246,:3,:6001",,WI,SAM,14.84108,-61.1638,485.0,,,3000,100.0,ZNE,train,noise,"bucket0$155,:3,:6001",
194,"bucket1$38,:3,:6001",,WI,SAM,14.84108,-61.1638,485.0,,,3000,100.0,ZNE,dev,noise,"bucket1$21,:3,:6001",
195,"bucket1$39,:3,:6001",,WI,SAM,14.84108,-61.1638,485.0,,,3000,100.0,ZNE,dev,noise,"bucket1$22,:3,:6001",
196,"bucket0$247,:3,:6001",,WI,SAM,14.84108,-61.1638,485.0,,,3000,100.0,ZNE,train,noise,"bucket0$156,:3,:6001",
197,"bucket0$248,:3,:6001",,WI,SAM,14.84108,-61.1638,485.0,,,3000,100.0,ZNE,train,noise,"bucket0$157,:3,:6001",
198,"bucket0$249,:3,:6001",,WI,SAM,14.84108,-61.1638,485.0,,,3000,100.0,ZNE,train,noise,"bucket0$158,:3,:6001",
199,"bucket2$31,:3,:6001",,WI,SAM,14.84108,-61.1638,485.0,,,3000,100.0,ZNE,test,noise,"bucket2$17,:3,:6001",
200,"bucket2$32,:3,:6001",,MQ,MLM,14.7846,-61.1786,370.0,,,3000,100.0,ZNE,test,noise,"bucket2$18,:3,:6001",
201,"bucket0$250,:3,:6001",,MQ,MLM,14.7846,-61.1786,370.0,,,3000,100.0,ZNE,train,noise,"bucket0$159,:3,:6001",
202,"bucket0$251,:3,:6001",,MQ,MLM,14.7846,-61.1786,370.0,,,3000,100.0,ZNE,train,noise,"bucket0$160,:3,:6001",
203,"bucket0$252,:3,:6001",,MQ,MLM,14.7846,-61.1786,370.0,,,3000,100.0,ZNE,train,noise,"bucket0$161,:3,:6001",
204,"bucket0$253,:3,:6001",,MQ,MLM,14.7846,-61.1786,370.0,,,3000,100.0,ZNE,train,noise,"bucket0$162,:3,:6001",
205,"bucket0$254,:3,:6001",,MQ,MLM,14.7846,-61.1786,370.0,,,3000,100.0,ZNE,train,noise,"bucket0$163,:3,:6001",
206,"bucket1$40,:3,:6001",,MQ,MLM,14.7846,-61.1786,370.0,,,3000,100.0,ZNE,dev,noise,"bucket1$23,:3,:6001",
207,"bucket0$255,:3,:6001",,MQ,MLM,14.7846,-61.1786,370.0,,,3000,100.0,ZNE,train,noise,"bucket0$164,:3,:6001",
208,"bucket0$256,:3,:6001",,MQ,MLM,14.7846,-61.1786,370.0,,,3000,100.0,ZNE,train,noise,"bucket0$165,:3,:6001",
209,"bucket0$257,:3,:6001",,MQ,MLM,14.7846,-61.1786,370.0,,,3000,100.0,ZNE,train,noise,"bucket0$166,:3,:6001",
210,"bucket0$258,:3,:6001",,MQ,MLM,14.7846,-61.1786,370.0,,,3000,100.0,ZNE,train,noise,"bucket0$167,:3,:6001",
211,"bucket0$259,:3,:6001",,MQ,MLM,14.7846,-61.1786,370.0,,,3000,100.0,ZNE,train,noise,"bucket0$168,:3,:6001",
212,"bucket0$260,:3,:6001",,MQ,MLM,14.7846,-61.1786,370.0,,,3000,100.0,ZNE,train,noise,"bucket0$169,:3,:6001",
213,"bucket2$33,:3,:6001",,MQ,MLM,14.7846,-61.1786,370.0,,,3000,100.0,ZNE,test,noise,"bucket2$19,:3,:6001",
214,"bucket0$261,:3,:6001",,MQ,MLM,14.7846,-61.1786,370.0,,,3000,100.0,ZNE,train,noise,"bucket0$170,:3,:6001",
215,"bucket0$262,:3,:6001",,MQ,MLM,14.7846,-61.1786,370.0,,,3000,100.0,ZNE,train,noise,"bucket0$171,:3,:6001",
216,"bucket0$263,:3,:6001",,MQ,MLM,14.7846,-61.1786,370.0,,,3000,100.0,ZNE,train,noise,"bucket0$172,:3,:6001",
217,"bucket0$264,:3,:6001",,MQ,MLM,14.7846,-61.1786,370.0,,,3000,100.0,ZNE,train,noise,"bucket0$173,:3,:6001",
218,"bucket0$265,:3,:6001",,MQ,MLM,14.7846,-61.1786,370.0,,,3000,100.0,ZNE,train,noise,"bucket0$174,:3,:6001",
219,"bucket0$266,:3,:6001",,MQ,MLM,14.7846,-61.1786,370.0,,,3000,100.0,ZNE,train,noise,"bucket0$175,:3,:6001",
220,"bucket2$34,:3,:6001",,MQ,MLM,14.7846,-61.1786,370.0,,,3000,100.0,ZNE,test,noise,"bucket2$20,:3,:6001",
221,"bucket0$267,:3,:6001",,MQ,MLM,14.7846,-61.1786,370.0,,,3000,100.0,ZNE,train,noise,"bucket0$176,:3,:6001",
222,"bucket0$268,:3,:6001",,MQ,MLM,14.7846,-61.1786,370.0,,,3000,100.0,ZNE,train,noise,"bucket0$177,:3,:6001",
223,"bucket0$269,:3,:6001",,MQ,MLM,14.7846,-61.1786,370.0,,,3000,100.0,ZNE,train,noise,"bucket0$178,:3,:6001",
224,"bucket1$41,:3,:6001",,MQ,MLM,14.7846,-61.1786,370.0,,,3000,100.0,ZNE,dev,noise,"bucket1$24,:3,:6001",
225,"bucket0$270,:3,:6001",,MQ,MLM,14.7846,-61.1786,370.0,,,3000,100.0,ZNE,train,noise,"bucket0$179,:3,:6001",
226,"bucket0$271,:3,:6001",,MQ,MLM,14.7846,-61.1786,370.0,,,3000,100.0,ZNE,train,noise,"bucket0$180,:3,:6001",
227,"bucket0$272,:3,:6001",,MQ,MLM,14.7846,-61.1786,370.0,,,3000,100.0,ZNE,train,noise,"bucket0$181,:3,:6001",
228,"bucket0$273,:3,:6001",,MQ,MLM,14.7846,-61.1786,370.0,,,3000,100.0,ZNE,train,noise,"bucket0$182,:3,:6001",
229,"bucket0$274,:3,:6001",,MQ,MLM,14.7846,-61.1786,370.0,,,3000,100.0,ZNE,train,noise,"bucket0$183,:3,:6001",
230,"bucket0$275,:3,:6001",,MQ,MLM,14.7846,-61.1786,370.0,,,3000,100.0,ZNE,train,noise,"bucket0$184,:3,:6001",
231,"bucket0$276,:3,:6001",,MQ,MLM,14.7846,-61.1786,370.0,,,3000,100.0,ZNE,train,noise,"bucket0$185,:3,:6001",
232,"bucket0$277,:3,:6001",,MQ,MLM,14.7846,-61.1786,370.0,,,3000,100.0,ZNE,train,noise,"bucket0$186,:3,:6001",
233,"bucket0$278,:3,:6001",,MQ,MLM,14.7846,-61.1786,370.0,,,3000,100.0,ZNE,train,noise,"bucket0$187,:3,:6001",
234,"bucket0$279,:3,:6001",,MQ,MLM,14.7846,-61.1786,370.0,,,3000,100.0,ZNE,train,noise,"bucket0$188,:3,:6001",
235,"bucket0$280,:3,:6001",,MQ,MLM,14.7846,-61.1786,370.0,,,3000,100.0,ZNE,train,noise,"bucket0$189,:3,:6001",
236,"bucket0$281,:3,:6001",,MQ,MLM,14.7846,-61.1786,370.0,,,3000,100.0,ZNE,train,noise,"bucket0$190,:3,:6001",
237,"bucket0$282,:3,:6001",,MQ,MLM,14.7846,-61.1786,370.0,,,3000,100.0,ZNE,train,noise,"bucket0$191,:3,:6001",
238,"bucket0$283,:3,:6001",,MQ,MLM,14.7846,-61.1786,370.0,,,3000,100.0,ZNE,train,noise,"bucket0$192,:3,:6001",
239,"bucket1$42,:3,:6001",,MQ,MLM,14.7846,-61.1786,370.0,,,3000,100.0,ZNE,dev,noise,"bucket1$25,:3,:6001",
240,"bucket0$284,:3,:6001",,MQ,MLM,14.7846,-61.1786,370.0,,,3000,100.0,ZNE,train,noise,"bucket0$193,:3,:6001",
241,"bucket0$285,:3,:6001",,MQ,MLM,14.7846,-61.1786,370.0,,,3000,100.0,ZNE,train,noise,"bucket0$194,:3,:6001",
242,"bucket1$43,:3,:6001",,MQ,MLM,14.7846,-61.1786,370.0,,,3000,100.0,ZNE,dev,noise,"bucket1$26,:3,:6001",
243,"bucket0$286,:3,:6001",,MQ,MLM,14.7846,-61.1786,370.0,,,3000,100.0,ZNE,train,noise,"bucket0$195,:3,:6001",
244,"bucket0$287,:3,:6001",,MQ,MLM,14.7846,-61.1786,370.0,,,3000,100.0,ZNE,train,noise,"bucket0$196,:3,:6001",
245,"bucket0$288,:3,:6001",,MQ,MLM,14.7846,-61.1786,370.0,,,3000,100.0,ZNE,train,noise,"bucket0$197,:3,:6001",
246,"bucket0$289,:3,:6001",,MQ,MLM,14.7846,-61.1786,370.0,,,3000,100.0,ZNE,train,noise,"bucket0$198,:3,:6001",
247,"bucket0$290,:3,:6001",,MQ,MLM,14.7846,-61.1786,370.0,,,3000,100.0,ZNE,train,noise,"bucket0$199,:3,:6001",
248,"bucket0$291,:3,:6001",,MQ,MLM,14.7846,-61.1786,370.0,,,3000,100.0,ZNE,train,noise,"bucket0$200,:3,:6001",
249,"bucket0$292,:3,:6001",,MQ,MLM,14.7846,-61.1786,370.0,,,3000,100.0,ZNE,train,noise,"bucket0$201,:3,:6001",
250,"bucket0$293,:3,:6001",,MQ,MLM,14.7846,-61.1786,370.0,,,3000,100.0,ZNE,train,noise,"bucket0$202,:3,:6001",
251,"bucket0$294,:3,:6001",,MQ,MLM,14.7846,-61.1786,370.0,,,3000,100.0,ZNE,train,noise,"bucket0$203,:3,:6001",
252,"bucket0$295,:3,:6001",,MQ,MLM,14.7846,-61.1786,370.0,,,3000,100.0,ZNE,train,noise,"bucket0$204,:3,:6001",
253,"bucket0$296,:3,:6001",,MQ,MLM,14.7846,-61.1786,370.0,,,3000,100.0,ZNE,train,noise,"bucket0$205,:3,:6001",
254,"bucket0$297,:3,:6001",,MQ,MLM,14.7846,-61.1786,370.0,,,3000,100.0,ZNE,train,noise,"bucket0$206,:3,:6001",
255,"bucket1$44,:3,:6001",,MQ,MLM,14.7846,-61.1786,370.0,,,3000,100.0,ZNE,dev,noise,"bucket1$27,:3,:6001",
256,"bucket0$298,:3,:6001",,MQ,MLM,14.7846,-61.1786,370.0,,,3000,100.0,ZNE,train,noise,"bucket0$207,:3,:6001",
257,"bucket0$299,:3,:6001",,MQ,MLM,14.7846,-61.1786,370.0,,,3000,100.0,ZNE,train,noise,"bucket0$208,:3,:6001",
258,"bucket0$300,:3,:6001",,MQ,MLM,14.7846,-61.1786,370.0,,,3000,100.0,ZNE,train,noise,"bucket0$209,:3,:6001",
259,"bucket1$45,:3,:6001",,MQ,MLM,14.7846,-61.1786,370.0,,,3000,100.0,ZNE,dev,noise,"bucket1$28,:3,:6001",
260,"bucket0$301,:3,:6001",,MQ,MLM,14.7846,-61.1786,370.0,,,3000,100.0,ZNE,train,noise,"bucket0$210,:3,:6001",
261,"bucket2$35,:3,:6001",,MQ,MLM,14.7846,-61.1786,370.0,,,3000,100.0,ZNE,test,noise,"bucket2$21,:3,:6001",
262,"bucket0$302,:3,:6001",,MQ,MLM,14.7846,-61.1786,370.0,,,3000,100.0,ZNE,train,noise,"bucket0$211,:3,:6001",
263,"bucket0$303,:3,:6001",,MQ,MLM,14.7846,-61.1786,370.0,,,3000,100.0,ZNE,train,noise,"bucket0$212,:3,:6001",
264,"bucket0$304,:3,:6001",,MQ,MLM,14.7846,-61.1786,370.0,,,3000,100.0,ZNE,train,noise,"bucket0$213,:3,:6001",
265,"bucket2$36,:3,:6001",,MQ,MLM,14.7846,-61.1786,370.0,,,3000,100.0,ZNE,test,noise,"bucket2$22,:3,:6001",
266,"bucket0$305,:3,:6001",,MQ,MLM,14.7846,-61.1786,370.0,,,3000,100.0,ZNE,train,noise,"bucket0$214,:3,:6001",
267,"bucket1$46,:3,:6001",,MQ,MLM,14.7846,-61.1786,370.0,,,3000,100.0,ZNE,dev,noise,"bucket1$29,:3,:6001",
268,"bucket1$47,:3,:6001",,MQ,MLM,14.7846,-61.1786,370.0,,,3000,100.0,ZNE,dev,noise,"bucket1$30,:3,:6001",
269,"bucket0$306,:3,:6001",,MQ,MLM,14.7846,-61.1786,370.0,,,3000,100.0,ZNE,train,noise,"bucket0$215,:3,:6001",
270,"bucket0$307,:3,:6001",,MQ,MLM,14.7846,-61.1786,370.0,,,3000,100.0,ZNE,train,noise,"bucket0$216,:3,:6001",
271,"bucket0$308,:3,:6001",,MQ,MLM,14.7846,-61.1786,370.0,,,3000,100.0,ZNE,train,noise,"bucket0$217,:3,:6001",
272,"bucket0$309,:3,:6001",,MQ,MLM,14.7846,-61.1786,370.0,,,3000,100.0,ZNE,train,noise,"bucket0$218,:3,:6001",
273,"bucket1$48,:3,:6001",,MQ,MLM,14.7846,-61.1786,370.0,,,3000,100.0,ZNE,dev,noise,"bucket1$31,:3,:6001",
274,"bucket0$310,:3,:6001",,MQ,MLM,14.7846,-61.1786,370.0,,,3000,100.0,ZNE,train,noise,"bucket0$219,:3,:6001",
275,"bucket0$311,:3,:6001",,MQ,MLM,14.7846,-61.1786,370.0,,,3000,100.0,ZNE,train,noise,"bucket0$220,:3,:6001",
276,"bucket0$312,:3,:6001",,MQ,MLM,14.7846,-61.1786,370.0,,,3000,100.0,ZNE,train,noise,"bucket0$221,:3,:6001",
277,"bucket0$313,:3,:6001",,MQ,MLM,14.7846,-61.1786,370.0,,,3000,100.0,ZNE,train,noise,"bucket0$222,:3,:6001",
278,"bucket2$37,:3,:6001",,MQ,MLM,14.7846,-61.1786,370.0,,,3000,100.0,ZNE,test,noise,"bucket2$23,:3,:6001",
279,"bucket0$314,:3,:6001",,MQ,MLM,14.7846,-61.1786,370.0,,,3000,100.0,ZNE,train,noise,"bucket0$223,:3,:6001",
280,"bucket0$315,:3,:6001",,MQ,MLM,14.7846,-61.1786,370.0,,,3000,100.0,ZNE,train,noise,"bucket0$224,:3,:6001",
281,"bucket0$316,:3,:6001",,MQ,MLM,14.7846,-61.1786,370.0,,,3000,100.0,ZNE,train,noise,"bucket0$225,:3,:6001",
282,"bucket0$317,:3,:6001",,MQ,MLM,14.7846,-61.1786,370.0,,,3000,100.0,ZNE,train,noise,"bucket0$226,:3,:6001",
283,"bucket0$318,:3,:6001",,MQ,MLM,14.7846,-61.1786,370.0,,,3000,100.0,ZNE,train,noise,"bucket0$227,:3,:6001",
284,"bucket0$319,:3,:6001",,MQ,MLM,14.7846,-61.1786,370.0,,,3000,100.0,ZNE,train,noise,"bucket0$228,:3,:6001",
285,"bucket0$320,:3,:6001",,MQ,MLM,14.7846,-61.1786,370.0,,,3000,100.0,ZNE,train,noise,"bucket0$229,:3,:6001",
286,"bucket0$321,:3,:6001",,MQ,MLM,14.7846,-61.1786,370.0,,,3000,100.0,ZNE,train,noise,"bucket0$230,:3,:6001",
287,"bucket0$322,:3,:6001",,MQ,MLM,14.7846,-61.1786,370.0,,,3000,100.0,ZNE,train,noise,"bucket0$231,:3,:6001",
288,"bucket0$323,:3,:6001",,MQ,MLM,14.7846,-61.1786,370.0,,,3000,100.0,ZNE,train,noise,"bucket0$232,:3,:6001",
289,"bucket0$324,:3,:6001",,MQ,MLM,14.7846,-61.1786,370.0,,,3000,100.0,ZNE,train,noise,"bucket0$233,:3,:6001",
290,"bucket0$325,:3,:6001",,MQ,MLM,14.7846,-61.1786,370.0,,,3000,100.0,ZNE,train,noise,"bucket0$234,:3,:6001",
291,"bucket1$49,:3,:6001",,MQ,MLM,14.7846,-61.1786,370.0,,,3000,100.0,ZNE,dev,noise,"bucket1$32,:3,:6001",
292,"bucket0$326,:3,:6001",,MQ,MLM,14.7846,-61.1786,370.0,,,3000,100.0,ZNE,train,noise,"bucket0$235,:3,:6001",
293,"bucket2$38,:3,:6001",,MQ,MLM,14.7846,-61.1786,370.0,,,3000,100.0,ZNE,test,noise,"bucket2$24,:3,:6001",
294,"bucket0$327,:3,:6001",,MQ,MLM,14.7846,-61.1786,370.0,,,3000,100.0,ZNE,train,noise,"bucket0$236,:3,:6001",
295,"bucket0$328,:3,:6001",,MQ,MLM,14.7846,-61.1786,370.0,,,3000,100.0,ZNE,train,noise,"bucket0$237,:3,:6001",
296,"bucket0$329,:3,:6001",,MQ,MLM,14.7846,-61.1786,370.0,,,3000,100.0,ZNE,train,noise,"bucket0$238,:3,:6001",
297,"bucket1$50,:3,:6001",,MQ,MLM,14.7846,-61.1786,370.0,,,3000,100.0,ZNE,dev,noise,"bucket1$33,:3,:6001",
298,"bucket0$330,:3,:6001",,MQ,MLM,14.7846,-61.1786,370.0,,,3000,100.0,ZNE,train,noise,"bucket0$239,:3,:6001",
299,"bucket2$39,:3,:6001",,MQ,MLM,14.7846,-61.1786,370.0,,,3000,100.0,ZNE,test,noise,"bucket2$25,:3,:6001",
300,"bucket0$331,:3,:6001",,MQ,GBM,14.799451,-61.159276,800.0,,,3000,100.0,ZNE,train,noise,"bucket0$240,:3,:6001",
301,"bucket0$332,:3,:6001",,MQ,GBM,14.799451,-61.159276,800.0,,,3000,100.0,ZNE,train,noise,"bucket0$241,:3,:6001",
302,"bucket1$51,:3,:6001",,MQ,GBM,14.799451,-61.159276,800.0,,,3000,100.0,ZNE,dev,noise,"bucket1$34,:3,:6001",
303,"bucket0$333,:3,:6001",,MQ,GBM,14.799451,-61.159276,800.0,,,3000,100.0,ZNE,train,noise,"bucket0$242,:3,:6001",
304,"bucket0$334,:3,:6001",,MQ,GBM,14.799451,-61.159276,800.0,,,3000,100.0,ZNE,train,noise,"bucket0$243,:3,:6001",
305,"bucket0$335,:3,:6001",,MQ,GBM,14.799451,-61.159276,800.0,,,3000,100.0,ZNE,train,noise,"bucket0$244,:3,:6001",
306,"bucket2$40,:3,:6001",,MQ,GBM,14.799451,-61.159276,800.0,,,3000,100.0,ZNE,test,noise,"bucket2$26,:3,:6001",
307,"bucket0$336,:3,:6001",,MQ,GBM,14.799451,-61.159276,800.0,,,3000,100.0,ZNE,train,noise,"bucket0$245,:3,:6001",
308,"bucket0$337,:3,:6001",,MQ,GBM,14.799451,-61.159276,800.0,,,3000,100.0,ZNE,train,noise,"bucket0$246,:3,:6001",
309,"bucket0$338,:3,:6001",,MQ,GBM,14.799451,-61.159276,800.0,,,3000,100.0,ZNE,train,noise,"bucket0$247,:3,:6001",
310,"bucket0$339,:3,:6001",,MQ,GBM,14.799451,-61.159276,800.0,,,3000,100.0,ZNE,train,noise,"bucket0$248,:3,:6001",
311,"bucket0$340,:3,:6001",,MQ,GBM,14.799451,-61.159276,800.0,,,3000,100.0,ZNE,train,noise,"bucket0$249,:3,:6001",
312,"bucket0$341,:3,:6001",,MQ,GBM,14.799451,-61.159276,800.0,,,3000,100.0,ZNE,train,noise,"bucket0$250,:3,:6001",
313,"bucket0$342,:3,:6001",,MQ,GBM,14.799451,-61.159276,800.0,,,3000,100.0,ZNE,train,noise,"bucket0$251,:3,:6001",
314,"bucket1$52,:3,:6001",,MQ,GBM,14.799451,-61.159276,800.0,,,3000,100.0,ZNE,dev,noise,"bucket1$35,:3,:6001",
315,"bucket0$343,:3,:6001",,MQ,GBM,14.799451,-61.159276,800.0,,,3000,100.0,ZNE,train,noise,"bucket0$252,:3,:6001",
316,"bucket0$344,:3,:6001",,MQ,GBM,14.799451,-61.159276,800.0,,,3000,100.0,ZNE,train,noise,"bucket0$253,:3,:6001",
317,"bucket0$345,:3,:6001",,MQ,GBM,14.799451,-61.159276,800.0,,,3000,100.0,ZNE,train,noise,"bucket0$254,:3,:6001",
318,"bucket0$346,:3,:6001",,MQ,GBM,14.799451,-61.159276,800.0,,,3000,100.0,ZNE,train,noise,"bucket0$255,:3,:6001",
319,"bucket2$41,:3,:6001",,MQ,GBM,14.799451,-61.159276,800.0,,,3000,100.0,ZNE,test,noise,"bucket2$27,:3,:6001",
320,"bucket0$347,:3,:6001",,MQ,GBM,14.799451,-61.159276,800.0,,,3000,100.0,ZNE,train,noise,"bucket0$256,:3,:6001",
321,"bucket2$42,:3,:6001",,MQ,GBM,14.799451,-61.159276,800.0,,,3000,100.0,ZNE,test,noise,"bucket2$28,:3,:6001",
322,"bucket0$348,:3,:6001",,MQ,GBM,14.799451,-61.159276,800.0,,,3000,100.0,ZNE,train,noise,"bucket0$257,:3,:6001",
323,"bucket0$349,:3,:6001",,MQ,GBM,14.799451,-61.159276,800.0,,,3000,100.0,ZNE,train,noise,"bucket0$258,:3,:6001",
324,"bucket2$43,:3,:6001",,MQ,GBM,14.799451,-61.159276,800.0,,,3000,100.0,ZNE,test,noise,"bucket2$29,:3,:6001",
325,"bucket0$350,:3,:6001",,MQ,GBM,14.799451,-61.159276,800.0,,,3000,100.0,ZNE,train,noise,"bucket0$259,:3,:6001",
326,"bucket0$351,:3,:6001",,MQ,GBM,14.799451,-61.159276,800.0,,,3000,100.0,ZNE,train,noise,"bucket0$260,:3,:6001",
327,"bucket0$352,:3,:6001",,MQ,GBM,14.799451,-61.159276,800.0,,,3000,100.0,ZNE,train,noise,"bucket0$261,:3,:6001",
328,"bucket0$353,:3,:6001",,MQ,GBM,14.799451,-61.159276,800.0,,,3000,100.0,ZNE,train,noise,"bucket0$262,:3,:6001",
329,"bucket0$354,:3,:6001",,MQ,GBM,14.799451,-61.159276,800.0,,,3000,100.0,ZNE,train,noise,"bucket0$263,:3,:6001",
330,"bucket0$355,:3,:6001",,MQ,GBM,14.799451,-61.159276,800.0,,,3000,100.0,ZNE,train,noise,"bucket0$264,:3,:6001",
331,"bucket0$356,:3,:6001",,MQ,GBM,14.799451,-61.159276,800.0,,,3000,100.0,ZNE,train,noise,"bucket0$265,:3,:6001",
332,"bucket0$357,:3,:6001",,MQ,GBM,14.799451,-61.159276,800.0,,,3000,100.0,ZNE,train,noise,"bucket0$266,:3,:6001",
333,"bucket0$358,:3,:6001",,MQ,GBM,14.799451,-61.159276,800.0,,,3000,100.0,ZNE,train,noise,"bucket0$267,:3,:6001",
334,"bucket0$359,:3,:6001",,MQ,GBM,14.799451,-61.159276,800.0,,,3000,100.0,ZNE,train,noise,"bucket0$268,:3,:6001",
335,"bucket0$360,:3,:6001",,MQ,GBM,14.799451,-61.159276,800.0,,,3000,100.0,ZNE,train,noise,"bucket0$269,:3,:6001",
336,"bucket0$361,:3,:6001",,MQ,GBM,14.799451,-61.159276,800.0,,,3000,100.0,ZNE,train,noise,"bucket0$270,:3,:6001",
337,"bucket1$53,:3,:6001",,MQ,GBM,14.799451,-61.159276,800.0,,,3000,100.0,ZNE,dev,noise,"bucket1$36,:3,:6001",
338,"bucket0$362,:3,:6001",,MQ,GBM,14.799451,-61.159276,800.0,,,3000,100.0,ZNE,train,noise,"bucket0$271,:3,:6001",
339,"bucket1$54,:3,:6001",,MQ,GBM,14.799451,-61.159276,800.0,,,3000,100.0,ZNE,dev,noise,"bucket1$37,:3,:6001",
340,"bucket2$44,:3,:6001",,MQ,GBM,14.799451,-61.159276,800.0,,,3000,100.0,ZNE,test,noise,"bucket2$30,:3,:6001",
341,"bucket0$363,:3,:6001",,MQ,GBM,14.799451,-61.159276,800.0,,,3000,100.0,ZNE,train,noise,"bucket0$272,:3,:6001",
342,"bucket2$45,:3,:6001",,MQ,GBM,14.799451,-61.159276,800.0,,,3000,100.0,ZNE,test,noise,"bucket2$31,:3,:6001",
343,"bucket0$364,:3,:6001",,MQ,GBM,14.799451,-61.159276,800.0,,,3000,100.0,ZNE,train,noise,"bucket0$273,:3,:6001",
344,"bucket0$365,:3,:6001",,MQ,GBM,14.799451,-61.159276,800.0,,,3000,100.0,ZNE,train,noise,"bucket0$274,:3,:6001",
345,"bucket0$366,:3,:6001",,MQ,GBM,14.799451,-61.159276,800.0,,,3000,100.0,ZNE,train,noise,"bucket0$275,:3,:6001",
346,"bucket0$367,:3,:6001",,MQ,GBM,14.799451,-61.159276,800.0,,,3000,100.0,ZNE,train,noise,"bucket0$276,:3,:6001",
347,"bucket0$368,:3,:6001",,MQ,GBM,14.799451,-61.159276,800.0,,,3000,100.0,ZNE,train,noise,"bucket0$277,:3,:6001",
348,"bucket1$55,:3,:6001",,MQ,GBM,14.799451,-61.159276,800.0,,,3000,100.0,ZNE,dev,noise,"bucket1$38,:3,:6001",
349,"bucket2$46,:3,:6001",,MQ,GBM,14.799451,-61.159276,800.0,,,3000,100.0,ZNE,test,noise,"bucket2$32,:3,:6001",
350,"bucket0$369,:3,:6001",,MQ,GBM,14.799451,-61.159276,800.0,,,3000,100.0,ZNE,train,noise,"bucket0$278,:3,:6001",
351,"bucket0$370,:3,:6001",,MQ,GBM,14.799451,-61.159276,800.0,,,3000,100.0,ZNE,train,noise,"bucket0$279,:3,:6001",
352,"bucket0$371,:3,:6001",,MQ,GBM,14.799451,-61.159276,800.0,,,3000,100.0,ZNE,train,noise,"bucket0$280,:3,:6001",
353,"bucket0$372,:3,:6001",,MQ,GBM,14.799451,-61.159276,800.0,,,3000,100.0,ZNE,train,noise,"bucket0$281,:3,:6001",
354,"bucket0$373,:3,:6001",,MQ,GBM,14.799451,-61.159276,800.0,,,3000,100.0,ZNE,train,noise,"bucket0$282,:3,:6001",
355,"bucket0$374,:3,:6001",,MQ,GBM,14.799451,-61.159276,800.0,,,3000,100.0,ZNE,train,noise,"bucket0$283,:3,:6001",
356,"bucket0$375,:3,:6001",,MQ,GBM,14.799451,-61.159276,800.0,,,3000,100.0,ZNE,train,noise,"bucket0$284,:3,:6001",
357,"bucket0$376,:3,:6001",,MQ,GBM,14.799451,-61.159276,800.0,,,3000,100.0,ZNE,train,noise,"bucket0$285,:3,:6001",
358,"bucket1$56,:3,:6001",,MQ,GBM,14.799451,-61.159276,800.0,,,3000,100.0,ZNE,dev,noise,"bucket1$39,:3,:6001",
359,"bucket0$377,:3,:6001",,MQ,GBM,14.799451,-61.159276,800.0,,,3000,100.0,ZNE,train,noise,"bucket0$286,:3,:6001",
360,"bucket0$378,:3,:6001",,MQ,GBM,14.799451,-61.159276,800.0,,,3000,100.0,ZNE,train,noise,"bucket0$287,:3,:6001",
361,"bucket0$379,:3,:6001",,MQ,GBM,14.799451,-61.159276,800.0,,,3000,100.0,ZNE,train,noise,"bucket0$288,:3,:6001",
362,"bucket0$380,:3,:6001",,MQ,GBM,14.799451,-61.159276,800.0,,,3000,100.0,ZNE,train,noise,"bucket0$289,:3,:6001",
363,"bucket0$381,:3,:6001",,MQ,GBM,14.799451,-61.159276,800.0,,,3000,100.0,ZNE,train,noise,"bucket0$290,:3,:6001",
364,"bucket1$57,:3,:6001",,MQ,GBM,14.799451,-61.159276,800.0,,,3000,100.0,ZNE,dev,noise,"bucket1$40,:3,:6001",
365,"bucket1$58,:3,:6001",,MQ,GBM,14.799451,-61.159276,800.0,,,3000,100.0,ZNE,dev,noise,"bucket1$41,:3,:6001",
366,"bucket0$382,:3,:6001",,MQ,GBM,14.799451,-61.159276,800.0,,,3000,100.0,ZNE,train,noise,"bucket0$291,:3,:6001",
367,"bucket2$47,:3,:6001",,MQ,GBM,14.799451,-61.159276,800.0,,,3000,100.0,ZNE,test,noise,"bucket2$33,:3,:6001",
368,"bucket0$383,:3,:6001",,MQ,GBM,14.799451,-61.159276,800.0,,,3000,100.0,ZNE,train,noise,"bucket0$292,:3,:6001",
369,"bucket0$384,:3,:6001",,MQ,GBM,14.799451,-61.159276,800.0,,,3000,100.0,ZNE,train,noise,"bucket0$293,:3,:6001",
370,"bucket0$385,:3,:6001",,MQ,GBM,14.799451,-61.159276,800.0,,,3000,100.0,ZNE,train,noise,"bucket0$294,:3,:6001",
371,"bucket0$386,:3,:6001",,MQ,GBM,14.799451,-61.159276,800.0,,,3000,100.0,ZNE,train,noise,"bucket0$295,:3,:6001",
372,"bucket0$387,:3,:6001",,MQ,GBM,14.799451,-61.159276,800.0,,,3000,100.0,ZNE,train,noise,"bucket0$296,:3,:6001",
373,"bucket0$388,:3,:6001",,MQ,GBM,14.799451,-61.159276,800.0,,,3000,100.0,ZNE,train,noise,"bucket0$297,:3,:6001",
374,"bucket0$389,:3,:6001",,MQ,GBM,14.799451,-61.159276,800.0,,,3000,100.0,ZNE,train,noise,"bucket0$298,:3,:6001",
375,"bucket0$390,:3,:6001",,MQ,GBM,14.799451,-61.159276,800.0,,,3000,100.0,ZNE,train,noise,"bucket0$299,:3,:6001",
376,"bucket0$391,:3,:6001",,MQ,GBM,14.799451,-61.159276,800.0,,,3000,100.0,ZNE,train,noise,"bucket0$300,:3,:6001",
377,"bucket0$392,:3,:6001",,MQ,GBM,14.799451,-61.159276,800.0,,,3000,100.0,ZNE,train,noise,"bucket0$301,:3,:6001",
378,"bucket0$393,:3,:6001",,MQ,GBM,14.799451,-61.159276,800.0,,,3000,100.0,ZNE,train,noise,"bucket0$302,:3,:6001",
379,"bucket0$394,:3,:6001",,MQ,GBM,14.799451,-61.159276,800.0,,,3000,100.0,ZNE,train,noise,"bucket0$303,:3,:6001",
380,"bucket0$395,:3,:6001",,MQ,GBM,14.799451,-61.159276,800.0,,,3000,100.0,ZNE,train,noise,"bucket0$304,:3,:6001",
381,"bucket0$396,:3,:6001",,MQ,GBM,14.799451,-61.159276,800.0,,,3000,100.0,ZNE,train,noise,"bucket0$305,:3,:6001",
382,"bucket0$397,:3,:6001",,MQ,GBM,14.799451,-61.159276,800.0,,,3000,100.0,ZNE,train,noise,"bucket0$306,:3,:6001",
383,"bucket0$398,:3,:6001",,MQ,GBM,14.799451,-61.159276,800.0,,,3000,100.0,ZNE,train,noise,"bucket0$307,:3,:6001",
384,"bucket0$399,:3,:6001",,MQ,GBM,14.799451,-61.159276,800.0,,,3000,100.0,ZNE,train,noise,"bucket0$308,:3,:6001",
385,"bucket2$48,:3,:6001",,MQ,GBM,14.799451,-61.159276,800.0,,,3000,100.0,ZNE,test,noise,"bucket2$34,:3,:6001",
386,"bucket2$49,:3,:6001",,MQ,GBM,14.799451,-61.159276,800.0,,,3000,100.0,ZNE,test,noise,"bucket2$35,:3,:6001",
387,"bucket2$50,:3,:6001",,MQ,GBM,14.799451,-61.159276,800.0,,,3000,100.0,ZNE,test,noise,"bucket2$36,:3,:6001",
388,"bucket0$400,:3,:6001",,MQ,GBM,14.799451,-61.159276,800.0,,,3000,100.0,ZNE,train,noise,"bucket0$309,:3,:6001",
389,"bucket0$401,:3,:6001",,MQ,GBM,14.799451,-61.159276,800.0,,,3000,100.0,ZNE,train,noise,"bucket0$310,:3,:6001",
390,"bucket0$402,:3,:6001",,MQ,GBM,14.799451,-61.159276,800.0,,,3000,100.0,ZNE,train,noise,"bucket0$311,:3,:6001",
391,"bucket0$403,:3,:6001",,MQ,GBM,14.799451,-61.159276,800.0,,,3000,100.0,ZNE,train,noise,"bucket0$312,:3,:6001",
392,"bucket0$404,:3,:6001",,MQ,GBM,14.799451,-61.159276,800.0,,,3000,100.0,ZNE,train,noise,"bucket0$313,:3,:6001",
393,"bucket0$405,:3,:6001",,MQ,GBM,14.799451,-61.159276,800.0,,,3000,100.0,ZNE,train,noise,"bucket0$314,:3,:6001",
394,"bucket0$406,:3,:6001",,MQ,GBM,14.799451,-61.159276,800.0,,,3000,100.0,ZNE,train,noise,"bucket0$315,:3,:6001",
395,"bucket0$407,:3,:6001",,MQ,GBM,14.799451,-61.159276,800.0,,,3000,100.0,ZNE,train,noise,"bucket0$316,:3,:6001",
396,"bucket1$59,:3,:6001",,MQ,GBM,14.799451,-61.159276,800.0,,,3000,100.0,ZNE,dev,noise,"bucket1$42,:3,:6001",
397,"bucket0$408,:3,:6001",,MQ,GBM,14.799451,-61.159276,800.0,,,3000,100.0,ZNE,train,noise,"bucket0$317,:3,:6001",
398,"bucket1$60,:3,:6001",,MQ,GBM,14.799451,-61.159276,800.0,,,3000,100.0,ZNE,dev,noise,"bucket1$43,:3,:6001",
399,"bucket0$409,:3,:6001",,MQ,GBM,14.799451,-61.159276,800.0,,,3000,100.0,ZNE,train,noise,"bucket0$318,:3,:6001",
400,"bucket1$61,:3,:6001",,MQ,CPM,14.8168,-61.2074,242.0,,,3000,100.0,ZNE,dev,noise,"bucket1$44,:3,:6001",
401,"bucket0$410,:3,:6001",,MQ,CPM,14.8168,-61.2074,242.0,,,3000,100.0,ZNE,train,noise,"bucket0$319,:3,:6001",
402,"bucket0$411,:3,:6001",,MQ,CPM,14.8168,-61.2074,242.0,,,3000,100.0,ZNE,train,noise,"bucket0$320,:3,:6001",
403,"bucket0$412,:3,:6001",,MQ,CPM,14.8168,-61.2074,242.0,,,3000,100.0,ZNE,train,noise,"bucket0$321,:3,:6001",
404,"bucket0$413,:3,:6001",,MQ,CPM,14.8168,-61.2074,242.0,,,3000,100.0,ZNE,train,noise,"bucket0$322,:3,:6001",
405,"bucket0$414,:3,:6001",,MQ,CPM,14.8168,-61.2074,242.0,,,3000,100.0,ZNE,train,noise,"bucket0$323,:3,:6001",
406,"bucket0$415,:3,:6001",,MQ,CPM,14.8168,-61.2074,242.0,,,3000,100.0,ZNE,train,noise,"bucket0$324,:3,:6001",
407,"bucket0$416,:3,:6001",,MQ,CPM,14.8168,-61.2074,242.0,,,3000,100.0,ZNE,train,noise,"bucket0$325,:3,:6001",
408,"bucket0$417,:3,:6001",,MQ,CPM,14.8168,-61.2074,242.0,,,3000,100.0,ZNE,train,noise,"bucket0$326,:3,:6001",
409,"bucket0$418,:3,:6001",,MQ,CPM,14.8168,-61.2074,242.0,,,3000,100.0,ZNE,train,noise,"bucket0$327,:3,:6001",
410,"bucket0$419,:3,:6001",,MQ,CPM,14.8168,-61.2074,242.0,,,3000,100.0,ZNE,train,noise,"bucket0$328,:3,:6001",
411,"bucket0$420,:3,:6001",,MQ,CPM,14.8168,-61.2074,242.0,,,3000,100.0,ZNE,train,noise,"bucket0$329,:3,:6001",
412,"bucket0$421,:3,:6001",,MQ,CPM,14.8168,-61.2074,242.0,,,3000,100.0,ZNE,train,noise,"bucket0$330,:3,:6001",
413,"bucket0$422,:3,:6001",,MQ,CPM,14.8168,-61.2074,242.0,,,3000,100.0,ZNE,train,noise,"bucket0$331,:3,:6001",
414,"bucket0$423,:3,:6001",,MQ,CPM,14.8168,-61.2074,242.0,,,3000,100.0,ZNE,train,noise,"bucket0$332,:3,:6001",
415,"bucket0$424,:3,:6001",,MQ,CPM,14.8168,-61.2074,242.0,,,3000,100.0,ZNE,train,noise,"bucket0$333,:3,:6001",
416,"bucket0$425,:3,:6001",,MQ,CPM,14.8168,-61.2074,242.0,,,3000,100.0,ZNE,train,noise,"bucket0$334,:3,:6001",
417,"bucket0$426,:3,:6001",,MQ,CPM,14.8168,-61.2074,242.0,,,3000,100.0,ZNE,train,noise,"bucket0$335,:3,:6001",
418,"bucket0$427,:3,:6001",,MQ,CPM,14.8168,-61.2074,242.0,,,3000,100.0,ZNE,train,noise,"bucket0$336,:3,:6001",
419,"bucket0$428,:3,:6001",,MQ,CPM,14.8168,-61.2074,242.0,,,3000,100.0,ZNE,train,noise,"bucket0$337,:3,:6001",
420,"bucket0$429,:3,:6001",,MQ,CPM,14.8168,-61.2074,242.0,,,3000,100.0,ZNE,train,noise,"bucket0$338,:3,:6001",
421,"bucket0$430,:3,:6001",,MQ,CPM,14.8168,-61.2074,242.0,,,3000,100.0,ZNE,train,noise,"bucket0$339,:3,:6001",
422,"bucket0$431,:3,:6001",,MQ,CPM,14.8168,-61.2074,242.0,,,3000,100.0,ZNE,train,noise,"bucket0$340,:3,:6001",
423,"bucket0$432,:3,:6001",,MQ,CPM,14.8168,-61.2074,242.0,,,3000,100.0,ZNE,train,noise,"bucket0$341,:3,:6001",
424,"bucket0$433,:3,:6001",,MQ,CPM,14.8168,-61.2074,242.0,,,3000,100.0,ZNE,train,noise,"bucket0$342,:3,:6001",
425,"bucket0$434,:3,:6001",,MQ,CPM,14.8168,-61.2074,242.0,,,3000,100.0,ZNE,train,noise,"bucket0$343,:3,:6001",
426,"bucket0$435,:3,:6001",,MQ,CPM,14.8168,-61.2074,242.0,,,3000,100.0,ZNE,train,noise,"bucket0$344,:3,:6001",
427,"bucket0$436,:3,:6001",,MQ,CPM,14.8168,-61.2074,242.0,,,3000,100.0,ZNE,train,noise,"bucket0$345,:3,:6001",
428,"bucket0$437,:3,:6001",,MQ,CPM,14.8168,-61.2074,242.0,,,3000,100.0,ZNE,train,noise,"bucket0$346,:3,:6001",
429,"bucket0$438,:3,:6001",,MQ,CPM,14.8168,-61.2074,242.0,,,3000,100.0,ZNE,train,noise,"bucket0$347,:3,:6001",
430,"bucket0$439,:3,:6001",,MQ,CPM,14.8168,-61.2074,242.0,,,3000,100.0,ZNE,train,noise,"bucket0$348,:3,:6001",
431,"bucket1$62,:3,:6001",,MQ,CPM,14.8168,-61.2074,242.0,,,3000,100.0,ZNE,dev,noise,"bucket1$45,:3,:6001",
432,"bucket0$440,:3,:6001",,MQ,CPM,14.8168,-61.2074,242.0,,,3000,100.0,ZNE,train,noise,"bucket0$349,:3,:6001",
433,"bucket0$441,:3,:6001",,MQ,CPM,14.8168,-61.2074,242.0,,,3000,100.0,ZNE,train,noise,"bucket0$350,:3,:6001",
434,"bucket0$442,:3,:6001",,MQ,CPM,14.8168,-61.2074,242.0,,,3000,100.0,ZNE,train,noise,"bucket0$351,:3,:6001",
435,"bucket0$443,:3,:6001",,MQ,CPM,14.8168,-61.2074,242.0,,,3000,100.0,ZNE,train,noise,"bucket0$352,:3,:6001",
436,"bucket1$63,:3,:6001",,MQ,CPM,14.8168,-61.2074,242.0,,,3000,100.0,ZNE,dev,noise,"bucket1$46,:3,:6001",
437,"bucket0$444,:3,:6001",,MQ,CPM,14.8168,-61.2074,242.0,,,3000,100.0,ZNE,train,noise,"bucket0$353,:3,:6001",
438,"bucket0$445,:3,:6001",,MQ,CPM,14.8168,-61.2074,242.0,,,3000,100.0,ZNE,train,noise,"bucket0$354,:3,:6001",
439,"bucket2$51,:3,:6001",,MQ,CPM,14.8168,-61.2074,242.0,,,3000,100.0,ZNE,test,noise,"bucket2$37,:3,:6001",
440,"bucket0$446,:3,:6001",,MQ,CPM,14.8168,-61.2074,242.0,,,3000,100.0,ZNE,train,noise,"bucket0$355,:3,:6001",
441,"bucket0$447,:3,:6001",,MQ,CPM,14.8168,-61.2074,242.0,,,3000,100.0,ZNE,train,noise,"bucket0$356,:3,:6001",
442,"bucket0$448,:3,:6001",,MQ,CPM,14.8168,-61.2074,242.0,,,3000,100.0,ZNE,train,noise,"bucket0$357,:3,:6001",
443,"bucket2$52,:3,:6001",,MQ,CPM,14.8168,-61.2074,242.0,,,3000,100.0,ZNE,test,noise,"bucket2$38,:3,:6001",
444,"bucket0$449,:3,:6001",,MQ,CPM,14.8168,-61.2074,242.0,,,3000,100.0,ZNE,train,noise,"bucket0$358,:3,:6001",
445,"bucket0$450,:3,:6001",,MQ,CPM,14.8168,-61.2074,242.0,,,3000,100.0,ZNE,train,noise,"bucket0$359,:3,:6001",
446,"bucket1$64,:3,:6001",,MQ,CPM,14.8168,-61.2074,242.0,,,3000,100.0,ZNE,dev,noise,"bucket1$47,:3,:6001",
447,"bucket2$53,:3,:6001",,MQ,CPM,14.8168,-61.2074,242.0,,,3000,100.0,ZNE,test,noise,"bucket2$39,:3,:6001",
448,"bucket2$54,:3,:6001",,MQ,CPM,14.8168,-61.2074,242.0,,,3000,100.0,ZNE,test,noise,"bucket2$40,:3,:6001",
449,"bucket0$451,:3,:6001",,MQ,CPM,14.8168,-61.2074,242.0,,,3000,100.0,ZNE,train,noise,"bucket0$360,:3,:6001",
450,"bucket0$452,:3,:6001",,MQ,CPM,14.8168,-61.2074,242.0,,,3000,100.0,ZNE,train,noise,"bucket0$361,:3,:6001",
451,"bucket2$55,:3,:6001",,MQ,CPM,14.8168,-61.2074,242.0,,,3000,100.0,ZNE,test,noise,"bucket2$41,:3,:6001",
452,"bucket0$453,:3,:6001",,MQ,CPM,14.8168,-61.2074,242.0,,,3000,100.0,ZNE,train,noise,"bucket0$362,:3,:6001",
453,"bucket0$454,:3,:6001",,MQ,CPM,14.8168,-61.2074,242.0,,,3000,100.0,ZNE,train,noise,"bucket0$363,:3,:6001",
454,"bucket0$455,:3,:6001",,MQ,CPM,14.8168,-61.2074,242.0,,,3000,100.0,ZNE,train,noise,"bucket0$364,:3,:6001",
455,"bucket0$456,:3,:6001",,MQ,CPM,14.8168,-61.2074,242.0,,,3000,100.0,ZNE,train,noise,"bucket0$365,:3,:6001",
456,"bucket0$457,:3,:6001",,MQ,CPM,14.8168,-61.2074,242.0,,,3000,100.0,ZNE,train,noise,"bucket0$366,:3,:6001",
457,"bucket2$56,:3,:6001",,MQ,CPM,14.8168,-61.2074,242.0,,,3000,100.0,ZNE,test,noise,"bucket2$42,:3,:6001",
458,"bucket0$458,:3,:6001",,MQ,CPM,14.8168,-61.2074,242.0,,,3000,100.0,ZNE,train,noise,"bucket0$367,:3,:6001",
459,"bucket0$459,:3,:6001",,MQ,CPM,14.8168,-61.2074,242.0,,,3000,100.0,ZNE,train,noise,"bucket0$368,:3,:6001",
460,"bucket0$460,:3,:6001",,MQ,CPM,14.8168,-61.2074,242.0,,,3000,100.0,ZNE,train,noise,"bucket0$369,:3,:6001",
461,"bucket2$57,:3,:6001",,MQ,CPM,14.8168,-61.2074,242.0,,,3000,100.0,ZNE,test,noise,"bucket2$43,:3,:6001",
462,"bucket0$461,:3,:6001",,MQ,CPM,14.8168,-61.2074,242.0,,,3000,100.0,ZNE,train,noise,"bucket0$370,:3,:6001",
463,"bucket1$65,:3,:6001",,MQ,CPM,14.8168,-61.2074,242.0,,,3000,100.0,ZNE,dev,noise,"bucket1$48,:3,:6001",
464,"bucket0$462,:3,:6001",,MQ,CPM,14.8168,-61.2074,242.0,,,3000,100.0,ZNE,train,noise,"bucket0$371,:3,:6001",
465,"bucket0$463,:3,:6001",,MQ,CPM,14.8168,-61.2074,242.0,,,3000,100.0,ZNE,train,noise,"bucket0$372,:3,:6001",
466,"bucket0$464,:3,:6001",,MQ,CPM,14.8168,-61.2074,242.0,,,3000,100.0,ZNE,train,noise,"bucket0$373,:3,:6001",
467,"bucket0$465,:3,:6001",,MQ,CPM,14.8168,-61.2074,242.0,,,3000,100.0,ZNE,train,noise,"bucket0$374,:3,:6001",
468,"bucket0$466,:3,:6001",,MQ,CPM,14.8168,-61.2074,242.0,,,3000,100.0,ZNE,train,noise,"bucket0$375,:3,:6001",
469,"bucket0$467,:3,:6001",,MQ,CPM,14.8168,-61.2074,242.0,,,3000,100.0,ZNE,train,noise,"bucket0$376,:3,:6001",
470,"bucket0$468,:3,:6001",,MQ,CPM,14.8168,-61.2074,242.0,,,3000,100.0,ZNE,train,noise,"bucket0$377,:3,:6001",
471,"bucket0$469,:3,:6001",,MQ,CPM,14.8168,-61.2074,242.0,,,3000,100.0,ZNE,train,noise,"bucket0$378,:3,:6001",
472,"bucket0$470,:3,:6001",,MQ,CPM,14.8168,-61.2074,242.0,,,3000,100.0,ZNE,train,noise,"bucket0$379,:3,:6001",
473,"bucket2$58,:3,:6001",,MQ,CPM,14.8168,-61.2074,242.0,,,3000,100.0,ZNE,test,noise,"bucket2$44,:3,:6001",
474,"bucket0$471,:3,:6001",,MQ,CPM,14.8168,-61.2074,242.0,,,3000,100.0,ZNE,train,noise,"bucket0$380,:3,:6001",
475,"bucket0$472,:3,:6001",,MQ,CPM,14.8168,-61.2074,242.0,,,3000,100.0,ZNE,train,noise,"bucket0$381,:3,:6001",
476,"bucket0$473,:3,:6001",,MQ,CPM,14.8168,-61.2074,242.0,,,3000,100.0,ZNE,train,noise,"bucket0$382,:3,:6001",
477,"bucket0$474,:3,:6001",,MQ,CPM,14.8168,-61.2074,242.0,,,3000,100.0,ZNE,train,noise,"bucket0$383,:3,:6001",
478,"bucket1$66,:3,:6001",,MQ,CPM,14.8168,-61.2074,242.0,,,3000,100.0,ZNE,dev,noise,"bucket1$49,:3,:6001",
479,"bucket0$475,:3,:6001",,MQ,CPM,14.8168,-61.2074,242.0,,,3000,100.0,ZNE,train,noise,"bucket0$384,:3,:6001",
480,"bucket0$476,:3,:6001",,MQ,CPM,14.8168,-61.2074,242.0,,,3000,100.0,ZNE,train,noise,"bucket0$385,:3,:6001",
481,"bucket2$59,:3,:6001",,MQ,CPM,14.8168,-61.2074,242.0,,,3000,100.0,ZNE,test,noise,"bucket2$45,:3,:6001",
482,"bucket0$477,:3,:6001",,MQ,CPM,14.8168,-61.2074,242.0,,,3000,100.0,ZNE,train,noise,"bucket0$386,:3,:6001",
483,"bucket0$478,:3,:6001",,MQ,CPM,14.8168,-61.2074,242.0,,,3000,100.0,ZNE,train,noise,"bucket0$387,:3,:6001",
484,"bucket0$479,:3,:6001",,MQ,CPM,14.8168,-61.2074,242.0,,,3000,100.0,ZNE,train,noise,"bucket0$388,:3,:6001",
485,"bucket0$480,:3,:6001",,MQ,CPM,14.8168,-61.2074,242.0,,,3000,100.0,ZNE,train,noise,"bucket0$389,:3,:6001",
486,"bucket2$60,:3,:6001",,MQ,CPM,14.8168,-61.2074,242.0,,,3000,100.0,ZNE,test,noise,"bucket2$46,:3,:6001",
487,"bucket1$67,:3,:6001",,MQ,CPM,14.8168,-61.2074,242.0,,,3000,100.0,ZNE,dev,noise,"bucket1$50,:3,:6001",
488,"bucket0$481,:3,:6001",,MQ,CPM,14.8168,-61.2074,242.0,,,3000,100.0,ZNE,train,noise,"bucket0$390,:3,:6001",
489,"bucket0$482,:3,:6001",,MQ,CPM,14.8168,-61.2074,242.0,,,3000,100.0,ZNE,train,noise,"bucket0$391,:3,:6001",
490,"bucket0$483,:3,:6001",,MQ,CPM,14.8168,-61.2074,242.0,,,3000,100.0,ZNE,train,noise,"bucket0$392,:3,:6001",
491,"bucket0$484,:3,:6001",,MQ,CPM,14.8168,-61.2074,242.0,,,3000,100.0,ZNE,train,noise,"bucket0$393,:3,:6001",
492,"bucket0$485,:3,:6001",,MQ,CPM,14.8168,-61.2074,242.0,,,3000,100.0,ZNE,train,noise,"bucket0$394,:3,:6001",
493,"bucket0$486,:3,:6001",,MQ,CPM,14.8168,-61.2074,242.0,,,3000,100.0,ZNE,train,noise,"bucket0$395,:3,:6001",
494,"bucket2$61,:3,:6001",,MQ,CPM,14.8168,-61.2074,242.0,,,3000,100.0,ZNE,test,noise,"bucket2$47,:3,:6001",
495,"bucket0$487,:3,:6001",,MQ,CPM,14.8168,-61.2074,242.0,,,3000,100.0,ZNE,train,noise,"bucket0$396,:3,:6001",
496,"bucket0$488,:3,:6001",,MQ,CPM,14.8168,-61.2074,242.0,,,3000,100.0,ZNE,train,noise,"bucket0$397,:3,:6001",
497,"bucket0$489,:3,:6001",,MQ,CPM,14.8168,-61.2074,242.0,,,3000,100.0,ZNE,train,noise,"bucket0$398,:3,:6001",
498,"bucket0$490,:3,:6001",,MQ,CPM,14.8168,-61.2074,242.0,,,3000,100.0,ZNE,train,noise,"bucket0$399,:3,:6001",
499,"bucket0$491,:3,:6001",,MQ,CPM,14.8168,-61.2074,242.0,,,3000,100.0,ZNE,train,noise,"bucket0$400,:3,:6001",
500,"bucket0$492,:3,:6001",,MQ,LAM,14.81292,-61.16314,1240.0,,,3000,100.0,ZNE,train,noise,"bucket0$401,:3,:6001",
501,"bucket0$493,:3,:6001",,MQ,LAM,14.81292,-61.16314,1240.0,,,3000,100.0,ZNE,train,noise,"bucket0$402,:3,:6001",
502,"bucket0$494,:3,:6001",,MQ,LAM,14.81292,-61.16314,1240.0,,,3000,100.0,ZNE,train,noise,"bucket0$403,:3,:6001",
503,"bucket0$495,:3,:6001",,MQ,LAM,14.81292,-61.16314,1240.0,,,3000,100.0,ZNE,train,noise,"bucket0$404,:3,:6001",
504,"bucket0$496,:3,:6001",,MQ,LAM,14.81292,-61.16314,1240.0,,,3000,100.0,ZNE,train,noise,"bucket0$405,:3,:6001",
505,"bucket0$497,:3,:6001",,MQ,LAM,14.81292,-61.16314,1240.0,,,3000,100.0,ZNE,train,noise,"bucket0$406,:3,:6001",
506,"bucket0$498,:3,:6001",,MQ,LAM,14.81292,-61.16314,1240.0,,,3000,100.0,ZNE,train,noise,"bucket0$407,:3,:6001",
507,"bucket0$499,:3,:6001",,MQ,LAM,14.81292,-61.16314,1240.0,,,3000,100.0,ZNE,train,noise,"bucket0$408,:3,:6001",
508,"bucket0$500,:3,:6001",,MQ,LAM,14.81292,-61.16314,1240.0,,,3000,100.0,ZNE,train,noise,"bucket0$409,:3,:6001",
509,"bucket0$501,:3,:6001",,MQ,LAM,14.81292,-61.16314,1240.0,,,3000,100.0,ZNE,train,noise,"bucket0$410,:3,:6001",
510,"bucket0$502,:3,:6001",,MQ,LAM,14.81292,-61.16314,1240.0,,,3000,100.0,ZNE,train,noise,"bucket0$411,:3,:6001",
511,"bucket0$503,:3,:6001",,MQ,LAM,14.81292,-61.16314,1240.0,,,3000,100.0,ZNE,train,noise,"bucket0$412,:3,:6001",
512,"bucket1$68,:3,:6001",,MQ,LAM,14.81292,-61.16314,1240.0,,,3000,100.0,ZNE,dev,noise,"bucket1$51,:3,:6001",
513,"bucket0$504,:3,:6001",,MQ,LAM,14.81292,-61.16314,1240.0,,,3000,100.0,ZNE,train,noise,"bucket0$413,:3,:6001",
514,"bucket0$505,:3,:6001",,MQ,LAM,14.81292,-61.16314,1240.0,,,3000,100.0,ZNE,train,noise,"bucket0$414,:3,:6001",
515,"bucket0$506,:3,:6001",,MQ,LAM,14.81292,-61.16314,1240.0,,,3000,100.0,ZNE,train,noise,"bucket0$415,:3,:6001",
516,"bucket0$507,:3,:6001",,MQ,LAM,14.81292,-61.16314,1240.0,,,3000,100.0,ZNE,train,noise,"bucket0$416,:3,:6001",
517,"bucket0$508,:3,:6001",,MQ,LAM,14.81292,-61.16314,1240.0,,,3000,100.0,ZNE,train,noise,"bucket0$417,:3,:6001",
518,"bucket0$509,:3,:6001",,MQ,LAM,14.81292,-61.16314,1240.0,,,3000,100.0,ZNE,train,noise,"bucket0$418,:3,:6001",
519,"bucket2$62,:3,:6001",,MQ,LAM,14.81292,-61.16314,1240.0,,,3000,100.0,ZNE,test,noise,"bucket2$48,:3,:6001",
520,"bucket0$510,:3,:6001",,MQ,LAM,14.81292,-61.16314,1240.0,,,3000,100.0,ZNE,train,noise,"bucket0$419,:3,:6001",
521,"bucket0$511,:3,:6001",,MQ,LAM,14.81292,-61.16314,1240.0,,,3000,100.0,ZNE,train,noise,"bucket0$420,:3,:6001",
522,"bucket1$69,:3,:6001",,MQ,LAM,14.81292,-61.16314,1240.0,,,3000,100.0,ZNE,dev,noise,"bucket1$52,:3,:6001",
523,"bucket0$512,:3,:6001",,MQ,LAM,14.81292,-61.16314,1240.0,,,3000,100.0,ZNE,train,noise,"bucket0$421,:3,:6001",
524,"bucket0$513,:3,:6001",,MQ,LAM,14.81292,-61.16314,1240.0,,,3000,100.0,ZNE,train,noise,"bucket0$422,:3,:6001",
525,"bucket0$514,:3,:6001",,MQ,LAM,14.81292,-61.16314,1240.0,,,3000,100.0,ZNE,train,noise,"bucket0$423,:3,:6001",
526,"bucket0$515,:3,:6001",,MQ,LAM,14.81292,-61.16314,1240.0,,,3000,100.0,ZNE,train,noise,"bucket0$424,:3,:6001",
527,"bucket0$516,:3,:6001",,MQ,LAM,14.81292,-61.16314,1240.0,,,3000,100.0,ZNE,train,noise,"bucket0$425,:3,:6001",
528,"bucket0$517,:3,:6001",,MQ,LAM,14.81292,-61.16314,1240.0,,,3000,100.0,ZNE,train,noise,"bucket0$426,:3,:6001",
529,"bucket0$518,:3,:6001",,MQ,LAM,14.81292,-61.16314,1240.0,,,3000,100.0,ZNE,train,noise,"bucket0$427,:3,:6001",
530,"bucket0$519,:3,:6001",,MQ,LAM,14.81292,-61.16314,1240.0,,,3000,100.0,ZNE,train,noise,"bucket0$428,:3,:6001",
531,"bucket0$520,:3,:6001",,MQ,LAM,14.81292,-61.16314,1240.0,,,3000,100.0,ZNE,train,noise,"bucket0$429,:3,:6001",
532,"bucket1$70,:3,:6001",,MQ,LAM,14.81292,-61.16314,1240.0,,,3000,100.0,ZNE,dev,noise,"bucket1$53,:3,:6001",
533,"bucket0$521,:3,:6001",,MQ,LAM,14.81292,-61.16314,1240.0,,,3000,100.0,ZNE,train,noise,"bucket0$430,:3,:6001",
534,"bucket2$63,:3,:6001",,MQ,LAM,14.81292,-61.16314,1240.0,,,3000,100.0,ZNE,test,noise,"bucket2$49,:3,:6001",
535,"bucket0$522,:3,:6001",,MQ,LAM,14.81292,-61.16314,1240.0,,,3000,100.0,ZNE,train,noise,"bucket0$431,:3,:6001",
536,"bucket0$523,:3,:6001",,MQ,LAM,14.81292,-61.16314,1240.0,,,3000,100.0,ZNE,train,noise,"bucket0$432,:3,:6001",
537,"bucket0$524,:3,:6001",,MQ,LAM,14.81292,-61.16314,1240.0,,,3000,100.0,ZNE,train,noise,"bucket0$433,:3,:6001",
538,"bucket0$525,:3,:6001",,MQ,LAM,14.81292,-61.16314,1240.0,,,3000,100.0,ZNE,train,noise,"bucket0$434,:3,:6001",
539,"bucket0$526,:3,:6001",,MQ,LAM,14.81292,-61.16314,1240.0,,,3000,100.0,ZNE,train,noise,"bucket0$435,:3,:6001",
540,"bucket0$527,:3,:6001",,MQ,LAM,14.81292,-61.16314,1240.0,,,3000,100.0,ZNE,train,noise,"bucket0$436,:3,:6001",
541,"bucket0$528,:3,:6001",,MQ,LAM,14.81292,-61.16314,1240.0,,,3000,100.0,ZNE,train,noise,"bucket0$437,:3,:6001",
542,"bucket2$64,:3,:6001",,MQ,LAM,14.81292,-61.16314,1240.0,,,3000,100.0,ZNE,test,noise,"bucket2$50,:3,:6001",
543,"bucket0$529,:3,:6001",,MQ,LAM,14.81292,-61.16314,1240.0,,,3000,100.0,ZNE,train,noise,"bucket0$438,:3,:6001",
544,"bucket0$530,:3,:6001",,MQ,LAM,14.81292,-61.16314,1240.0,,,3000,100.0,ZNE,train,noise,"bucket0$439,:3,:6001",
545,"bucket1$71,:3,:6001",,MQ,LAM,14.81292,-61.16314,1240.0,,,3000,100.0,ZNE,dev,noise,"bucket1$54,:3,:6001",
546,"bucket0$531,:3,:6001",,MQ,LAM,14.81292,-61.16314,1240.0,,,3000,100.0,ZNE,train,noise,"bucket0$440,:3,:6001",
547,"bucket0$532,:3,:6001",,MQ,LAM,14.81292,-61.16314,1240.0,,,3000,100.0,ZNE,train,noise,"bucket0$441,:3,:6001",
548,"bucket0$533,:3,:6001",,MQ,LAM,14.81292,-61.16314,1240.0,,,3000,100.0,ZNE,train,noise,"bucket0$442,:3,:6001",
549,"bucket0$534,:3,:6001",,MQ,LAM,14.81292,-61.16314,1240.0,,,3000,100.0,ZNE,train,noise,"bucket0$443,:3,:6001",
550,"bucket0$535,:3,:6001",,MQ,LAM,14.81292,-61.16314,1240.0,,,3000,100.0,ZNE,train,noise,"bucket0$444,:3,:6001",
551,"bucket0$536,:3,:6001",,MQ,LAM,14.81292,-61.16314,1240.0,,,3000,100.0,ZNE,train,noise,"bucket0$445,:3,:6001",
552,"bucket0$537,:3,:6001",,MQ,LAM,14.81292,-61.16314,1240.0,,,3000,100.0,ZNE,train,noise,"bucket0$446,:3,:6001",
553,"bucket0$538,:3,:6001",,MQ,LAM,14.81292,-61.16314,1240.0,,,3000,100.0,ZNE,train,noise,"bucket0$447,:3,:6001",
554,"bucket0$539,:3,:6001",,MQ,LAM,14.81292,-61.16314,1240.0,,,3000,100.0,ZNE,train,noise,"bucket0$448,:3,:6001",
555,"bucket0$540,:3,:6001",,MQ,LAM,14.81292,-61.16314,1240.0,,,3000,100.0,ZNE,train,noise,"bucket0$449,:3,:6001",
556,"bucket0$541,:3,:6001",,MQ,LAM,14.81292,-61.16314,1240.0,,,3000,100.0,ZNE,train,noise,"bucket0$450,:3,:6001",
557,"bucket0$542,:3,:6001",,MQ,LAM,14.81292,-61.16314,1240.0,,,3000,100.0,ZNE,train,noise,"bucket0$451,:3,:6001",
558,"bucket2$65,:3,:6001",,MQ,LAM,14.81292,-61.16314,1240.0,,,3000,100.0,ZNE,test,noise,"bucket2$51,:3,:6001",
559,"bucket1$72,:3,:6001",,MQ,LAM,14.81292,-61.16314,1240.0,,,3000,100.0,ZNE,dev,noise,"bucket1$55,:3,:6001",
560,"bucket0$543,:3,:6001",,MQ,LAM,14.81292,-61.16314,1240.0,,,3000,100.0,ZNE,train,noise,"bucket0$452,:3,:6001",
561,"bucket0$544,:3,:6001",,MQ,LAM,14.81292,-61.16314,1240.0,,,3000,100.0,ZNE,train,noise,"bucket0$453,:3,:6001",
562,"bucket0$545,:3,:6001",,MQ,LAM,14.81292,-61.16314,1240.0,,,3000,100.0,ZNE,train,noise,"bucket0$454,:3,:6001",
563,"bucket0$546,:3,:6001",,MQ,LAM,14.81292,-61.16314,1240.0,,,3000,100.0,ZNE,train,noise,"bucket0$455,:3,:6001",
564,"bucket0$547,:3,:6001",,MQ,LAM,14.81292,-61.16314,1240.0,,,3000,100.0,ZNE,train,noise,"bucket0$456,:3,:6001",
565,"bucket2$66,:3,:6001",,MQ,LAM,14.81292,-61.16314,1240.0,,,3000,100.0,ZNE,test,noise,"bucket2$52,:3,:6001",
566,"bucket0$548,:3,:6001",,MQ,LAM,14.81292,-61.16314,1240.0,,,3000,100.0,ZNE,train,noise,"bucket0$457,:3,:6001",
567,"bucket0$549,:3,:6001",,MQ,LAM,14.81292,-61.16314,1240.0,,,3000,100.0,ZNE,train,noise,"bucket0$458,:3,:6001",
568,"bucket0$550,:3,:6001",,MQ,LAM,14.81292,-61.16314,1240.0,,,3000,100.0,ZNE,train,noise,"bucket0$459,:3,:6001",
569,"bucket0$551,:3,:6001",,MQ,LAM,14.81292,-61.16314,1240.0,,,3000,100.0,ZNE,train,noise,"bucket0$460,:3,:6001",
570,"bucket0$552,:3,:6001",,MQ,LAM,14.81292,-61.16314,1240.0,,,3000,100.0,ZNE,train,noise,"bucket0$461,:3,:6001",
571,"bucket1$73,:3,:6001",,MQ,LAM,14.81292,-61.16314,1240.0,,,3000,100.0,ZNE,dev,noise,"bucket1$56,:3,:6001",
572,"bucket0$553,:3,:6001",,MQ,LAM,14.81292,-61.16314,1240.0,,,3000,100.0,ZNE,train,noise,"bucket0$462,:3,:6001",
573,"bucket0$554,:3,:6001",,MQ,LAM,14.81292,-61.16314,1240.0,,,3000,100.0,ZNE,train,noise,"bucket0$463,:3,:6001",
574,"bucket0$555,:3,:6001",,MQ,LAM,14.81292,-61.16314,1240.0,,,3000,100.0,ZNE,train,noise,"bucket0$464,:3,:6001",
575,"bucket0$556,:3,:6001",,MQ,LAM,14.81292,-61.16314,1240.0,,,3000,100.0,ZNE,train,noise,"bucket0$465,:3,:6001",
576,"bucket0$557,:3,:6001",,MQ,LAM,14.81292,-61.16314,1240.0,,,3000,100.0,ZNE,train,noise,"bucket0$466,:3,:6001",
577,"bucket0$558,:3,:6001",,MQ,LAM,14.81292,-61.16314,1240.0,,,3000,100.0,ZNE,train,noise,"bucket0$467,:3,:6001",
578,"bucket0$559,:3,:6001",,MQ,LAM,14.81292,-61.16314,1240.0,,,3000,100.0,ZNE,train,noise,"bucket0$468,:3,:6001",
579,"bucket0$560,:3,:6001",,MQ,LAM,14.81292,-61.16314,1240.0,,,3000,100.0,ZNE,train,noise,"bucket0$469,:3,:6001",
580,"bucket0$561,:3,:6001",,MQ,LAM,14.81292,-61.16314,1240.0,,,3000,100.0,ZNE,train,noise,"bucket0$470,:3,:6001",
581,"bucket0$562,:3,:6001",,MQ,LAM,14.81292,-61.16314,1240.0,,,3000,100.0,ZNE,train,noise,"bucket0$471,:3,:6001",
582,"bucket0$563,:3,:6001",,MQ,LAM,14.81292,-61.16314,1240.0,,,3000,100.0,ZNE,train,noise,"bucket0$472,:3,:6001",
583,"bucket0$564,:3,:6001",,MQ,LAM,14.81292,-61.16314,1240.0,,,3000,100.0,ZNE,train,noise,"bucket0$473,:3,:6001",
584,"bucket2$67,:3,:6001",,MQ,LAM,14.81292,-61.16314,1240.0,,,3000,100.0,ZNE,test,noise,"bucket2$53,:3,:6001",
585,"bucket0$565,:3,:6001",,MQ,LAM,14.81292,-61.16314,1240.0,,,3000,100.0,ZNE,train,noise,"bucket0$474,:3,:6001",
586,"bucket2$68,:3,:6001",,MQ,LAM,14.81292,-61.16314,1240.0,,,3000,100.0,ZNE,test,noise,"bucket2$54,:3,:6001",
587,"bucket2$69,:3,:6001",,MQ,LAM,14.81292,-61.16314,1240.0,,,3000,100.0,ZNE,test,noise,"bucket2$55,:3,:6001",
588,"bucket1$74,:3,:6001",,MQ,LAM,14.81292,-61.16314,1240.0,,,3000,100.0,ZNE,dev,noise,"bucket1$57,:3,:6001",
589,"bucket0$566,:3,:6001",,MQ,LAM,14.81292,-61.16314,1240.0,,,3000,100.0,ZNE,train,noise,"bucket0$475,:3,:6001",
590,"bucket0$567,:3,:6001",,MQ,LAM,14.81292,-61.16314,1240.0,,,3000,100.0,ZNE,train,noise,"bucket0$476,:3,:6001",
591,"bucket0$568,:3,:6001",,MQ,LAM,14.81292,-61.16314,1240.0,,,3000,100.0,ZNE,train,noise,"bucket0$477,:3,:6001",
592,"bucket0$569,:3,:6001",,MQ,LAM,14.81292,-61.16314,1240.0,,,3000,100.0,ZNE,train,noise,"bucket0$478,:3,:6001",
593,"bucket0$570,:3,:6001",,MQ,LAM,14.81292,-61.16314,1240.0,,,3000,100.0,ZNE,train,noise,"bucket0$479,:3,:6001",
594,"bucket1$75,:3,:6001",,MQ,LAM,14.81292,-61.16314,1240.0,,,3000,100.0,ZNE,dev,noise,"bucket1$58,:3,:6001",
595,"bucket1$76,:3,:6001",,MQ,LAM,14.81292,-61.16314,1240.0,,,3000,100.0,ZNE,dev,noise,"bucket1$59,:3,:6001",
596,"bucket0$571,:3,:6001",,MQ,LAM,14.81292,-61.16314,1240.0,,,3000,100.0,ZNE,train,noise,"bucket0$480,:3,:6001",
597,"bucket0$572,:3,:6001",,MQ,LAM,14.81292,-61.16314,1240.0,,,3000,100.0,ZNE,train,noise,"bucket0$481,:3,:6001",
598,"bucket0$573,:3,:6001",,MQ,LAM,14.81292,-61.16314,1240.0,,,3000,100.0,ZNE,train,noise,"bucket0$482,:3,:6001",
599,"bucket0$574,:3,:6001",,MQ,LAM,14.81292,-61.16314,1240.0,,,3000,100.0,ZNE,train,noise,"bucket0$483,:3,:6001",
600,"bucket0$575,:3,:6001",,MQ,BAM,14.8171,-61.1445,670.0,,,3000,100.0,ZNE,train,noise,"bucket0$484,:3,:6001",
601,"bucket0$576,:3,:6001",,MQ,BAM,14.8171,-61.1445,670.0,,,3000,100.0,ZNE,train,noise,"bucket0$485,:3,:6001",
602,"bucket0$577,:3,:6001",,MQ,BAM,14.8171,-61.1445,670.0,,,3000,100.0,ZNE,train,noise,"bucket0$486,:3,:6001",
603,"bucket0$578,:3,:6001",,MQ,BAM,14.8171,-61.1445,670.0,,,3000,100.0,ZNE,train,noise,"bucket0$487,:3,:6001",
604,"bucket0$579,:3,:6001",,MQ,BAM,14.8171,-61.1445,670.0,,,3000,100.0,ZNE,train,noise,"bucket0$488,:3,:6001",
605,"bucket0$580,:3,:6001",,MQ,BAM,14.8171,-61.1445,670.0,,,3000,100.0,ZNE,train,noise,"bucket0$489,:3,:6001",
606,"bucket2$70,:3,:6001",,MQ,BAM,14.8171,-61.1445,670.0,,,3000,100.0,ZNE,test,noise,"bucket2$56,:3,:6001",
607,"bucket1$77,:3,:6001",,MQ,BAM,14.8171,-61.1445,670.0,,,3000,100.0,ZNE,dev,noise,"bucket1$60,:3,:6001",
608,"bucket0$581,:3,:6001",,MQ,BAM,14.8171,-61.1445,670.0,,,3000,100.0,ZNE,train,noise,"bucket0$490,:3,:6001",
609,"bucket0$582,:3,:6001",,MQ,BAM,14.8171,-61.1445,670.0,,,3000,100.0,ZNE,train,noise,"bucket0$491,:3,:6001",
610,"bucket0$583,:3,:6001",,MQ,BAM,14.8171,-61.1445,670.0,,,3000,100.0,ZNE,train,noise,"bucket0$492,:3,:6001",
611,"bucket0$584,:3,:6001",,MQ,BAM,14.8171,-61.1445,670.0,,,3000,100.0,ZNE,train,noise,"bucket0$493,:3,:6001",
612,"bucket0$585,:3,:6001",,MQ,BAM,14.8171,-61.1445,670.0,,,3000,100.0,ZNE,train,noise,"bucket0$494,:3,:6001",
613,"bucket1$78,:3,:6001",,MQ,BAM,14.8171,-61.1445,670.0,,,3000,100.0,ZNE,dev,noise,"bucket1$61,:3,:6001",
614,"bucket0$586,:3,:6001",,MQ,BAM,14.8171,-61.1445,670.0,,,3000,100.0,ZNE,train,noise,"bucket0$495,:3,:6001",
615,"bucket0$587,:3,:6001",,MQ,BAM,14.8171,-61.1445,670.0,,,3000,100.0,ZNE,train,noise,"bucket0$496,:3,:6001",
616,"bucket0$588,:3,:6001",,MQ,BAM,14.8171,-61.1445,670.0,,,3000,100.0,ZNE,train,noise,"bucket0$497,:3,:6001",
617,"bucket0$589,:3,:6001",,MQ,BAM,14.8171,-61.1445,670.0,,,3000,100.0,ZNE,train,noise,"bucket0$498,:3,:6001",
618,"bucket0$590,:3,:6001",,MQ,BAM,14.8171,-61.1445,670.0,,,3000,100.0,ZNE,train,noise,"bucket0$499,:3,:6001",
619,"bucket0$591,:3,:6001",,MQ,BAM,14.8171,-61.1445,670.0,,,3000,100.0,ZNE,train,noise,"bucket0$500,:3,:6001",
620,"bucket0$592,:3,:6001",,MQ,BAM,14.8171,-61.1445,670.0,,,3000,100.0,ZNE,train,noise,"bucket0$501,:3,:6001",
621,"bucket0$593,:3,:6001",,MQ,BAM,14.8171,-61.1445,670.0,,,3000,100.0,ZNE,train,noise,"bucket0$502,:3,:6001",
622,"bucket0$594,:3,:6001",,MQ,BAM,14.8171,-61.1445,670.0,,,3000,100.0,ZNE,train,noise,"bucket0$503,:3,:6001",
623,"bucket2$71,:3,:6001",,MQ,BAM,14.8171,-61.1445,670.0,,,3000,100.0,ZNE,test,noise,"bucket2$57,:3,:6001",
624,"bucket1$79,:3,:6001",,MQ,BAM,14.8171,-61.1445,670.0,,,3000,100.0,ZNE,dev,noise,"bucket1$62,:3,:6001",
625,"bucket0$595,:3,:6001",,MQ,BAM,14.8171,-61.1445,670.0,,,3000,100.0,ZNE,train,noise,"bucket0$504,:3,:6001",
626,"bucket0$596,:3,:6001",,MQ,BAM,14.8171,-61.1445,670.0,,,3000,100.0,ZNE,train,noise,"bucket0$505,:3,:6001",
627,"bucket0$597,:3,:6001",,MQ,BAM,14.8171,-61.1445,670.0,,,3000,100.0,ZNE,train,noise,"bucket0$506,:3,:6001",
628,"bucket2$72,:3,:6001",,MQ,BAM,14.8171,-61.1445,670.0,,,3000,100.0,ZNE,test,noise,"bucket2$58,:3,:6001",
629,"bucket0$598,:3,:6001",,MQ,BAM,14.8171,-61.1445,670.0,,,3000,100.0,ZNE,train,noise,"bucket0$507,:3,:6001",
630,"bucket0$599,:3,:6001",,MQ,BAM,14.8171,-61.1445,670.0,,,3000,100.0,ZNE,train,noise,"bucket0$508,:3,:6001",
631,"bucket0$600,:3,:6001",,MQ,BAM,14.8171,-61.1445,670.0,,,3000,100.0,ZNE,train,noise,"bucket0$509,:3,:6001",
632,"bucket1$80,:3,:6001",,MQ,BAM,14.8171,-61.1445,670.0,,,3000,100.0,ZNE,dev,noise,"bucket1$63,:3,:6001",
633,"bucket0$601,:3,:6001",,MQ,BAM,14.8171,-61.1445,670.0,,,3000,100.0,ZNE,train,noise,"bucket0$510,:3,:6001",
634,"bucket0$602,:3,:6001",,MQ,BAM,14.8171,-61.1445,670.0,,,3000,100.0,ZNE,train,noise,"bucket0$511,:3,:6001",
635,"bucket2$73,:3,:6001",,MQ,BAM,14.8171,-61.1445,670.0,,,3000,100.0,ZNE,test,noise,"bucket2$59,:3,:6001",
636,"bucket0$603,:3,:6001",,MQ,BAM,14.8171,-61.1445,670.0,,,3000,100.0,ZNE,train,noise,"bucket0$512,:3,:6001",
637,"bucket0$604,:3,:6001",,MQ,BAM,14.8171,-61.1445,670.0,,,3000,100.0,ZNE,train,noise,"bucket0$513,:3,:6001",
638,"bucket2$74,:3,:6001",,MQ,BAM,14.8171,-61.1445,670.0,,,3000,100.0,ZNE,test,noise,"bucket2$60,:3,:6001",
639,"bucket0$605,:3,:6001",,MQ,BAM,14.8171,-61.1445,670.0,,,3000,100.0,ZNE,train,noise,"bucket0$514,:3,:6001",
640,"bucket0$606,:3,:6001",,MQ,BAM,14.8171,-61.1445,670.0,,,3000,100.0,ZNE,train,noise,"bucket0$515,:3,:6001",
641,"bucket0$607,:3,:6001",,MQ,BAM,14.8171,-61.1445,670.0,,,3000,100.0,ZNE,train,noise,"bucket0$516,:3,:6001",
642,"bucket0$608,:3,:6001",,MQ,BAM,14.8171,-61.1445,670.0,,,3000,100.0,ZNE,train,noise,"bucket0$517,:3,:6001",
643,"bucket0$609,:3,:6001",,MQ,BAM,14.8171,-61.1445,670.0,,,3000,100.0,ZNE,train,noise,"bucket0$518,:3,:6001",
644,"bucket0$610,:3,:6001",,MQ,BAM,14.8171,-61.1445,670.0,,,3000,100.0,ZNE,train,noise,"bucket0$519,:3,:6001",
645,"bucket0$611,:3,:6001",,MQ,BAM,14.8171,-61.1445,670.0,,,3000,100.0,ZNE,train,noise,"bucket0$520,:3,:6001",
646,"bucket0$612,:3,:6001",,MQ,BAM,14.8171,-61.1445,670.0,,,3000,100.0,ZNE,train,noise,"bucket0$521,:3,:6001",
647,"bucket0$613,:3,:6001",,MQ,BAM,14.8171,-61.1445,670.0,,,3000,100.0,ZNE,train,noise,"bucket0$522,:3,:6001",
648,"bucket0$614,:3,:6001",,MQ,BAM,14.8171,-61.1445,670.0,,,3000,100.0,ZNE,train,noise,"bucket0$523,:3,:6001",
649,"bucket0$615,:3,:6001",,MQ,BAM,14.8171,-61.1445,670.0,,,3000,100.0,ZNE,train,noise,"bucket0$524,:3,:6001",
650,"bucket0$616,:3,:6001",,MQ,BAM,14.8171,-61.1445,670.0,,,3000,100.0,ZNE,train,noise,"bucket0$525,:3,:6001",
651,"bucket0$617,:3,:6001",,MQ,BAM,14.8171,-61.1445,670.0,,,3000,100.0,ZNE,train,noise,"bucket0$526,:3,:6001",
652,"bucket0$618,:3,:6001",,MQ,BAM,14.8171,-61.1445,670.0,,,3000,100.0,ZNE,train,noise,"bucket0$527,:3,:6001",
653,"bucket0$619,:3,:6001",,MQ,BAM,14.8171,-61.1445,670.0,,,3000,100.0,ZNE,train,noise,"bucket0$528,:3,:6001",
654,"bucket0$620,:3,:6001",,MQ,BAM,14.8171,-61.1445,670.0,,,3000,100.0,ZNE,train,noise,"bucket0$529,:3,:6001",
655,"bucket0$621,:3,:6001",,MQ,BAM,14.8171,-61.1445,670.0,,,3000,100.0,ZNE,train,noise,"bucket0$530,:3,:6001",
656,"bucket1$81,:3,:6001",,MQ,BAM,14.8171,-61.1445,670.0,,,3000,100.0,ZNE,dev,noise,"bucket1$64,:3,:6001",
