trace_name,station_network_code,station_code,station_latitude_deg,station_longitude_deg,station_elevation_m,trace_p_arrival_sample,trace_s_arrival_sample,center_sample,trace_sampling_rate_hz,trace_component_order,split,name,trace_name_original
"bucket0$0,:3,:6001",MQ,IA2,14.80307,-61.20515,289.0,,,3000,100.0,ZNE,train,noise,MQ_IA2_NOISE_20140415_034200
"bucket0$1,:3,:6001",MQ,IA2,14.80307,-61.20515,289.0,,,3000,100.0,ZNE,train,noise,MQ_IA2_NOISE_20140328_024327
"bucket0$2,:3,:6001",MQ,IA2,14.80307,-61.20515,289.0,,,3000,100.0,ZNE,train,noise,MQ_IA2_NOISE_20140331_004335
"bucket0$3,:3,:6001",MQ,IA2,14.80307,-61.20515,289.0,,,3000,100.0,ZNE,train,noise,MQ_IA2_NOISE_20140318_115310
"bucket0$4,:3,:6001",MQ,IA2,14.80307,-61.20515,289.0,,,3000,100.0,ZNE,train,noise,MQ_IA2_NOISE_20140418_084950
"bucket0$5,:3,:6001",MQ,IA2,14.80307,-61.20515,289.0,,,3000,100.0,ZNE,train,noise,MQ_IA2_NOISE_20140510_210412
"bucket1$0,:3,:6001",MQ,IA2,14.80307,-61.20515,289.0,,,3000,100.0,ZNE,dev,noise,MQ_IA2_NOISE_20140516_132335
"bucket0$6,:3,:6001",MQ,IA2,14.80307,-61.20515,289.0,,,3000,100.0,ZNE,train,noise,MQ_IA2_NOISE_20140324_160717
"bucket0$7,:3,:6001",MQ,IA2,14.80307,-61.20515,289.0,,,3000,100.0,ZNE,train,noise,MQ_IA2_NOISE_20140224_114709
"bucket0$8,:3,:6001",MQ,IA2,14.80307,-61.20515,289.0,,,3000,100.0,ZNE,train,noise,MQ_IA2_NOISE_20140328_224415
"bucket0$9,:3,:6001",MQ,IA2,14.80307,-61.20515,289.0,,,3000,100.0,ZNE,train,noise,MQ_IA2_NOISE_20140420_014542
"bucket0$10,:3,:6001",MQ,IA2,14.80307,-61.20515,289.0,,,3000,100.0,ZNE,train,noise,MQ_IA2_NOISE_20140315_155416
"bucket0$11,:3,:6001",MQ,IA2,14.80307,-61.20515,289.0,,,3000,100.0,ZNE,train,noise,MQ_IA2_NOISE_20140411_192009
"bucket0$12,:3,:6001",MQ,IA2,14.80307,-61.20515,289.0,,,3000,100.0,ZNE,train,noise,MQ_IA2_NOISE_20140220_185625
"bucket1$1,:3,:6001",MQ,IA2,14.80307,-61.20515,289.0,,,3000,100.0,ZNE,dev,noise,MQ_IA2_NOISE_20140330_160228
"bucket0$13,:3,:6001",MQ,IA2,14.80307,-61.20515,289.0,,,3000,100.0,ZNE,train,noise,MQ_IA2_NOISE_20140221_012041
"bucket0$14,:3,:6001",MQ,IA2,14.80307,-61.20515,289.0,,,3000,100.0,ZNE,train,noise,MQ_IA2_NOISE_20140415_012454
"bucket1$2,:3,:6001",MQ,IA2,14.80307,-61.20515,289.0,,,3000,100.0,ZNE,dev,noise,MQ_IA2_NOISE_20140414_041127
"bucket0$15,:3,:6001",MQ,IA2,14.80307,-61.20515,289.0,,,3000,100.0,ZNE,train,noise,MQ_IA2_NOISE_20140226_075731
"bucket0$16,:3,:6001",MQ,IA2,14.80307,-61.20515,289.0,,,3000,100.0,ZNE,train,noise,MQ_IA2_NOISE_20140501_094433
"bucket0$17,:3,:6001",MQ,IA2,14.80307,-61.20515,289.0,,,3000,100.0,ZNE,train,noise,MQ_IA2_NOISE_20140324_194039
"bucket0$18,:3,:6001",MQ,IA2,14.80307,-61.20515,289.0,,,3000,100.0,ZNE,train,noise,MQ_IA2_NOISE_20140504_044715
"bucket0$19,:3,:6001",MQ,IA2,14.80307,-61.20515,289.0,,,3000,100.0,ZNE,train,noise,MQ_IA2_NOISE_20140504_220316
"bucket1$3,:3,:6001",MQ,IA2,14.80307,-61.20515,289.0,,,3000,100.0,ZNE,dev,noise,MQ_IA2_NOISE_20140327_111110
"bucket0$20,:3,:6001",MQ,IA2,14.80307,-61.20515,289.0,,,3000,100.0,ZNE,train,noise,MQ_IA2_NOISE_20140430_202350
"bucket0$21,:3,:6001",MQ,IA2,14.80307,-61.20515,289.0,,,3000,100.0,ZNE,train,noise,MQ_IA2_NOISE_20140220_104453
"bucket0$22,:3,:6001",MQ,IA2,14.80307,-61.20515,289.0,,,3000,100.0,ZNE,train,noise,MQ_IA2_NOISE_20140422_065855
"bucket0$23,:3,:6001",MQ,IA2,14.80307,-61.20515,289.0,,,3000,100.0,ZNE,train,noise,MQ_IA2_NOISE_20140516_142026
"bucket0$24,:3,:6001",MQ,IA2,14.80307,-61.20515,289.0,,,3000,100.0,ZNE,train,noise,MQ_IA2_NOISE_20140402_140048
"bucket0$25,:3,:6001",MQ,IA2,14.80307,-61.20515,289.0,,,3000,100.0,ZNE,train,noise,MQ_IA2_NOISE_20140308_052856
"bucket0$26,:3,:6001",MQ,IA2,14.80307,-61.20515,289.0,,,3000,100.0,ZNE,train,noise,MQ_IA2_NOISE_20140423_105807
"bucket1$4,:3,:6001",MQ,IA2,14.80307,-61.20515,289.0,,,3000,100.0,ZNE,dev,noise,MQ_IA2_NOISE_20140420_012000
"bucket0$27,:3,:6001",MQ,IA2,14.80307,-61.20515,289.0,,,3000,100.0,ZNE,train,noise,MQ_IA2_NOISE_20140221_192802
"bucket0$28,:3,:6001",MQ,IA2,14.80307,-61.20515,289.0,,,3000,100.0,ZNE,train,noise,MQ_IA2_NOISE_20140419_075728
"bucket2$0,:3,:6001",MQ,IA2,14.80307,-61.20515,289.0,,,3000,100.0,ZNE,test,noise,MQ_IA2_NOISE_20140420_181608
"bucket0$29,:3,:6001",MQ,IA2,14.80307,-61.20515,289.0,,,3000,100.0,ZNE,train,noise,MQ_IA2_NOISE_20140509_212200
"bucket0$30,:3,:6001",MQ,IA2,14.80307,-61.20515,289.0,,,3000,100.0,ZNE,train,noise,MQ_IA2_NOISE_20140425_152855
"bucket0$31,:3,:6001",MQ,IA2,14.80307,-61.20515,289.0,,,3000,100.0,ZNE,train,noise,MQ_IA2_NOISE_20140427_080403
"bucket0$32,:3,:6001",MQ,IA2,14.80307,-61.20515,289.0,,,3000,100.0,ZNE,train,noise,MQ_IA2_NOISE_20140525_060158
"bucket0$33,:3,:6001",MQ,IA2,14.80307,-61.20515,289.0,,,3000,100.0,ZNE,train,noise,MQ_IA2_NOISE_20140415_031446
"bucket0$34,:3,:6001",MQ,IA2,14.80307,-61.20515,289.0,,,3000,100.0,ZNE,train,noise,MQ_IA2_NOISE_20140323_100407
"bucket0$35,:3,:6001",MQ,IA2,14.80307,-61.20515,289.0,,,3000,100.0,ZNE,train,noise,MQ_IA2_NOISE_20140514_224055
"bucket0$36,:3,:6001",MQ,IA2,14.80307,-61.20515,289.0,,,3000,100.0,ZNE,train,noise,MQ_IA2_NOISE_20140404_115839
"bucket0$37,:3,:6001",MQ,IA2,14.80307,-61.20515,289.0,,,3000,100.0,ZNE,train,noise,MQ_IA2_NOISE_20140310_152003
"bucket0$38,:3,:6001",MQ,IA2,14.80307,-61.20515,289.0,,,3000,100.0,ZNE,train,noise,MQ_IA2_NOISE_20140503_073035
"bucket0$39,:3,:6001",MQ,IA2,14.80307,-61.20515,289.0,,,3000,100.0,ZNE,train,noise,MQ_IA2_NOISE_20140415_123043
"bucket1$5,:3,:6001",MQ,IA2,14.80307,-61.20515,289.0,,,3000,100.0,ZNE,dev,noise,MQ_IA2_NOISE_20140224_194636
"bucket2$1,:3,:6001",MQ,IA2,14.80307,-61.20515,289.0,,,3000,100.0,ZNE,test,noise,MQ_IA2_NOISE_20140508_004521
"bucket0$40,:3,:6001",MQ,IA2,14.80307,-61.20515,289.0,,,3000,100.0,ZNE,train,noise,MQ_IA2_NOISE_20140315_112401
"bucket0$41,:3,:6001",MQ,IA2,14.80307,-61.20515,289.0,,,3000,100.0,ZNE,train,noise,MQ_IA2_NOISE_20140516_165422
"bucket1$6,:3,:6001",MQ,IA2,14.80307,-61.20515,289.0,,,3000,100.0,ZNE,dev,noise,MQ_IA2_NOISE_20140222_064900
"bucket0$42,:3,:6001",MQ,IA2,14.80307,-61.20515,289.0,,,3000,100.0,ZNE,train,noise,MQ_IA2_NOISE_20140502_062415
"bucket0$43,:3,:6001",MQ,IA2,14.80307,-61.20515,289.0,,,3000,100.0,ZNE,train,noise,MQ_IA2_NOISE_20140416_154303
"bucket0$44,:3,:6001",MQ,IA2,14.80307,-61.20515,289.0,,,3000,100.0,ZNE,train,noise,MQ_IA2_NOISE_20140227_084301
"bucket0$45,:3,:6001",MQ,IA2,14.80307,-61.20515,289.0,,,3000,100.0,ZNE,train,noise,MQ_IA2_NOISE_20140313_061150
"bucket0$46,:3,:6001",MQ,IA2,14.80307,-61.20515,289.0,,,3000,100.0,ZNE,train,noise,MQ_IA2_NOISE_20140222_160234
"bucket0$47,:3,:6001",MQ,IA2,14.80307,-61.20515,289.0,,,3000,100.0,ZNE,train,noise,MQ_IA2_NOISE_20140521_205029
"bucket0$48,:3,:6001",MQ,IA2,14.80307,-61.20515,289.0,,,3000,100.0,ZNE,train,noise,MQ_IA2_NOISE_20140422_063202
"bucket0$49,:3,:6001",MQ,IA2,14.80307,-61.20515,289.0,,,3000,100.0,ZNE,train,noise,MQ_IA2_NOISE_20140414_083603
"bucket0$50,:3,:6001",MQ,IA2,14.80307,-61.20515,289.0,,,3000,100.0,ZNE,train,noise,MQ_IA2_NOISE_20140309_093900
"bucket0$51,:3,:6001",MQ,IA2,14.80307,-61.20515,289.0,,,3000,100.0,ZNE,train,noise,MQ_IA2_NOISE_20140429_110725
"bucket0$52,:3,:6001",MQ,IA2,14.80307,-61.20515,289.0,,,3000,100.0,ZNE,train,noise,MQ_IA2_NOISE_20140228_162137
"bucket0$53,:3,:6001",MQ,IA2,14.80307,-61.20515,289.0,,,3000,100.0,ZNE,train,noise,MQ_IA2_NOISE_20140412_234143
"bucket0$54,:3,:6001",MQ,IA2,14.80307,-61.20515,289.0,,,3000,100.0,ZNE,train,noise,MQ_IA2_NOISE_20140505_230130
"bucket0$55,:3,:6001",MQ,IA2,14.80307,-61.20515,289.0,,,3000,100.0,ZNE,train,noise,MQ_IA2_NOISE_20140318_160013
"bucket1$7,:3,:6001",MQ,IA2,14.80307,-61.20515,289.0,,,3000,100.0,ZNE,dev,noise,MQ_IA2_NOISE_20140308_231134
"bucket0$56,:3,:6001",MQ,IA2,14.80307,-61.20515,289.0,,,3000,100.0,ZNE,train,noise,MQ_IA2_NOISE_20140220_225409
"bucket0$57,:3,:6001",MQ,IA2,14.80307,-61.20515,289.0,,,3000,100.0,ZNE,train,noise,MQ_IA2_NOISE_20140222_051215
"bucket0$58,:3,:6001",MQ,IA2,14.80307,-61.20515,289.0,,,3000,100.0,ZNE,train,noise,MQ_IA2_NOISE_20140318_124707
"bucket0$59,:3,:6001",MQ,IA2,14.80307,-61.20515,289.0,,,3000,100.0,ZNE,train,noise,MQ_IA2_NOISE_20140401_002802
"bucket2$2,:3,:6001",MQ,IA2,14.80307,-61.20515,289.0,,,3000,100.0,ZNE,test,noise,MQ_IA2_NOISE_20140408_162531
"bucket0$60,:3,:6001",MQ,IA2,14.80307,-61.20515,289.0,,,3000,100.0,ZNE,train,noise,MQ_IA2_NOISE_20140315_152333
"bucket0$61,:3,:6001",MQ,IA2,14.80307,-61.20515,289.0,,,3000,100.0,ZNE,train,noise,MQ_IA2_NOISE_20140307_110628
"bucket0$62,:3,:6001",MQ,IA2,14.80307,-61.20515,289.0,,,3000,100.0,ZNE,train,noise,MQ_IA2_NOISE_20140319_235307
"bucket2$3,:3,:6001",MQ,IA2,14.80307,-61.20515,289.0,,,3000,100.0,ZNE,test,noise,MQ_IA2_NOISE_20140225_180337
"bucket0$63,:3,:6001",MQ,IA2,14.80307,-61.20515,289.0,,,3000,100.0,ZNE,train,noise,MQ_IA2_NOISE_20140304_164242
"bucket0$64,:3,:6001",MQ,IA2,14.80307,-61.20515,289.0,,,3000,100.0,ZNE,train,noise,MQ_IA2_NOISE_20140410_213305
"bucket0$65,:3,:6001",MQ,IA2,14.80307,-61.20515,289.0,,,3000,100.0,ZNE,train,noise,MQ_IA2_NOISE_20140430_042536
"bucket1$8,:3,:6001",MQ,IA2,14.80307,-61.20515,289.0,,,3000,100.0,ZNE,dev,noise,MQ_IA2_NOISE_20140509_211250
"bucket0$66,:3,:6001",MQ,IA2,14.80307,-61.20515,289.0,,,3000,100.0,ZNE,train,noise,MQ_IA2_NOISE_20140419_134333
"bucket0$67,:3,:6001",MQ,IA2,14.80307,-61.20515,289.0,,,3000,100.0,ZNE,train,noise,MQ_IA2_NOISE_20140425_044328
"bucket2$4,:3,:6001",MQ,IA2,14.80307,-61.20515,289.0,,,3000,100.0,ZNE,test,noise,MQ_IA2_NOISE_20140404_180445
"bucket0$68,:3,:6001",MQ,IA2,14.80307,-61.20515,289.0,,,3000,100.0,ZNE,train,noise,MQ_IA2_NOISE_20140425_114113
"bucket0$69,:3,:6001",MQ,IA2,14.80307,-61.20515,289.0,,,3000,100.0,ZNE,train,noise,MQ_IA2_NOISE_20140516_173654
"bucket0$70,:3,:6001",MQ,IA2,14.80307,-61.20515,289.0,,,3000,100.0,ZNE,train,noise,MQ_IA2_NOISE_20140325_154359
"bucket0$71,:3,:6001",MQ,IA2,14.80307,-61.20515,289.0,,,3000,100.0,ZNE,train,noise,MQ_IA2_NOISE_20140420_224556
"bucket0$72,:3,:6001",MQ,IA2,14.80307,-61.20515,289.0,,,3000,100.0,ZNE,train,noise,MQ_IA2_NOISE_20140222_143335
"bucket0$73,:3,:6001",MQ,IA2,14.80307,-61.20515,289.0,,,3000,100.0,ZNE,train,noise,MQ_IA2_NOISE_20140324_160055
"bucket0$74,:3,:6001",MQ,IA2,14.80307,-61.20515,289.0,,,3000,100.0,ZNE,train,noise,MQ_IA2_NOISE_20140309_092621
"bucket0$75,:3,:6001",MQ,IA2,14.80307,-61.20515,289.0,,,3000,100.0,ZNE,train,noise,MQ_IA2_NOISE_20140505_123012
"bucket0$76,:3,:6001",MQ,IA2,14.80307,-61.20515,289.0,,,3000,100.0,ZNE,train,noise,MQ_IA2_NOISE_20140416_015230
"bucket0$77,:3,:6001",MQ,IA2,14.80307,-61.20515,289.0,,,3000,100.0,ZNE,train,noise,MQ_IA2_NOISE_20140420_125619
"bucket2$5,:3,:6001",MQ,IA2,14.80307,-61.20515,289.0,,,3000,100.0,ZNE,test,noise,MQ_IA2_NOISE_20140516_152622
"bucket0$78,:3,:6001",MQ,IA2,14.80307,-61.20515,289.0,,,3000,100.0,ZNE,train,noise,MQ_IA2_NOISE_20140414_131639
"bucket0$79,:3,:6001",MQ,IA2,14.80307,-61.20515,289.0,,,3000,100.0,ZNE,train,noise,MQ_IA2_NOISE_20140317_001454
"bucket0$80,:3,:6001",MQ,IA2,14.80307,-61.20515,289.0,,,3000,100.0,ZNE,train,noise,MQ_IA2_NOISE_20140326_204040
"bucket0$81,:3,:6001",MQ,IA2,14.80307,-61.20515,289.0,,,3000,100.0,ZNE,train,noise,MQ_IA2_NOISE_20140227_081328
"bucket1$9,:3,:6001",MQ,IA2,14.80307,-61.20515,289.0,,,3000,100.0,ZNE,dev,noise,MQ_IA2_NOISE_20140418_135107
"bucket0$82,:3,:6001",MQ,IA2,14.80307,-61.20515,289.0,,,3000,100.0,ZNE,train,noise,MQ_IA2_NOISE_20140331_104131
"bucket0$83,:3,:6001",MQ,IA2,14.80307,-61.20515,289.0,,,3000,100.0,ZNE,train,noise,MQ_IA2_NOISE_20140417_185328
"bucket0$84,:3,:6001",WI,SAM,14.84108,-61.1638,485.0,,,3000,100.0,ZNE,train,noise,WI_SAM_NOISE_20140429_005836
"bucket0$85,:3,:6001",WI,SAM,14.84108,-61.1638,485.0,,,3000,100.0,ZNE,train,noise,WI_SAM_NOISE_20140516_123421
"bucket2$6,:3,:6001",WI,SAM,14.84108,-61.1638,485.0,,,3000,100.0,ZNE,test,noise,WI_SAM_NOISE_20140313_092032
"bucket0$86,:3,:6001",WI,SAM,14.84108,-61.1638,485.0,,,3000,100.0,ZNE,train,noise,WI_SAM_NOISE_20140523_165544
"bucket0$87,:3,:6001",WI,SAM,14.84108,-61.1638,485.0,,,3000,100.0,ZNE,train,noise,WI_SAM_NOISE_20140407_011415
"bucket0$88,:3,:6001",WI,SAM,14.84108,-61.1638,485.0,,,3000,100.0,ZNE,train,noise,WI_SAM_NOISE_20140529_064706
"bucket0$89,:3,:6001",WI,SAM,14.84108,-61.1638,485.0,,,3000,100.0,ZNE,train,noise,WI_SAM_NOISE_20140331_224640
"bucket1$10,:3,:6001",WI,SAM,14.84108,-61.1638,485.0,,,3000,100.0,ZNE,dev,noise,WI_SAM_NOISE_20140519_072714
"bucket1$11,:3,:6001",WI,SAM,14.84108,-61.1638,485.0,,,3000,100.0,ZNE,dev,noise,WI_SAM_NOISE_20140413_171224
"bucket0$90,:3,:6001",WI,SAM,14.84108,-61.1638,485.0,,,3000,100.0,ZNE,train,noise,WI_SAM_NOISE_20140522_031452
"bucket0$91,:3,:6001",WI,SAM,14.84108,-61.1638,485.0,,,3000,100.0,ZNE,train,noise,WI_SAM_NOISE_20140331_185501
"bucket0$92,:3,:6001",WI,SAM,14.84108,-61.1638,485.0,,,3000,100.0,ZNE,train,noise,WI_SAM_NOISE_20140519_201128
"bucket0$93,:3,:6001",WI,SAM,14.84108,-61.1638,485.0,,,3000,100.0,ZNE,train,noise,WI_SAM_NOISE_20140225_115906
"bucket0$94,:3,:6001",WI,SAM,14.84108,-61.1638,485.0,,,3000,100.0,ZNE,train,noise,WI_SAM_NOISE_20140516_070331
"bucket0$95,:3,:6001",WI,SAM,14.84108,-61.1638,485.0,,,3000,100.0,ZNE,train,noise,WI_SAM_NOISE_20140508_232234
"bucket0$96,:3,:6001",WI,SAM,14.84108,-61.1638,485.0,,,3000,100.0,ZNE,train,noise,WI_SAM_NOISE_20140330_085920
"bucket0$97,:3,:6001",WI,SAM,14.84108,-61.1638,485.0,,,3000,100.0,ZNE,train,noise,WI_SAM_NOISE_20140522_031255
"bucket0$98,:3,:6001",WI,SAM,14.84108,-61.1638,485.0,,,3000,100.0,ZNE,train,noise,WI_SAM_NOISE_20140411_234651
"bucket2$7,:3,:6001",WI,SAM,14.84108,-61.1638,485.0,,,3000,100.0,ZNE,test,noise,WI_SAM_NOISE_20140528_060156
"bucket0$99,:3,:6001",WI,SAM,14.84108,-61.1638,485.0,,,3000,100.0,ZNE,train,noise,WI_SAM_NOISE_20140226_010713
"bucket0$100,:3,:6001",WI,SAM,14.84108,-61.1638,485.0,,,3000,100.0,ZNE,train,noise,WI_SAM_NOISE_20140417_124344
"bucket1$12,:3,:6001",WI,SAM,14.84108,-61.1638,485.0,,,3000,100.0,ZNE,dev,noise,WI_SAM_NOISE_20140308_191954
"bucket0$101,:3,:6001",WI,SAM,14.84108,-61.1638,485.0,,,3000,100.0,ZNE,train,noise,WI_SAM_NOISE_20140329_045550
"bucket0$102,:3,:6001",WI,SAM,14.84108,-61.1638,485.0,,,3000,100.0,ZNE,train,noise,WI_SAM_NOISE_20140414_065429
"bucket0$103,:3,:6001",WI,SAM,14.84108,-61.1638,485.0,,,3000,100.0,ZNE,train,noise,WI_SAM_NOISE_20140526_143325
"bucket0$104,:3,:6001",WI,SAM,14.84108,-61.1638,485.0,,,3000,100.0,ZNE,train,noise,WI_SAM_NOISE_20140513_032906
"bucket0$105,:3,:6001",WI,SAM,14.84108,-61.1638,485.0,,,3000,100.0,ZNE,train,noise,WI_SAM_NOISE_20140421_181840
"bucket0$106,:3,:6001",WI,SAM,14.84108,-61.1638,485.0,,,3000,100.0,ZNE,train,noise,WI_SAM_NOISE_20140520_111948
"bucket0$107,:3,:6001",WI,SAM,14.84108,-61.1638,485.0,,,3000,100.0,ZNE,train,noise,WI_SAM_NOISE_20140530_194413
"bucket0$108,:3,:6001",WI,SAM,14.84108,-61.1638,485.0,,,3000,100.0,ZNE,train,noise,WI_SAM_NOISE_20140402_220840
"bucket0$109,:3,:6001",WI,SAM,14.84108,-61.1638,485.0,,,3000,100.0,ZNE,train,noise,WI_SAM_NOISE_20140524_041337
"bucket0$110,:3,:6001",WI,SAM,14.84108,-61.1638,485.0,,,3000,100.0,ZNE,train,noise,WI_SAM_NOISE_20140222_004541
"bucket0$111,:3,:6001",WI,SAM,14.84108,-61.1638,485.0,,,3000,100.0,ZNE,train,noise,WI_SAM_NOISE_20140527_222938
"bucket1$13,:3,:6001",WI,SAM,14.84108,-61.1638,485.0,,,3000,100.0,ZNE,dev,noise,WI_SAM_NOISE_20140228_112336
"bucket0$112,:3,:6001",WI,SAM,14.84108,-61.1638,485.0,,,3000,100.0,ZNE,train,noise,WI_SAM_NOISE_20140423_233727
"bucket0$113,:3,:6001",WI,SAM,14.84108,-61.1638,485.0,,,3000,100.0,ZNE,train,noise,WI_SAM_NOISE_20140228_034527
"bucket0$114,:3,:6001",WI,SAM,14.84108,-61.1638,485.0,,,3000,100.0,ZNE,train,noise,WI_SAM_NOISE_20140506_084403
"bucket2$8,:3,:6001",WI,SAM,14.84108,-61.1638,485.0,,,3000,100.0,ZNE,test,noise,WI_SAM_NOISE_20140314_071649
"bucket0$115,:3,:6001",WI,SAM,14.84108,-61.1638,485.0,,,3000,100.0,ZNE,train,noise,WI_SAM_NOISE_20140501_174146
"bucket0$116,:3,:6001",WI,SAM,14.84108,-61.1638,485.0,,,3000,100.0,ZNE,train,noise,WI_SAM_NOISE_20140305_101747
"bucket2$9,:3,:6001",WI,SAM,14.84108,-61.1638,485.0,,,3000,100.0,ZNE,test,noise,WI_SAM_NOISE_20140321_232159
"bucket0$117,:3,:6001",WI,SAM,14.84108,-61.1638,485.0,,,3000,100.0,ZNE,train,noise,WI_SAM_NOISE_20140410_211008
"bucket2$10,:3,:6001",WI,SAM,14.84108,-61.1638,485.0,,,3000,100.0,ZNE,test,noise,WI_SAM_NOISE_20140228_133814
"bucket0$118,:3,:6001",WI,SAM,14.84108,-61.1638,485.0,,,3000,100.0,ZNE,train,noise,WI_SAM_NOISE_20140529_025415
"bucket0$119,:3,:6001",WI,SAM,14.84108,-61.1638,485.0,,,3000,100.0,ZNE,train,noise,WI_SAM_NOISE_20140528_153654
"bucket0$120,:3,:6001",WI,SAM,14.84108,-61.1638,485.0,,,3000,100.0,ZNE,train,noise,WI_SAM_NOISE_20140504_045600
"bucket0$121,:3,:6001",WI,SAM,14.84108,-61.1638,485.0,,,3000,100.0,ZNE,train,noise,WI_SAM_NOISE_20140408_032116
"bucket0$122,:3,:6001",WI,SAM,14.84108,-61.1638,485.0,,,3000,100.0,ZNE,train,noise,WI_SAM_NOISE_20140309_004934
"bucket0$123,:3,:6001",WI,SAM,14.84108,-61.1638,485.0,,,3000,100.0,ZNE,train,noise,WI_SAM_NOISE_20140330_050820
"bucket2$11,:3,:6001",WI,SAM,14.84108,-61.1638,485.0,,,3000,100.0,ZNE,test,noise,WI_SAM_NOISE_20140312_085143
"bucket0$124,:3,:6001",WI,SAM,14.84108,-61.1638,485.0,,,3000,100.0,ZNE,train,noise,WI_SAM_NOISE_20140527_071402
"bucket0$125,:3,:6001",WI,SAM,14.84108,-61.1638,485.0,,,3000,100.0,ZNE,train,noise,WI_SAM_NOISE_20140520_154139
"bucket0$126,:3,:6001",WI,SAM,14.84108,-61.1638,485.0,,,3000,100.0,ZNE,train,noise,WI_SAM_NOISE_20140526_050911
"bucket0$127,:3,:6001",WI,SAM,14.84108,-61.1638,485.0,,,3000,100.0,ZNE,train,noise,WI_SAM_NOISE_20140430_093030
"bucket0$128,:3,:6001",WI,SAM,14.84108,-61.1638,485.0,,,3000,100.0,ZNE,train,noise,WI_SAM_NOISE_20140516_200356
"bucket0$129,:3,:6001",WI,SAM,14.84108,-61.1638,485.0,,,3000,100.0,ZNE,train,noise,WI_SAM_NOISE_20140329_045536
"bucket0$130,:3,:6001",WI,SAM,14.84108,-61.1638,485.0,,,3000,100.0,ZNE,train,noise,WI_SAM_NOISE_20140421_182816
"bucket0$131,:3,:6001",WI,SAM,14.84108,-61.1638,485.0,,,3000,100.0,ZNE,train,noise,WI_SAM_NOISE_20140324_164512
"bucket0$132,:3,:6001",WI,SAM,14.84108,-61.1638,485.0,,,3000,100.0,ZNE,train,noise,WI_SAM_NOISE_20140227_085830
"bucket2$12,:3,:6001",WI,SAM,14.84108,-61.1638,485.0,,,3000,100.0,ZNE,test,noise,WI_SAM_NOISE_20140323_181931
"bucket0$133,:3,:6001",WI,SAM,14.84108,-61.1638,485.0,,,3000,100.0,ZNE,train,noise,WI_SAM_NOISE_20140315_205155
"bucket0$134,:3,:6001",WI,SAM,14.84108,-61.1638,485.0,,,3000,100.0,ZNE,train,noise,WI_SAM_NOISE_20140309_040016
"bucket2$13,:3,:6001",WI,SAM,14.84108,-61.1638,485.0,,,3000,100.0,ZNE,test,noise,WI_SAM_NOISE_20140305_070822
"bucket0$135,:3,:6001",WI,SAM,14.84108,-61.1638,485.0,,,3000,100.0,ZNE,train,noise,WI_SAM_NOISE_20140512_051914
"bucket0$136,:3,:6001",WI,SAM,14.84108,-61.1638,485.0,,,3000,100.0,ZNE,train,noise,WI_SAM_NOISE_20140303_044413
"bucket2$14,:3,:6001",WI,SAM,14.84108,-61.1638,485.0,,,3000,100.0,ZNE,test,noise,WI_SAM_NOISE_20140514_214518
"bucket2$15,:3,:6001",WI,SAM,14.84108,-61.1638,485.0,,,3000,100.0,ZNE,test,noise,WI_SAM_NOISE_20140508_041337
"bucket1$14,:3,:6001",WI,SAM,14.84108,-61.1638,485.0,,,3000,100.0,ZNE,dev,noise,WI_SAM_NOISE_20140330_142717
"bucket0$137,:3,:6001",WI,SAM,14.84108,-61.1638,485.0,,,3000,100.0,ZNE,train,noise,WI_SAM_NOISE_20140408_055521
"bucket0$138,:3,:6001",WI,SAM,14.84108,-61.1638,485.0,,,3000,100.0,ZNE,train,noise,WI_SAM_NOISE_20140312_203923
"bucket1$15,:3,:6001",WI,SAM,14.84108,-61.1638,485.0,,,3000,100.0,ZNE,dev,noise,WI_SAM_NOISE_20140417_104617
"bucket2$16,:3,:6001",WI,SAM,14.84108,-61.1638,485.0,,,3000,100.0,ZNE,test,noise,WI_SAM_NOISE_20140520_232124
"bucket0$139,:3,:6001",WI,SAM,14.84108,-61.1638,485.0,,,3000,100.0,ZNE,train,noise,WI_SAM_NOISE_20140407_100243
"bucket1$16,:3,:6001",WI,SAM,14.84108,-61.1638,485.0,,,3000,100.0,ZNE,dev,noise,WI_SAM_NOISE_20140314_082206
"bucket0$140,:3,:6001",WI,SAM,14.84108,-61.1638,485.0,,,3000,100.0,ZNE,train,noise,WI_SAM_NOISE_20140426_181437
"bucket1$17,:3,:6001",WI,SAM,14.84108,-61.1638,485.0,,,3000,100.0,ZNE,dev,noise,WI_SAM_NOISE_20140316_161903
"bucket1$18,:3,:6001",WI,SAM,14.84108,-61.1638,485.0,,,3000,100.0,ZNE,dev,noise,WI_SAM_NOISE_20140420_084614
"bucket0$141,:3,:6001",WI,SAM,14.84108,-61.1638,485.0,,,3000,100.0,ZNE,train,noise,WI_SAM_NOISE_20140330_050354
"bucket0$142,:3,:6001",WI,SAM,14.84108,-61.1638,485.0,,,3000,100.0,ZNE,train,noise,WI_SAM_NOISE_20140325_005821
"bucket0$143,:3,:6001",WI,SAM,14.84108,-61.1638,485.0,,,3000,100.0,ZNE,train,noise,WI_SAM_NOISE_20140301_025213
"bucket1$19,:3,:6001",WI,SAM,14.84108,-61.1638,485.0,,,3000,100.0,ZNE,dev,noise,WI_SAM_NOISE_20140503_234042
"bucket0$144,:3,:6001",WI,SAM,14.84108,-61.1638,485.0,,,3000,100.0,ZNE,train,noise,WI_SAM_NOISE_20140401_023840
"bucket0$145,:3,:6001",WI,SAM,14.84108,-61.1638,485.0,,,3000,100.0,ZNE,train,noise,WI_SAM_NOISE_20140502_164158
"bucket0$146,:3,:6001",WI,SAM,14.84108,-61.1638,485.0,,,3000,100.0,ZNE,train,noise,WI_SAM_NOISE_20140517_005254
"bucket0$147,:3,:6001",WI,SAM,14.84108,-61.1638,485.0,,,3000,100.0,ZNE,train,noise,WI_SAM_NOISE_20140407_054610
"bucket0$148,:3,:6001",WI,SAM,14.84108,-61.1638,485.0,,,3000,100.0,ZNE,train,noise,WI_SAM_NOISE_20140331_041344
"bucket1$20,:3,:6001",WI,SAM,14.84108,-61.1638,485.0,,,3000,100.0,ZNE,dev,noise,WI_SAM_NOISE_20140515_211801
"bucket0$149,:3,:6001",WI,SAM,14.84108,-61.1638,485.0,,,3000,100.0,ZNE,train,noise,WI_SAM_NOISE_20140519_193718
"bucket0$150,:3,:6001",WI,SAM,14.84108,-61.1638,485.0,,,3000,100.0,ZNE,train,noise,WI_SAM_NOISE_20140301_103657
"bucket0$151,:3,:6001",WI,SAM,14.84108,-61.1638,485.0,,,3000,100.0,ZNE,train,noise,WI_SAM_NOISE_20140226_070055
"bucket0$152,:3,:6001",WI,SAM,14.84108,-61.1638,485.0,,,3000,100.0,ZNE,train,noise,WI_SAM_NOISE_20140303_063616
"bucket0$153,:3,:6001",WI,SAM,14.84108,-61.1638,485.0,,,3000,100.0,ZNE,train,noise,WI_SAM_NOISE_20140511_010635
"bucket0$154,:3,:6001",WI,SAM,14.84108,-61.1638,485.0,,,3000,100.0,ZNE,train,noise,WI_SAM_NOISE_20140414_075530
"bucket0$155,:3,:6001",WI,SAM,14.84108,-61.1638,485.0,,,3000,100.0,ZNE,train,noise,WI_SAM_NOISE_20140420_063708
"bucket1$21,:3,:6001",WI,SAM,14.84108,-61.1638,485.0,,,3000,100.0,ZNE,dev,noise,WI_SAM_NOISE_20140528_081041
"bucket1$22,:3,:6001",WI,SAM,14.84108,-61.1638,485.0,,,3000,100.0,ZNE,dev,noise,WI_SAM_NOISE_20140406_182517
"bucket0$156,:3,:6001",WI,SAM,14.84108,-61.1638,485.0,,,3000,100.0,ZNE,train,noise,WI_SAM_NOISE_20140509_055705
"bucket0$157,:3,:6001",WI,SAM,14.84108,-61.1638,485.0,,,3000,100.0,ZNE,train,noise,WI_SAM_NOISE_20140514_124108
"bucket0$158,:3,:6001",WI,SAM,14.84108,-61.1638,485.0,,,3000,100.0,ZNE,train,noise,WI_SAM_NOISE_20140514_075935
"bucket2$17,:3,:6001",WI,SAM,14.84108,-61.1638,485.0,,,3000,100.0,ZNE,test,noise,WI_SAM_NOISE_20140511_212913
"bucket2$18,:3,:6001",MQ,MLM,14.7846,-61.1786,370.0,,,3000,100.0,ZNE,test,noise,MQ_MLM_NOISE_20140423_073600
"bucket0$159,:3,:6001",MQ,MLM,14.7846,-61.1786,370.0,,,3000,100.0,ZNE,train,noise,MQ_MLM_NOISE_20140301_204151
"bucket0$160,:3,:6001",MQ,MLM,14.7846,-61.1786,370.0,,,3000,100.0,ZNE,train,noise,MQ_MLM_NOISE_20140421_133714
"bucket0$161,:3,:6001",MQ,MLM,14.7846,-61.1786,370.0,,,3000,100.0,ZNE,train,noise,MQ_MLM_NOISE_20140518_031303
"bucket0$162,:3,:6001",MQ,MLM,14.7846,-61.1786,370.0,,,3000,100.0,ZNE,train,noise,MQ_MLM_NOISE_20140508_111453
"bucket0$163,:3,:6001",MQ,MLM,14.7846,-61.1786,370.0,,,3000,100.0,ZNE,train,noise,MQ_MLM_NOISE_20140319_074424
"bucket1$23,:3,:6001",MQ,MLM,14.7846,-61.1786,370.0,,,3000,100.0,ZNE,dev,noise,MQ_MLM_NOISE_20140406_190018
"bucket0$164,:3,:6001",MQ,MLM,14.7846,-61.1786,370.0,,,3000,100.0,ZNE,train,noise,MQ_MLM_NOISE_20140508_164646
"bucket0$165,:3,:6001",MQ,MLM,14.7846,-61.1786,370.0,,,3000,100.0,ZNE,train,noise,MQ_MLM_NOISE_20140320_064616
"bucket0$166,:3,:6001",MQ,MLM,14.7846,-61.1786,370.0,,,3000,100.0,ZNE,train,noise,MQ_MLM_NOISE_20140529_101457
"bucket0$167,:3,:6001",MQ,MLM,14.7846,-61.1786,370.0,,,3000,100.0,ZNE,train,noise,MQ_MLM_NOISE_20140423_023347
"bucket0$168,:3,:6001",MQ,MLM,14.7846,-61.1786,370.0,,,3000,100.0,ZNE,train,noise,MQ_MLM_NOISE_20140521_072246
"bucket0$169,:3,:6001",MQ,MLM,14.7846,-61.1786,370.0,,,3000,100.0,ZNE,train,noise,MQ_MLM_NOISE_20140309_170653
"bucket2$19,:3,:6001",MQ,MLM,14.7846,-61.1786,370.0,,,3000,100.0,ZNE,test,noise,MQ_MLM_NOISE_20140328_195021
"bucket0$170,:3,:6001",MQ,MLM,14.7846,-61.1786,370.0,,,3000,100.0,ZNE,train,noise,MQ_MLM_NOISE_20140531_141549
"bucket0$171,:3,:6001",MQ,MLM,14.7846,-61.1786,370.0,,,3000,100.0,ZNE,train,noise,MQ_MLM_NOISE_20140414_001911
"bucket0$172,:3,:6001",MQ,MLM,14.7846,-61.1786,370.0,,,3000,100.0,ZNE,train,noise,MQ_MLM_NOISE_20140531_043513
"bucket0$173,:3,:6001",MQ,MLM,14.7846,-61.1786,370.0,,,3000,100.0,ZNE,train,noise,MQ_MLM_NOISE_20140427_214442
"bucket0$174,:3,:6001",MQ,MLM,14.7846,-61.1786,370.0,,,3000,100.0,ZNE,train,noise,MQ_MLM_NOISE_20140315_165242
"bucket0$175,:3,:6001",MQ,MLM,14.7846,-61.1786,370.0,,,3000,100.0,ZNE,train,noise,MQ_MLM_NOISE_20140320_031805
"bucket2$20,:3,:6001",MQ,MLM,14.7846,-61.1786,370.0,,,3000,100.0,ZNE,test,noise,MQ_MLM_NOISE_20140503_072742
"bucket0$176,:3,:6001",MQ,MLM,14.7846,-61.1786,370.0,,,3000,100.0,ZNE,train,noise,MQ_MLM_NOISE_20140326_042324
"bucket0$177,:3,:6001",MQ,MLM,14.7846,-61.1786,370.0,,,3000,100.0,ZNE,train,noise,MQ_MLM_NOISE_20140404_182951
"bucket0$178,:3,:6001",MQ,MLM,14.7846,-61.1786,370.0,,,3000,100.0,ZNE,train,noise,MQ_MLM_NOISE_20140510_213656
"bucket1$24,:3,:6001",MQ,MLM,14.7846,-61.1786,370.0,,,3000,100.0,ZNE,dev,noise,MQ_MLM_NOISE_20140318_004835
"bucket0$179,:3,:6001",MQ,MLM,14.7846,-61.1786,370.0,,,3000,100.0,ZNE,train,noise,MQ_MLM_NOISE_20140308_035933
"bucket0$180,:3,:6001",MQ,MLM,14.7846,-61.1786,370.0,,,3000,100.0,ZNE,train,noise,MQ_MLM_NOISE_20140323_183051
"bucket0$181,:3,:6001",MQ,MLM,14.7846,-61.1786,370.0,,,3000,100.0,ZNE,train,noise,MQ_MLM_NOISE_20140415_032419
"bucket0$182,:3,:6001",MQ,MLM,14.7846,-61.1786,370.0,,,3000,100.0,ZNE,train,noise,MQ_MLM_NOISE_20140416_050224
"bucket0$183,:3,:6001",MQ,MLM,14.7846,-61.1786,370.0,,,3000,100.0,ZNE,train,noise,MQ_MLM_NOISE_20140506_061019
"bucket0$184,:3,:6001",MQ,MLM,14.7846,-61.1786,370.0,,,3000,100.0,ZNE,train,noise,MQ_MLM_NOISE_20140413_165528
"bucket0$185,:3,:6001",MQ,MLM,14.7846,-61.1786,370.0,,,3000,100.0,ZNE,train,noise,MQ_MLM_NOISE_20140429_063630
"bucket0$186,:3,:6001",MQ,MLM,14.7846,-61.1786,370.0,,,3000,100.0,ZNE,train,noise,MQ_MLM_NOISE_20140403_015325
"bucket0$187,:3,:6001",MQ,MLM,14.7846,-61.1786,370.0,,,3000,100.0,ZNE,train,noise,MQ_MLM_NOISE_20140410_064556
"bucket0$188,:3,:6001",MQ,MLM,14.7846,-61.1786,370.0,,,3000,100.0,ZNE,train,noise,MQ_MLM_NOISE_20140413_132017
"bucket0$189,:3,:6001",MQ,MLM,14.7846,-61.1786,370.0,,,3000,100.0,ZNE,train,noise,MQ_MLM_NOISE_20140225_025336
"bucket0$190,:3,:6001",MQ,MLM,14.7846,-61.1786,370.0,,,3000,100.0,ZNE,train,noise,MQ_MLM_NOISE_20140315_043115
"bucket0$191,:3,:6001",MQ,MLM,14.7846,-61.1786,370.0,,,3000,100.0,ZNE,train,noise,MQ_MLM_NOISE_20140415_021726
"bucket0$192,:3,:6001",MQ,MLM,14.7846,-61.1786,370.0,,,3000,100.0,ZNE,train,noise,MQ_MLM_NOISE_20140329_142607
"bucket1$25,:3,:6001",MQ,MLM,14.7846,-61.1786,370.0,,,3000,100.0,ZNE,dev,noise,MQ_MLM_NOISE_20140504_000940
"bucket0$193,:3,:6001",MQ,MLM,14.7846,-61.1786,370.0,,,3000,100.0,ZNE,train,noise,MQ_MLM_NOISE_20140428_045029
"bucket0$194,:3,:6001",MQ,MLM,14.7846,-61.1786,370.0,,,3000,100.0,ZNE,train,noise,MQ_MLM_NOISE_20140511_050341
"bucket1$26,:3,:6001",MQ,MLM,14.7846,-61.1786,370.0,,,3000,100.0,ZNE,dev,noise,MQ_MLM_NOISE_20140413_094752
"bucket0$195,:3,:6001",MQ,MLM,14.7846,-61.1786,370.0,,,3000,100.0,ZNE,train,noise,MQ_MLM_NOISE_20140430_043532
"bucket0$196,:3,:6001",MQ,MLM,14.7846,-61.1786,370.0,,,3000,100.0,ZNE,train,noise,MQ_MLM_NOISE_20140325_015534
"bucket0$197,:3,:6001",MQ,MLM,14.7846,-61.1786,370.0,,,3000,100.0,ZNE,train,noise,MQ_MLM_NOISE_20140510_090538
"bucket0$198,:3,:6001",MQ,MLM,14.7846,-61.1786,370.0,,,3000,100.0,ZNE,train,noise,MQ_MLM_NOISE_20140510_194425
"bucket0$199,:3,:6001",MQ,MLM,14.7846,-61.1786,370.0,,,3000,100.0,ZNE,train,noise,MQ_MLM_NOISE_20140427_035705
"bucket0$200,:3,:6001",MQ,MLM,14.7846,-61.1786,370.0,,,3000,100.0,ZNE,train,noise,MQ_MLM_NOISE_20140507_212314
"bucket0$201,:3,:6001",MQ,MLM,14.7846,-61.1786,370.0,,,3000,100.0,ZNE,train,noise,MQ_MLM_NOISE_20140302_210508
"bucket0$202,:3,:6001",MQ,MLM,14.7846,-61.1786,370.0,,,3000,100.0,ZNE,train,noise,MQ_MLM_NOISE_20140331_005820
"bucket0$203,:3,:6001",MQ,MLM,14.7846,-61.1786,370.0,,,3000,100.0,ZNE,train,noise,MQ_MLM_NOISE_20140320_225859
"bucket0$204,:3,:6001",MQ,MLM,14.7846,-61.1786,370.0,,,3000,100.0,ZNE,train,noise,MQ_MLM_NOISE_20140402_025431
"bucket0$205,:3,:6001",MQ,MLM,14.7846,-61.1786,370.0,,,3000,100.0,ZNE,train,noise,MQ_MLM_NOISE_20140320_094542
"bucket0$206,:3,:6001",MQ,MLM,14.7846,-61.1786,370.0,,,3000,100.0,ZNE,train,noise,MQ_MLM_NOISE_20140425_021359
"bucket1$27,:3,:6001",MQ,MLM,14.7846,-61.1786,370.0,,,3000,100.0,ZNE,dev,noise,MQ_MLM_NOISE_20140403_194410
"bucket0$207,:3,:6001",MQ,MLM,14.7846,-61.1786,370.0,,,3000,100.0,ZNE,train,noise,MQ_MLM_NOISE_20140328_023937
"bucket0$208,:3,:6001",MQ,MLM,14.7846,-61.1786,370.0,,,3000,100.0,ZNE,train,noise,MQ_MLM_NOISE_20140427_054510
"bucket0$209,:3,:6001",MQ,MLM,14.7846,-61.1786,370.0,,,3000,100.0,ZNE,train,noise,MQ_MLM_NOISE_20140310_010830
"bucket1$28,:3,:6001",MQ,MLM,14.7846,-61.1786,370.0,,,3000,100.0,ZNE,dev,noise,MQ_MLM_NOISE_20140415_005205
"bucket0$210,:3,:6001",MQ,MLM,14.7846,-61.1786,370.0,,,3000,100.0,ZNE,train,noise,MQ_MLM_NOISE_20140309_074405
"bucket2$21,:3,:6001",MQ,MLM,14.7846,-61.1786,370.0,,,3000,100.0,ZNE,test,noise,MQ_MLM_NOISE_20140330_023605
"bucket0$211,:3,:6001",MQ,MLM,14.7846,-61.1786,370.0,,,3000,100.0,ZNE,train,noise,MQ_MLM_NOISE_20140402_204337
"bucket0$212,:3,:6001",MQ,MLM,14.7846,-61.1786,370.0,,,3000,100.0,ZNE,train,noise,MQ_MLM_NOISE_20140518_184837
"bucket0$213,:3,:6001",MQ,MLM,14.7846,-61.1786,370.0,,,3000,100.0,ZNE,train,noise,MQ_MLM_NOISE_20140524_095653
"bucket2$22,:3,:6001",MQ,MLM,14.7846,-61.1786,370.0,,,3000,100.0,ZNE,test,noise,MQ_MLM_NOISE_20140319_022639
"bucket0$214,:3,:6001",MQ,MLM,14.7846,-61.1786,370.0,,,3000,100.0,ZNE,train,noise,MQ_MLM_NOISE_20140328_184801
"bucket1$29,:3,:6001",MQ,MLM,14.7846,-61.1786,370.0,,,3000,100.0,ZNE,dev,noise,MQ_MLM_NOISE_20140527_222802
"bucket1$30,:3,:6001",MQ,MLM,14.7846,-61.1786,370.0,,,3000,100.0,ZNE,dev,noise,MQ_MLM_NOISE_20140223_020603
"bucket0$215,:3,:6001",MQ,MLM,14.7846,-61.1786,370.0,,,3000,100.0,ZNE,train,noise,MQ_MLM_NOISE_20140422_215350
"bucket0$216,:3,:6001",MQ,MLM,14.7846,-61.1786,370.0,,,3000,100.0,ZNE,train,noise,MQ_MLM_NOISE_20140418_190427
"bucket0$217,:3,:6001",MQ,MLM,14.7846,-61.1786,370.0,,,3000,100.0,ZNE,train,noise,MQ_MLM_NOISE_20140426_032941
"bucket0$218,:3,:6001",MQ,MLM,14.7846,-61.1786,370.0,,,3000,100.0,ZNE,train,noise,MQ_MLM_NOISE_20140516_213546
"bucket1$31,:3,:6001",MQ,MLM,14.7846,-61.1786,370.0,,,3000,100.0,ZNE,dev,noise,MQ_MLM_NOISE_20140405_180757
"bucket0$219,:3,:6001",MQ,MLM,14.7846,-61.1786,370.0,,,3000,100.0,ZNE,train,noise,MQ_MLM_NOISE_20140320_022603
"bucket0$220,:3,:6001",MQ,MLM,14.7846,-61.1786,370.0,,,3000,100.0,ZNE,train,noise,MQ_MLM_NOISE_20140324_023721
"bucket0$221,:3,:6001",MQ,MLM,14.7846,-61.1786,370.0,,,3000,100.0,ZNE,train,noise,MQ_MLM_NOISE_20140509_193748
"bucket0$222,:3,:6001",MQ,MLM,14.7846,-61.1786,370.0,,,3000,100.0,ZNE,train,noise,MQ_MLM_NOISE_20140310_234430
"bucket2$23,:3,:6001",MQ,MLM,14.7846,-61.1786,370.0,,,3000,100.0,ZNE,test,noise,MQ_MLM_NOISE_20140419_172211
"bucket0$223,:3,:6001",MQ,MLM,14.7846,-61.1786,370.0,,,3000,100.0,ZNE,train,noise,MQ_MLM_NOISE_20140322_005242
"bucket0$224,:3,:6001",MQ,MLM,14.7846,-61.1786,370.0,,,3000,100.0,ZNE,train,noise,MQ_MLM_NOISE_20140222_161320
"bucket0$225,:3,:6001",MQ,MLM,14.7846,-61.1786,370.0,,,3000,100.0,ZNE,train,noise,MQ_MLM_NOISE_20140522_074745
"bucket0$226,:3,:6001",MQ,MLM,14.7846,-61.1786,370.0,,,3000,100.0,ZNE,train,noise,MQ_MLM_NOISE_20140410_002648
"bucket0$227,:3,:6001",MQ,MLM,14.7846,-61.1786,370.0,,,3000,100.0,ZNE,train,noise,MQ_MLM_NOISE_20140525_030521
"bucket0$228,:3,:6001",MQ,MLM,14.7846,-61.1786,370.0,,,3000,100.0,ZNE,train,noise,MQ_MLM_NOISE_20140302_034427
"bucket0$229,:3,:6001",MQ,MLM,14.7846,-61.1786,370.0,,,3000,100.0,ZNE,train,noise,MQ_MLM_NOISE_20140414_213948
"bucket0$230,:3,:6001",MQ,MLM,14.7846,-61.1786,370.0,,,3000,100.0,ZNE,train,noise,MQ_MLM_NOISE_20140420_133128
"bucket0$231,:3,:6001",MQ,MLM,14.7846,-61.1786,370.0,,,3000,100.0,ZNE,train,noise,MQ_MLM_NOISE_20140226_220815
"bucket0$232,:3,:6001",MQ,MLM,14.7846,-61.1786,370.0,,,3000,100.0,ZNE,train,noise,MQ_MLM_NOISE_20140402_225218
"bucket0$233,:3,:6001",MQ,MLM,14.7846,-61.1786,370.0,,,3000,100.0,ZNE,train,noise,MQ_MLM_NOISE_20140512_060831
"bucket0$234,:3,:6001",MQ,MLM,14.7846,-61.1786,370.0,,,3000,100.0,ZNE,train,noise,MQ_MLM_NOISE_20140427_130336
"bucket1$32,:3,:6001",MQ,MLM,14.7846,-61.1786,370.0,,,3000,100.0,ZNE,dev,noise,MQ_MLM_NOISE_20140424_040851
"bucket0$235,:3,:6001",MQ,MLM,14.7846,-61.1786,370.0,,,3000,100.0,ZNE,train,noise,MQ_MLM_NOISE_20140424_204956
"bucket2$24,:3,:6001",MQ,MLM,14.7846,-61.1786,370.0,,,3000,100.0,ZNE,test,noise,MQ_MLM_NOISE_20140406_234144
"bucket0$236,:3,:6001",MQ,MLM,14.7846,-61.1786,370.0,,,3000,100.0,ZNE,train,noise,MQ_MLM_NOISE_20140516_003414
"bucket0$237,:3,:6001",MQ,MLM,14.7846,-61.1786,370.0,,,3000,100.0,ZNE,train,noise,MQ_MLM_NOISE_20140221_005505
"bucket0$238,:3,:6001",MQ,MLM,14.7846,-61.1786,370.0,,,3000,100.0,ZNE,train,noise,MQ_MLM_NOISE_20140501_193301
"bucket1$33,:3,:6001",MQ,MLM,14.7846,-61.1786,370.0,,,3000,100.0,ZNE,dev,noise,MQ_MLM_NOISE_20140531_005935
"bucket0$239,:3,:6001",MQ,MLM,14.7846,-61.1786,370.0,,,3000,100.0,ZNE,train,noise,MQ_MLM_NOISE_20140302_161636
"bucket2$25,:3,:6001",MQ,MLM,14.7846,-61.1786,370.0,,,3000,100.0,ZNE,test,noise,MQ_MLM_NOISE_20140405_154456
"bucket0$240,:3,:6001",MQ,GBM,14.799451,-61.159276,800.0,,,3000,100.0,ZNE,train,noise,MQ_GBM_NOISE_20140311_023337
"bucket0$241,:3,:6001",MQ,GBM,14.799451,-61.159276,800.0,,,3000,100.0,ZNE,train,noise,MQ_GBM_NOISE_20140513_014043
"bucket1$34,:3,:6001",MQ,GBM,14.799451,-61.159276,800.0,,,3000,100.0,ZNE,dev,noise,MQ_GBM_NOISE_20140314_021553
"bucket0$242,:3,:6001",MQ,GBM,14.799451,-61.159276,800.0,,,3000,100.0,ZNE,train,noise,MQ_GBM_NOISE_20140512_060326
"bucket0$243,:3,:6001",MQ,GBM,14.799451,-61.159276,800.0,,,3000,100.0,ZNE,train,noise,MQ_GBM_NOISE_20140502_084720
"bucket0$244,:3,:6001",MQ,GBM,14.799451,-61.159276,800.0,,,3000,100.0,ZNE,train,noise,MQ_GBM_NOISE_20140504_083019
"bucket2$26,:3,:6001",MQ,GBM,14.799451,-61.159276,800.0,,,3000,100.0,ZNE,test,noise,MQ_GBM_NOISE_20140323_160716
"bucket0$245,:3,:6001",MQ,GBM,14.799451,-61.159276,800.0,,,3000,100.0,ZNE,train,noise,MQ_GBM_NOISE_20140502_021921
"bucket0$246,:3,:6001",MQ,GBM,14.799451,-61.159276,800.0,,,3000,100.0,ZNE,train,noise,MQ_GBM_NOISE_20140531_054545
"bucket0$247,:3,:6001",MQ,GBM,14.799451,-61.159276,800.0,,,3000,100.0,ZNE,train,noise,MQ_GBM_NOISE_20140313_034254
"bucket0$248,:3,:6001",MQ,GBM,14.799451,-61.159276,800.0,,,3000,100.0,ZNE,train,noise,MQ_GBM_NOISE_20140323_114548
"bucket0$249,:3,:6001",MQ,GBM,14.799451,-61.159276,800.0,,,3000,100.0,ZNE,train,noise,MQ_GBM_NOISE_20140528_012506
"bucket0$250,:3,:6001",MQ,GBM,14.799451,-61.159276,800.0,,,3000,100.0,ZNE,train,noise,MQ_GBM_NOISE_20140522_092827
"bucket0$251,:3,:6001",MQ,GBM,14.799451,-61.159276,800.0,,,3000,100.0,ZNE,train,noise,MQ_GBM_NOISE_20140430_122639
"bucket1$35,:3,:6001",MQ,GBM,14.799451,-61.159276,800.0,,,3000,100.0,ZNE,dev,noise,MQ_GBM_NOISE_20140421_132341
"bucket0$252,:3,:6001",MQ,GBM,14.799451,-61.159276,800.0,,,3000,100.0,ZNE,train,noise,MQ_GBM_NOISE_20140531_025822
"bucket0$253,:3,:6001",MQ,GBM,14.799451,-61.159276,800.0,,,3000,100.0,ZNE,train,noise,MQ_GBM_NOISE_20140301_100619
"bucket0$254,:3,:6001",MQ,GBM,14.799451,-61.159276,800.0,,,3000,100.0,ZNE,train,noise,MQ_GBM_NOISE_20140502_093914
"bucket0$255,:3,:6001",MQ,GBM,14.799451,-61.159276,800.0,,,3000,100.0,ZNE,train,noise,MQ_GBM_NOISE_20140322_230906
"bucket2$27,:3,:6001",MQ,GBM,14.799451,-61.159276,800.0,,,3000,100.0,ZNE,test,noise,MQ_GBM_NOISE_20140302_122533
"bucket0$256,:3,:6001",MQ,GBM,14.799451,-61.159276,800.0,,,3000,100.0,ZNE,train,noise,MQ_GBM_NOISE_20140517_043624
"bucket2$28,:3,:6001",MQ,GBM,14.799451,-61.159276,800.0,,,3000,100.0,ZNE,test,noise,MQ_GBM_NOISE_20140320_224656
"bucket0$257,:3,:6001",MQ,GBM,14.799451,-61.159276,800.0,,,3000,100.0,ZNE,train,noise,MQ_GBM_NOISE_20140407_041020
"bucket0$258,:3,:6001",MQ,GBM,14.799451,-61.159276,800.0,,,3000,100.0,ZNE,train,noise,MQ_GBM_NOISE_20140508_072723
"bucket2$29,:3,:6001",MQ,GBM,14.799451,-61.159276,800.0,,,3000,100.0,ZNE,test,noise,MQ_GBM_NOISE_20140512_044006
"bucket0$259,:3,:6001",MQ,GBM,14.799451,-61.159276,800.0,,,3000,100.0,ZNE,train,noise,MQ_GBM_NOISE_20140509_025811
"bucket0$260,:3,:6001",MQ,GBM,14.799451,-61.159276,800.0,,,3000,100.0,ZNE,train,noise,MQ_GBM_NOISE_20140323_145929
"bucket0$261,:3,:6001",MQ,GBM,14.799451,-61.159276,800.0,,,3000,100.0,ZNE,train,noise,MQ_GBM_NOISE_20140512_002930
"bucket0$262,:3,:6001",MQ,GBM,14.799451,-61.159276,800.0,,,3000,100.0,ZNE,train,noise,MQ_GBM_NOISE_20140313_184226
"bucket0$263,:3,:6001",MQ,GBM,14.799451,-61.159276,800.0,,,3000,100.0,ZNE,train,noise,MQ_GBM_NOISE_20140523_085037
"bucket0$264,:3,:6001",MQ,GBM,14.799451,-61.159276,800.0,,,3000,100.0,ZNE,train,noise,MQ_GBM_NOISE_20140523_052741
"bucket0$265,:3,:6001",MQ,GBM,14.799451,-61.159276,800.0,,,3000,100.0,ZNE,train,noise,MQ_GBM_NOISE_20140306_050301
"bucket0$266,:3,:6001",MQ,GBM,14.799451,-61.159276,800.0,,,3000,100.0,ZNE,train,noise,MQ_GBM_NOISE_20140223_022417
"bucket0$267,:3,:6001",MQ,GBM,14.799451,-61.159276,800.0,,,3000,100.0,ZNE,train,noise,MQ_GBM_NOISE_20140428_012823
"bucket0$268,:3,:6001",MQ,GBM,14.799451,-61.159276,800.0,,,3000,100.0,ZNE,train,noise,MQ_GBM_NOISE_20140514_052512
"bucket0$269,:3,:6001",MQ,GBM,14.799451,-61.159276,800.0,,,3000,100.0,ZNE,train,noise,MQ_GBM_NOISE_20140420_164310
"bucket0$270,:3,:6001",MQ,GBM,14.799451,-61.159276,800.0,,,3000,100.0,ZNE,train,noise,MQ_GBM_NOISE_20140501_193156
"bucket1$36,:3,:6001",MQ,GBM,14.799451,-61.159276,800.0,,,3000,100.0,ZNE,dev,noise,MQ_GBM_NOISE_20140516_211110
"bucket0$271,:3,:6001",MQ,GBM,14.799451,-61.159276,800.0,,,3000,100.0,ZNE,train,noise,MQ_GBM_NOISE_20140411_052437
"bucket1$37,:3,:6001",MQ,GBM,14.799451,-61.159276,800.0,,,3000,100.0,ZNE,dev,noise,MQ_GBM_NOISE_20140525_075319
"bucket2$30,:3,:6001",MQ,GBM,14.799451,-61.159276,800.0,,,3000,100.0,ZNE,test,noise,MQ_GBM_NOISE_20140412_044641
"bucket0$272,:3,:6001",MQ,GBM,14.799451,-61.159276,800.0,,,3000,100.0,ZNE,train,noise,MQ_GBM_NOISE_20140406_014530
"bucket2$31,:3,:6001",MQ,GBM,14.799451,-61.159276,800.0,,,3000,100.0,ZNE,test,noise,MQ_GBM_NOISE_20140528_214518
"bucket0$273,:3,:6001",MQ,GBM,14.799451,-61.159276,800.0,,,3000,100.0,ZNE,train,noise,MQ_GBM_NOISE_20140509_231105
"bucket0$274,:3,:6001",MQ,GBM,14.799451,-61.159276,800.0,,,3000,100.0,ZNE,train,noise,MQ_GBM_NOISE_20140306_220239
"bucket0$275,:3,:6001",MQ,GBM,14.799451,-61.159276,800.0,,,3000,100.0,ZNE,train,noise,MQ_GBM_NOISE_20140408_004009
"bucket0$276,:3,:6001",MQ,GBM,14.799451,-61.159276,800.0,,,3000,100.0,ZNE,train,noise,MQ_GBM_NOISE_20140321_213719
"bucket0$277,:3,:6001",MQ,GBM,14.799451,-61.159276,800.0,,,3000,100.0,ZNE,train,noise,MQ_GBM_NOISE_20140309_064243
"bucket1$38,:3,:6001",MQ,GBM,14.799451,-61.159276,800.0,,,3000,100.0,ZNE,dev,noise,MQ_GBM_NOISE_20140323_105841
"bucket2$32,:3,:6001",MQ,GBM,14.799451,-61.159276,800.0,,,3000,100.0,ZNE,test,noise,MQ_GBM_NOISE_20140527_061059
"bucket0$278,:3,:6001",MQ,GBM,14.799451,-61.159276,800.0,,,3000,100.0,ZNE,train,noise,MQ_GBM_NOISE_20140302_175617
"bucket0$279,:3,:6001",MQ,GBM,14.799451,-61.159276,800.0,,,3000,100.0,ZNE,train,noise,MQ_GBM_NOISE_20140420_062927
"bucket0$280,:3,:6001",MQ,GBM,14.799451,-61.159276,800.0,,,3000,100.0,ZNE,train,noise,MQ_GBM_NOISE_20140513_021325
"bucket0$281,:3,:6001",MQ,GBM,14.799451,-61.159276,800.0,,,3000,100.0,ZNE,train,noise,MQ_GBM_NOISE_20140324_013445
"bucket0$282,:3,:6001",MQ,GBM,14.799451,-61.159276,800.0,,,3000,100.0,ZNE,train,noise,MQ_GBM_NOISE_20140225_031611
"bucket0$283,:3,:6001",MQ,GBM,14.799451,-61.159276,800.0,,,3000,100.0,ZNE,train,noise,MQ_GBM_NOISE_20140424_003839
"bucket0$284,:3,:6001",MQ,GBM,14.799451,-61.159276,800.0,,,3000,100.0,ZNE,train,noise,MQ_GBM_NOISE_20140509_184332
"bucket0$285,:3,:6001",MQ,GBM,14.799451,-61.159276,800.0,,,3000,100.0,ZNE,train,noise,MQ_GBM_NOISE_20140518_174300
"bucket1$39,:3,:6001",MQ,GBM,14.799451,-61.159276,800.0,,,3000,100.0,ZNE,dev,noise,MQ_GBM_NOISE_20140415_014723
"bucket0$286,:3,:6001",MQ,GBM,14.799451,-61.159276,800.0,,,3000,100.0,ZNE,train,noise,MQ_GBM_NOISE_20140528_174847
"bucket0$287,:3,:6001",MQ,GBM,14.799451,-61.159276,800.0,,,3000,100.0,ZNE,train,noise,MQ_GBM_NOISE_20140409_021428
"bucket0$288,:3,:6001",MQ,GBM,14.799451,-61.159276,800.0,,,3000,100.0,ZNE,train,noise,MQ_GBM_NOISE_20140509_044642
"bucket0$289,:3,:6001",MQ,GBM,14.799451,-61.159276,800.0,,,3000,100.0,ZNE,train,noise,MQ_GBM_NOISE_20140403_200459
"bucket0$290,:3,:6001",MQ,GBM,14.799451,-61.159276,800.0,,,3000,100.0,ZNE,train,noise,MQ_GBM_NOISE_20140505_063150
"bucket1$40,:3,:6001",MQ,GBM,14.799451,-61.159276,800.0,,,3000,100.0,ZNE,dev,noise,MQ_GBM_NOISE_20140302_043443
"bucket1$41,:3,:6001",MQ,GBM,14.799451,-61.159276,800.0,,,3000,100.0,ZNE,dev,noise,MQ_GBM_NOISE_20140421_001416
"bucket0$291,:3,:6001",MQ,GBM,14.799451,-61.159276,800.0,,,3000,100.0,ZNE,train,noise,MQ_GBM_NOISE_20140319_172934
"bucket2$33,:3,:6001",MQ,GBM,14.799451,-61.159276,800.0,,,3000,100.0,ZNE,test,noise,MQ_GBM_NOISE_20140423_050728
"bucket0$292,:3,:6001",MQ,GBM,14.799451,-61.159276,800.0,,,3000,100.0,ZNE,train,noise,MQ_GBM_NOISE_20140325_004334
"bucket0$293,:3,:6001",MQ,GBM,14.799451,-61.159276,800.0,,,3000,100.0,ZNE,train,noise,MQ_GBM_NOISE_20140220_155752
"bucket0$294,:3,:6001",MQ,GBM,14.799451,-61.159276,800.0,,,3000,100.0,ZNE,train,noise,MQ_GBM_NOISE_20140509_002116
"bucket0$295,:3,:6001",MQ,GBM,14.799451,-61.159276,800.0,,,3000,100.0,ZNE,train,noise,MQ_GBM_NOISE_20140421_141125
"bucket0$296,:3,:6001",MQ,GBM,14.799451,-61.159276,800.0,,,3000,100.0,ZNE,train,noise,MQ_GBM_NOISE_20140527_054608
"bucket0$297,:3,:6001",MQ,GBM,14.799451,-61.159276,800.0,,,3000,100.0,ZNE,train,noise,MQ_GBM_NOISE_20140515_190053
"bucket0$298,:3,:6001",MQ,GBM,14.799451,-61.159276,800.0,,,3000,100.0,ZNE,train,noise,MQ_GBM_NOISE_20140419_210820
"bucket0$299,:3,:6001",MQ,GBM,14.799451,-61.159276,800.0,,,3000,100.0,ZNE,train,noise,MQ_GBM_NOISE_20140315_194503
"bucket0$300,:3,:6001",MQ,GBM,14.799451,-61.159276,800.0,,,3000,100.0,ZNE,train,noise,MQ_GBM_NOISE_20140317_065621
"bucket0$301,:3,:6001",MQ,GBM,14.799451,-61.159276,800.0,,,3000,100.0,ZNE,train,noise,MQ_GBM_NOISE_20140422_222744
"bucket0$302,:3,:6001",MQ,GBM,14.799451,-61.159276,800.0,,,3000,100.0,ZNE,train,noise,MQ_GBM_NOISE_20140423_204957
"bucket0$303,:3,:6001",MQ,GBM,14.799451,-61.159276,800.0,,,3000,100.0,ZNE,train,noise,MQ_GBM_NOISE_20140512_144156
"bucket0$304,:3,:6001",MQ,GBM,14.799451,-61.159276,800.0,,,3000,100.0,ZNE,train,noise,MQ_GBM_NOISE_20140421_103938
"bucket0$305,:3,:6001",MQ,GBM,14.799451,-61.159276,800.0,,,3000,100.0,ZNE,train,noise,MQ_GBM_NOISE_20140428_094520
"bucket0$306,:3,:6001",MQ,GBM,14.799451,-61.159276,800.0,,,3000,100.0,ZNE,train,noise,MQ_GBM_NOISE_20140524_171151
"bucket0$307,:3,:6001",MQ,GBM,14.799451,-61.159276,800.0,,,3000,100.0,ZNE,train,noise,MQ_GBM_NOISE_20140417_015624
"bucket0$308,:3,:6001",MQ,GBM,14.799451,-61.159276,800.0,,,3000,100.0,ZNE,train,noise,MQ_GBM_NOISE_20140402_014059
"bucket2$34,:3,:6001",MQ,GBM,14.799451,-61.159276,800.0,,,3000,100.0,ZNE,test,noise,MQ_GBM_NOISE_20140310_213012
"bucket2$35,:3,:6001",MQ,GBM,14.799451,-61.159276,800.0,,,3000,100.0,ZNE,test,noise,MQ_GBM_NOISE_20140531_152009
"bucket2$36,:3,:6001",MQ,GBM,14.799451,-61.159276,800.0,,,3000,100.0,ZNE,test,noise,MQ_GBM_NOISE_20140420_231958
"bucket0$309,:3,:6001",MQ,GBM,14.799451,-61.159276,800.0,,,3000,100.0,ZNE,train,noise,MQ_GBM_NOISE_20140513_041327
"bucket0$310,:3,:6001",MQ,GBM,14.799451,-61.159276,800.0,,,3000,100.0,ZNE,train,noise,MQ_GBM_NOISE_20140228_070122
"bucket0$311,:3,:6001",MQ,GBM,14.799451,-61.159276,800.0,,,3000,100.0,ZNE,train,noise,MQ_GBM_NOISE_20140319_065903
"bucket0$312,:3,:6001",MQ,GBM,14.799451,-61.159276,800.0,,,3000,100.0,ZNE,train,noise,MQ_GBM_NOISE_20140404_220606
"bucket0$313,:3,:6001",MQ,GBM,14.799451,-61.159276,800.0,,,3000,100.0,ZNE,train,noise,MQ_GBM_NOISE_20140403_212136
"bucket0$314,:3,:6001",MQ,GBM,14.799451,-61.159276,800.0,,,3000,100.0,ZNE,train,noise,MQ_GBM_NOISE_20140225_030101
"bucket0$315,:3,:6001",MQ,GBM,14.799451,-61.159276,800.0,,,3000,100.0,ZNE,train,noise,MQ_GBM_NOISE_20140416_210528
"bucket0$316,:3,:6001",MQ,GBM,14.799451,-61.159276,800.0,,,3000,100.0,ZNE,train,noise,MQ_GBM_NOISE_20140516_043510
"bucket1$42,:3,:6001",MQ,GBM,14.799451,-61.159276,800.0,,,3000,100.0,ZNE,dev,noise,MQ_GBM_NOISE_20140419_201238
"bucket0$317,:3,:6001",MQ,GBM,14.799451,-61.159276,800.0,,,3000,100.0,ZNE,train,noise,MQ_GBM_NOISE_20140303_011152
"bucket1$43,:3,:6001",MQ,GBM,14.799451,-61.159276,800.0,,,3000,100.0,ZNE,dev,noise,MQ_GBM_NOISE_20140414_043155
"bucket0$318,:3,:6001",MQ,GBM,14.799451,-61.159276,800.0,,,3000,100.0,ZNE,train,noise,MQ_GBM_NOISE_20140310_011350
"bucket1$44,:3,:6001",MQ,CPM,14.8168,-61.2074,242.0,,,3000,100.0,ZNE,dev,noise,MQ_CPM_NOISE_20140430_174431
"bucket0$319,:3,:6001",MQ,CPM,14.8168,-61.2074,242.0,,,3000,100.0,ZNE,train,noise,MQ_CPM_NOISE_20140328_052055
"bucket0$320,:3,:6001",MQ,CPM,14.8168,-61.2074,242.0,,,3000,100.0,ZNE,train,noise,MQ_CPM_NOISE_20140319_120628
"bucket0$321,:3,:6001",MQ,CPM,14.8168,-61.2074,242.0,,,3000,100.0,ZNE,train,noise,MQ_CPM_NOISE_20140227_203921
"bucket0$322,:3,:6001",MQ,CPM,14.8168,-61.2074,242.0,,,3000,100.0,ZNE,train,noise,MQ_CPM_NOISE_20140402_013924
"bucket0$323,:3,:6001",MQ,CPM,14.8168,-61.2074,242.0,,,3000,100.0,ZNE,train,noise,MQ_CPM_NOISE_20140512_172743
"bucket0$324,:3,:6001",MQ,CPM,14.8168,-61.2074,242.0,,,3000,100.0,ZNE,train,noise,MQ_CPM_NOISE_20140423_220746
"bucket0$325,:3,:6001",MQ,CPM,14.8168,-61.2074,242.0,,,3000,100.0,ZNE,train,noise,MQ_CPM_NOISE_20140501_165741
"bucket0$326,:3,:6001",MQ,CPM,14.8168,-61.2074,242.0,,,3000,100.0,ZNE,train,noise,MQ_CPM_NOISE_20140526_021444
"bucket0$327,:3,:6001",MQ,CPM,14.8168,-61.2074,242.0,,,3000,100.0,ZNE,train,noise,MQ_CPM_NOISE_20140228_063846
"bucket0$328,:3,:6001",MQ,CPM,14.8168,-61.2074,242.0,,,3000,100.0,ZNE,train,noise,MQ_CPM_NOISE_20140503_080147
"bucket0$329,:3,:6001",MQ,CPM,14.8168,-61.2074,242.0,,,3000,100.0,ZNE,train,noise,MQ_CPM_NOISE_20140508_024028
"bucket0$330,:3,:6001",MQ,CPM,14.8168,-61.2074,242.0,,,3000,100.0,ZNE,train,noise,MQ_CPM_NOISE_20140515_140611
"bucket0$331,:3,:6001",MQ,CPM,14.8168,-61.2074,242.0,,,3000,100.0,ZNE,train,noise,MQ_CPM_NOISE_20140316_183345
"bucket0$332,:3,:6001",MQ,CPM,14.8168,-61.2074,242.0,,,3000,100.0,ZNE,train,noise,MQ_CPM_NOISE_20140527_090310
"bucket0$333,:3,:6001",MQ,CPM,14.8168,-61.2074,242.0,,,3000,100.0,ZNE,train,noise,MQ_CPM_NOISE_20140503_073100
"bucket0$334,:3,:6001",MQ,CPM,14.8168,-61.2074,242.0,,,3000,100.0,ZNE,train,noise,MQ_CPM_NOISE_20140329_152633
"bucket0$335,:3,:6001",MQ,CPM,14.8168,-61.2074,242.0,,,3000,100.0,ZNE,train,noise,MQ_CPM_NOISE_20140422_104707
"bucket0$336,:3,:6001",MQ,CPM,14.8168,-61.2074,242.0,,,3000,100.0,ZNE,train,noise,MQ_CPM_NOISE_20140315_200604
"bucket0$337,:3,:6001",MQ,CPM,14.8168,-61.2074,242.0,,,3000,100.0,ZNE,train,noise,MQ_CPM_NOISE_20140222_123902
"bucket0$338,:3,:6001",MQ,CPM,14.8168,-61.2074,242.0,,,3000,100.0,ZNE,train,noise,MQ_CPM_NOISE_20140518_174636
"bucket0$339,:3,:6001",MQ,CPM,14.8168,-61.2074,242.0,,,3000,100.0,ZNE,train,noise,MQ_CPM_NOISE_20140316_230304
"bucket0$340,:3,:6001",MQ,CPM,14.8168,-61.2074,242.0,,,3000,100.0,ZNE,train,noise,MQ_CPM_NOISE_20140506_191500
"bucket0$341,:3,:6001",MQ,CPM,14.8168,-61.2074,242.0,,,3000,100.0,ZNE,train,noise,MQ_CPM_NOISE_20140227_180824
"bucket0$342,:3,:6001",MQ,CPM,14.8168,-61.2074,242.0,,,3000,100.0,ZNE,train,noise,MQ_CPM_NOISE_20140427_173528
"bucket0$343,:3,:6001",MQ,CPM,14.8168,-61.2074,242.0,,,3000,100.0,ZNE,train,noise,MQ_CPM_NOISE_20140526_100632
"bucket0$344,:3,:6001",MQ,CPM,14.8168,-61.2074,242.0,,,3000,100.0,ZNE,train,noise,MQ_CPM_NOISE_20140317_113747
"bucket0$345,:3,:6001",MQ,CPM,14.8168,-61.2074,242.0,,,3000,100.0,ZNE,train,noise,MQ_CPM_NOISE_20140428_073621
"bucket0$346,:3,:6001",MQ,CPM,14.8168,-61.2074,242.0,,,3000,100.0,ZNE,train,noise,MQ_CPM_NOISE_20140307_143403
"bucket0$347,:3,:6001",MQ,CPM,14.8168,-61.2074,242.0,,,3000,100.0,ZNE,train,noise,MQ_CPM_NOISE_20140225_154204
"bucket0$348,:3,:6001",MQ,CPM,14.8168,-61.2074,242.0,,,3000,100.0,ZNE,train,noise,MQ_CPM_NOISE_20140318_022139
"bucket1$45,:3,:6001",MQ,CPM,14.8168,-61.2074,242.0,,,3000,100.0,ZNE,dev,noise,MQ_CPM_NOISE_20140522_181311
"bucket0$349,:3,:6001",MQ,CPM,14.8168,-61.2074,242.0,,,3000,100.0,ZNE,train,noise,MQ_CPM_NOISE_20140524_072046
"bucket0$350,:3,:6001",MQ,CPM,14.8168,-61.2074,242.0,,,3000,100.0,ZNE,train,noise,MQ_CPM_NOISE_20140222_041719
"bucket0$351,:3,:6001",MQ,CPM,14.8168,-61.2074,242.0,,,3000,100.0,ZNE,train,noise,MQ_CPM_NOISE_20140301_132219
"bucket0$352,:3,:6001",MQ,CPM,14.8168,-61.2074,242.0,,,3000,100.0,ZNE,train,noise,MQ_CPM_NOISE_20140516_033406
"bucket1$46,:3,:6001",MQ,CPM,14.8168,-61.2074,242.0,,,3000,100.0,ZNE,dev,noise,MQ_CPM_NOISE_20140508_154425
"bucket0$353,:3,:6001",MQ,CPM,14.8168,-61.2074,242.0,,,3000,100.0,ZNE,train,noise,MQ_CPM_NOISE_20140512_152235
"bucket0$354,:3,:6001",MQ,CPM,14.8168,-61.2074,242.0,,,3000,100.0,ZNE,train,noise,MQ_CPM_NOISE_20140222_151951
"bucket2$37,:3,:6001",MQ,CPM,14.8168,-61.2074,242.0,,,3000,100.0,ZNE,test,noise,MQ_CPM_NOISE_20140429_050405
"bucket0$355,:3,:6001",MQ,CPM,14.8168,-61.2074,242.0,,,3000,100.0,ZNE,train,noise,MQ_CPM_NOISE_20140317_001224
"bucket0$356,:3,:6001",MQ,CPM,14.8168,-61.2074,242.0,,,3000,100.0,ZNE,train,noise,MQ_CPM_NOISE_20140222_174450
"bucket0$357,:3,:6001",MQ,CPM,14.8168,-61.2074,242.0,,,3000,100.0,ZNE,train,noise,MQ_CPM_NOISE_20140317_043540
"bucket2$38,:3,:6001",MQ,CPM,14.8168,-61.2074,242.0,,,3000,100.0,ZNE,test,noise,MQ_CPM_NOISE_20140226_095538
"bucket0$358,:3,:6001",MQ,CPM,14.8168,-61.2074,242.0,,,3000,100.0,ZNE,train,noise,MQ_CPM_NOISE_20140525_030338
"bucket0$359,:3,:6001",MQ,CPM,14.8168,-61.2074,242.0,,,3000,100.0,ZNE,train,noise,MQ_CPM_NOISE_20140418_175648
"bucket1$47,:3,:6001",MQ,CPM,14.8168,-61.2074,242.0,,,3000,100.0,ZNE,dev,noise,MQ_CPM_NOISE_20140405_125410
"bucket2$39,:3,:6001",MQ,CPM,14.8168,-61.2074,242.0,,,3000,100.0,ZNE,test,noise,MQ_CPM_NOISE_20140516_185331
"bucket2$40,:3,:6001",MQ,CPM,14.8168,-61.2074,242.0,,,3000,100.0,ZNE,test,noise,MQ_CPM_NOISE_20140307_231312
"bucket0$360,:3,:6001",MQ,CPM,14.8168,-61.2074,242.0,,,3000,100.0,ZNE,train,noise,MQ_CPM_NOISE_20140308_142340
"bucket0$361,:3,:6001",MQ,CPM,14.8168,-61.2074,242.0,,,3000,100.0,ZNE,train,noise,MQ_CPM_NOISE_20140520_143501
"bucket2$41,:3,:6001",MQ,CPM,14.8168,-61.2074,242.0,,,3000,100.0,ZNE,test,noise,MQ_CPM_NOISE_20140423_022317
"bucket0$362,:3,:6001",MQ,CPM,14.8168,-61.2074,242.0,,,3000,100.0,ZNE,train,noise,MQ_CPM_NOISE_20140320_052901
"bucket0$363,:3,:6001",MQ,CPM,14.8168,-61.2074,242.0,,,3000,100.0,ZNE,train,noise,MQ_CPM_NOISE_20140301_172049
"bucket0$364,:3,:6001",MQ,CPM,14.8168,-61.2074,242.0,,,3000,100.0,ZNE,train,noise,MQ_CPM_NOISE_20140314_051207
"bucket0$365,:3,:6001",MQ,CPM,14.8168,-61.2074,242.0,,,3000,100.0,ZNE,train,noise,MQ_CPM_NOISE_20140426_184435
"bucket0$366,:3,:6001",MQ,CPM,14.8168,-61.2074,242.0,,,3000,100.0,ZNE,train,noise,MQ_CPM_NOISE_20140314_045011
"bucket2$42,:3,:6001",MQ,CPM,14.8168,-61.2074,242.0,,,3000,100.0,ZNE,test,noise,MQ_CPM_NOISE_20140324_060058
"bucket0$367,:3,:6001",MQ,CPM,14.8168,-61.2074,242.0,,,3000,100.0,ZNE,train,noise,MQ_CPM_NOISE_20140301_130318
"bucket0$368,:3,:6001",MQ,CPM,14.8168,-61.2074,242.0,,,3000,100.0,ZNE,train,noise,MQ_CPM_NOISE_20140416_190450
"bucket0$369,:3,:6001",MQ,CPM,14.8168,-61.2074,242.0,,,3000,100.0,ZNE,train,noise,MQ_CPM_NOISE_20140420_060922
"bucket2$43,:3,:6001",MQ,CPM,14.8168,-61.2074,242.0,,,3000,100.0,ZNE,test,noise,MQ_CPM_NOISE_20140526_185428
"bucket0$370,:3,:6001",MQ,CPM,14.8168,-61.2074,242.0,,,3000,100.0,ZNE,train,noise,MQ_CPM_NOISE_20140429_210911
"bucket1$48,:3,:6001",MQ,CPM,14.8168,-61.2074,242.0,,,3000,100.0,ZNE,dev,noise,MQ_CPM_NOISE_20140504_035206
"bucket0$371,:3,:6001",MQ,CPM,14.8168,-61.2074,242.0,,,3000,100.0,ZNE,train,noise,MQ_CPM_NOISE_20140326_101649
"bucket0$372,:3,:6001",MQ,CPM,14.8168,-61.2074,242.0,,,3000,100.0,ZNE,train,noise,MQ_CPM_NOISE_20140506_151841
"bucket0$373,:3,:6001",MQ,CPM,14.8168,-61.2074,242.0,,,3000,100.0,ZNE,train,noise,MQ_CPM_NOISE_20140425_214213
"bucket0$374,:3,:6001",MQ,CPM,14.8168,-61.2074,242.0,,,3000,100.0,ZNE,train,noise,MQ_CPM_NOISE_20140318_175252
"bucket0$375,:3,:6001",MQ,CPM,14.8168,-61.2074,242.0,,,3000,100.0,ZNE,train,noise,MQ_CPM_NOISE_20140523_135014
"bucket0$376,:3,:6001",MQ,CPM,14.8168,-61.2074,242.0,,,3000,100.0,ZNE,train,noise,MQ_CPM_NOISE_20140313_014837
"bucket0$377,:3,:6001",MQ,CPM,14.8168,-61.2074,242.0,,,3000,100.0,ZNE,train,noise,MQ_CPM_NOISE_20140421_023153
"bucket0$378,:3,:6001",MQ,CPM,14.8168,-61.2074,242.0,,,3000,100.0,ZNE,train,noise,MQ_CPM_NOISE_20140506_080647
"bucket0$379,:3,:6001",MQ,CPM,14.8168,-61.2074,242.0,,,3000,100.0,ZNE,train,noise,MQ_CPM_NOISE_20140531_103533
"bucket2$44,:3,:6001",MQ,CPM,14.8168,-61.2074,242.0,,,3000,100.0,ZNE,test,noise,MQ_CPM_NOISE_20140424_041340
"bucket0$380,:3,:6001",MQ,CPM,14.8168,-61.2074,242.0,,,3000,100.0,ZNE,train,noise,MQ_CPM_NOISE_20140313_033811
"bucket0$381,:3,:6001",MQ,CPM,14.8168,-61.2074,242.0,,,3000,100.0,ZNE,train,noise,MQ_CPM_NOISE_20140428_091705
"bucket0$382,:3,:6001",MQ,CPM,14.8168,-61.2074,242.0,,,3000,100.0,ZNE,train,noise,MQ_CPM_NOISE_20140502_003033
"bucket0$383,:3,:6001",MQ,CPM,14.8168,-61.2074,242.0,,,3000,100.0,ZNE,train,noise,MQ_CPM_NOISE_20140519_171948
"bucket1$49,:3,:6001",MQ,CPM,14.8168,-61.2074,242.0,,,3000,100.0,ZNE,dev,noise,MQ_CPM_NOISE_20140316_151839
"bucket0$384,:3,:6001",MQ,CPM,14.8168,-61.2074,242.0,,,3000,100.0,ZNE,train,noise,MQ_CPM_NOISE_20140311_134212
"bucket0$385,:3,:6001",MQ,CPM,14.8168,-61.2074,242.0,,,3000,100.0,ZNE,train,noise,MQ_CPM_NOISE_20140424_042746
"bucket2$45,:3,:6001",MQ,CPM,14.8168,-61.2074,242.0,,,3000,100.0,ZNE,test,noise,MQ_CPM_NOISE_20140530_131633
"bucket0$386,:3,:6001",MQ,CPM,14.8168,-61.2074,242.0,,,3000,100.0,ZNE,train,noise,MQ_CPM_NOISE_20140531_181814
"bucket0$387,:3,:6001",MQ,CPM,14.8168,-61.2074,242.0,,,3000,100.0,ZNE,train,noise,MQ_CPM_NOISE_20140310_120014
"bucket0$388,:3,:6001",MQ,CPM,14.8168,-61.2074,242.0,,,3000,100.0,ZNE,train,noise,MQ_CPM_NOISE_20140317_224335
"bucket0$389,:3,:6001",MQ,CPM,14.8168,-61.2074,242.0,,,3000,100.0,ZNE,train,noise,MQ_CPM_NOISE_20140530_174212
"bucket2$46,:3,:6001",MQ,CPM,14.8168,-61.2074,242.0,,,3000,100.0,ZNE,test,noise,MQ_CPM_NOISE_20140328_095622
"bucket1$50,:3,:6001",MQ,CPM,14.8168,-61.2074,242.0,,,3000,100.0,ZNE,dev,noise,MQ_CPM_NOISE_20140331_053835
"bucket0$390,:3,:6001",MQ,CPM,14.8168,-61.2074,242.0,,,3000,100.0,ZNE,train,noise,MQ_CPM_NOISE_20140526_085350
"bucket0$391,:3,:6001",MQ,CPM,14.8168,-61.2074,242.0,,,3000,100.0,ZNE,train,noise,MQ_CPM_NOISE_20140508_164057
"bucket0$392,:3,:6001",MQ,CPM,14.8168,-61.2074,242.0,,,3000,100.0,ZNE,train,noise,MQ_CPM_NOISE_20140406_074739
"bucket0$393,:3,:6001",MQ,CPM,14.8168,-61.2074,242.0,,,3000,100.0,ZNE,train,noise,MQ_CPM_NOISE_20140427_120313
"bucket0$394,:3,:6001",MQ,CPM,14.8168,-61.2074,242.0,,,3000,100.0,ZNE,train,noise,MQ_CPM_NOISE_20140302_184351
"bucket0$395,:3,:6001",MQ,CPM,14.8168,-61.2074,242.0,,,3000,100.0,ZNE,train,noise,MQ_CPM_NOISE_20140310_223802
"bucket2$47,:3,:6001",MQ,CPM,14.8168,-61.2074,242.0,,,3000,100.0,ZNE,test,noise,MQ_CPM_NOISE_20140416_112419
"bucket0$396,:3,:6001",MQ,CPM,14.8168,-61.2074,242.0,,,3000,100.0,ZNE,train,noise,MQ_CPM_NOISE_20140223_040504
"bucket0$397,:3,:6001",MQ,CPM,14.8168,-61.2074,242.0,,,3000,100.0,ZNE,train,noise,MQ_CPM_NOISE_20140225_063912
"bucket0$398,:3,:6001",MQ,CPM,14.8168,-61.2074,242.0,,,3000,100.0,ZNE,train,noise,MQ_CPM_NOISE_20140518_012628
"bucket0$399,:3,:6001",MQ,CPM,14.8168,-61.2074,242.0,,,3000,100.0,ZNE,train,noise,MQ_CPM_NOISE_20140414_063133
"bucket0$400,:3,:6001",MQ,CPM,14.8168,-61.2074,242.0,,,3000,100.0,ZNE,train,noise,MQ_CPM_NOISE_20140521_182335
"bucket0$401,:3,:6001",MQ,LAM,14.81292,-61.16314,1240.0,,,3000,100.0,ZNE,train,noise,MQ_LAM_NOISE_20140412_233937
"bucket0$402,:3,:6001",MQ,LAM,14.81292,-61.16314,1240.0,,,3000,100.0,ZNE,train,noise,MQ_LAM_NOISE_20140420_071509
"bucket0$403,:3,:6001",MQ,LAM,14.81292,-61.16314,1240.0,,,3000,100.0,ZNE,train,noise,MQ_LAM_NOISE_20140307_183334
"bucket0$404,:3,:6001",MQ,LAM,14.81292,-61.16314,1240.0,,,3000,100.0,ZNE,train,noise,MQ_LAM_NOISE_20140418_021805
"bucket0$405,:3,:6001",MQ,LAM,14.81292,-61.16314,1240.0,,,3000,100.0,ZNE,train,noise,MQ_LAM_NOISE_20140507_214352
"bucket0$406,:3,:6001",MQ,LAM,14.81292,-61.16314,1240.0,,,3000,100.0,ZNE,train,noise,MQ_LAM_NOISE_20140327_055004
"bucket0$407,:3,:6001",MQ,LAM,14.81292,-61.16314,1240.0,,,3000,100.0,ZNE,train,noise,MQ_LAM_NOISE_20140404_063120
"bucket0$408,:3,:6001",MQ,LAM,14.81292,-61.16314,1240.0,,,3000,100.0,ZNE,train,noise,MQ_LAM_NOISE_20140428_193446
"bucket0$409,:3,:6001",MQ,LAM,14.81292,-61.16314,1240.0,,,3000,100.0,ZNE,train,noise,MQ_LAM_NOISE_20140316_033928
"bucket0$410,:3,:6001",MQ,LAM,14.81292,-61.16314,1240.0,,,3000,100.0,ZNE,train,noise,MQ_LAM_NOISE_20140305_032435
"bucket0$411,:3,:6001",MQ,LAM,14.81292,-61.16314,1240.0,,,3000,100.0,ZNE,train,noise,MQ_LAM_NOISE_20140411_071932
"bucket0$412,:3,:6001",MQ,LAM,14.81292,-61.16314,1240.0,,,3000,100.0,ZNE,train,noise,MQ_LAM_NOISE_20140403_230556
"bucket1$51,:3,:6001",MQ,LAM,14.81292,-61.16314,1240.0,,,3000,100.0,ZNE,dev,noise,MQ_LAM_NOISE_20140525_074432
"bucket0$413,:3,:6001",MQ,LAM,14.81292,-61.16314,1240.0,,,3000,100.0,ZNE,train,noise,MQ_LAM_NOISE_20140505_014938
"bucket0$414,:3,:6001",MQ,LAM,14.81292,-61.16314,1240.0,,,3000,100.0,ZNE,train,noise,MQ_LAM_NOISE_20140516_212445
"bucket0$415,:3,:6001",MQ,LAM,14.81292,-61.16314,1240.0,,,3000,100.0,ZNE,train,noise,MQ_LAM_NOISE_20140311_114818
"bucket0$416,:3,:6001",MQ,LAM,14.81292,-61.16314,1240.0,,,3000,100.0,ZNE,train,noise,MQ_LAM_NOISE_20140505_015216
"bucket0$417,:3,:6001",MQ,LAM,14.81292,-61.16314,1240.0,,,3000,100.0,ZNE,train,noise,MQ_LAM_NOISE_20140502_003851
"bucket0$418,:3,:6001",MQ,LAM,14.81292,-61.16314,1240.0,,,3000,100.0,ZNE,train,noise,MQ_LAM_NOISE_20140423_090655
"bucket2$48,:3,:6001",MQ,LAM,14.81292,-61.16314,1240.0,,,3000,100.0,ZNE,test,noise,MQ_LAM_NOISE_20140406_171425
"bucket0$419,:3,:6001",MQ,LAM,14.81292,-61.16314,1240.0,,,3000,100.0,ZNE,train,noise,MQ_LAM_NOISE_20140430_013322
"bucket0$420,:3,:6001",MQ,LAM,14.81292,-61.16314,1240.0,,,3000,100.0,ZNE,train,noise,MQ_LAM_NOISE_20140326_234157
"bucket1$52,:3,:6001",MQ,LAM,14.81292,-61.16314,1240.0,,,3000,100.0,ZNE,dev,noise,MQ_LAM_NOISE_20140518_172511
"bucket0$421,:3,:6001",MQ,LAM,14.81292,-61.16314,1240.0,,,3000,100.0,ZNE,train,noise,MQ_LAM_NOISE_20140314_063648
"bucket0$422,:3,:6001",MQ,LAM,14.81292,-61.16314,1240.0,,,3000,100.0,ZNE,train,noise,MQ_LAM_NOISE_20140520_231202
"bucket0$423,:3,:6001",MQ,LAM,14.81292,-61.16314,1240.0,,,3000,100.0,ZNE,train,noise,MQ_LAM_NOISE_20140426_000247
"bucket0$424,:3,:6001",MQ,LAM,14.81292,-61.16314,1240.0,,,3000,100.0,ZNE,train,noise,MQ_LAM_NOISE_20140429_045355
"bucket0$425,:3,:6001",MQ,LAM,14.81292,-61.16314,1240.0,,,3000,100.0,ZNE,train,noise,MQ_LAM_NOISE_20140524_011904
"bucket0$426,:3,:6001",MQ,LAM,14.81292,-61.16314,1240.0,,,3000,100.0,ZNE,train,noise,MQ_LAM_NOISE_20140311_234435
"bucket0$427,:3,:6001",MQ,LAM,14.81292,-61.16314,1240.0,,,3000,100.0,ZNE,train,noise,MQ_LAM_NOISE_20140318_182137
"bucket0$428,:3,:6001",MQ,LAM,14.81292,-61.16314,1240.0,,,3000,100.0,ZNE,train,noise,MQ_LAM_NOISE_20140317_055835
"bucket0$429,:3,:6001",MQ,LAM,14.81292,-61.16314,1240.0,,,3000,100.0,ZNE,train,noise,MQ_LAM_NOISE_20140411_105312
"bucket1$53,:3,:6001",MQ,LAM,14.81292,-61.16314,1240.0,,,3000,100.0,ZNE,dev,noise,MQ_LAM_NOISE_20140225_144300
"bucket0$430,:3,:6001",MQ,LAM,14.81292,-61.16314,1240.0,,,3000,100.0,ZNE,train,noise,MQ_LAM_NOISE_20140315_054336
"bucket2$49,:3,:6001",MQ,LAM,14.81292,-61.16314,1240.0,,,3000,100.0,ZNE,test,noise,MQ_LAM_NOISE_20140320_194832
"bucket0$431,:3,:6001",MQ,LAM,14.81292,-61.16314,1240.0,,,3000,100.0,ZNE,train,noise,MQ_LAM_NOISE_20140501_221531
"bucket0$432,:3,:6001",MQ,LAM,14.81292,-61.16314,1240.0,,,3000,100.0,ZNE,train,noise,MQ_LAM_NOISE_20140226_202853
"bucket0$433,:3,:6001",MQ,LAM,14.81292,-61.16314,1240.0,,,3000,100.0,ZNE,train,noise,MQ_LAM_NOISE_20140528_071926
"bucket0$434,:3,:6001",MQ,LAM,14.81292,-61.16314,1240.0,,,3000,100.0,ZNE,train,noise,MQ_LAM_NOISE_20140520_225258
"bucket0$435,:3,:6001",MQ,LAM,14.81292,-61.16314,1240.0,,,3000,100.0,ZNE,train,noise,MQ_LAM_NOISE_20140524_182424
"bucket0$436,:3,:6001",MQ,LAM,14.81292,-61.16314,1240.0,,,3000,100.0,ZNE,train,noise,MQ_LAM_NOISE_20140308_105702
"bucket0$437,:3,:6001",MQ,LAM,14.81292,-61.16314,1240.0,,,3000,100.0,ZNE,train,noise,MQ_LAM_NOISE_20140330_212719
"bucket2$50,:3,:6001",MQ,LAM,14.81292,-61.16314,1240.0,,,3000,100.0,ZNE,test,noise,MQ_LAM_NOISE_20140528_180810
"bucket0$438,:3,:6001",MQ,LAM,14.81292,-61.16314,1240.0,,,3000,100.0,ZNE,train,noise,MQ_LAM_NOISE_20140306_132608
"bucket0$439,:3,:6001",MQ,LAM,14.81292,-61.16314,1240.0,,,3000,100.0,ZNE,train,noise,MQ_LAM_NOISE_20140321_090118
"bucket1$54,:3,:6001",MQ,LAM,14.81292,-61.16314,1240.0,,,3000,100.0,ZNE,dev,noise,MQ_LAM_NOISE_20140326_024428
"bucket0$440,:3,:6001",MQ,LAM,14.81292,-61.16314,1240.0,,,3000,100.0,ZNE,train,noise,MQ_LAM_NOISE_20140517_081202
"bucket0$441,:3,:6001",MQ,LAM,14.81292,-61.16314,1240.0,,,3000,100.0,ZNE,train,noise,MQ_LAM_NOISE_20140519_084737
"bucket0$442,:3,:6001",MQ,LAM,14.81292,-61.16314,1240.0,,,3000,100.0,ZNE,train,noise,MQ_LAM_NOISE_20140526_055544
"bucket0$443,:3,:6001",MQ,LAM,14.81292,-61.16314,1240.0,,,3000,100.0,ZNE,train,noise,MQ_LAM_NOISE_20140303_104853
"bucket0$444,:3,:6001",MQ,LAM,14.81292,-61.16314,1240.0,,,3000,100.0,ZNE,train,noise,MQ_LAM_NOISE_20140320_101959
"bucket0$445,:3,:6001",MQ,LAM,14.81292,-61.16314,1240.0,,,3000,100.0,ZNE,train,noise,MQ_LAM_NOISE_20140224_063903
"bucket0$446,:3,:6001",MQ,LAM,14.81292,-61.16314,1240.0,,,3000,100.0,ZNE,train,noise,MQ_LAM_NOISE_20140402_225621
"bucket0$447,:3,:6001",MQ,LAM,14.81292,-61.16314,1240.0,,,3000,100.0,ZNE,train,noise,MQ_LAM_NOISE_20140510_094626
"bucket0$448,:3,:6001",MQ,LAM,14.81292,-61.16314,1240.0,,,3000,100.0,ZNE,train,noise,MQ_LAM_NOISE_20140429_011153
"bucket0$449,:3,:6001",MQ,LAM,14.81292,-61.16314,1240.0,,,3000,100.0,ZNE,train,noise,MQ_LAM_NOISE_20140413_011317
"bucket0$450,:3,:6001",MQ,LAM,14.81292,-61.16314,1240.0,,,3000,100.0,ZNE,train,noise,MQ_LAM_NOISE_20140312_043150
"bucket0$451,:3,:6001",MQ,LAM,14.81292,-61.16314,1240.0,,,3000,100.0,ZNE,train,noise,MQ_LAM_NOISE_20140413_044250
"bucket2$51,:3,:6001",MQ,LAM,14.81292,-61.16314,1240.0,,,3000,100.0,ZNE,test,noise,MQ_LAM_NOISE_20140305_071330
"bucket1$55,:3,:6001",MQ,LAM,14.81292,-61.16314,1240.0,,,3000,100.0,ZNE,dev,noise,MQ_LAM_NOISE_20140403_045010
"bucket0$452,:3,:6001",MQ,LAM,14.81292,-61.16314,1240.0,,,3000,100.0,ZNE,train,noise,MQ_LAM_NOISE_20140403_013713
"bucket0$453,:3,:6001",MQ,LAM,14.81292,-61.16314,1240.0,,,3000,100.0,ZNE,train,noise,MQ_LAM_NOISE_20140506_071021
"bucket0$454,:3,:6001",MQ,LAM,14.81292,-61.16314,1240.0,,,3000,100.0,ZNE,train,noise,MQ_LAM_NOISE_20140329_230241
"bucket0$455,:3,:6001",MQ,LAM,14.81292,-61.16314,1240.0,,,3000,100.0,ZNE,train,noise,MQ_LAM_NOISE_20140509_023815
"bucket0$456,:3,:6001",MQ,LAM,14.81292,-61.16314,1240.0,,,3000,100.0,ZNE,train,noise,MQ_LAM_NOISE_20140527_214253
"bucket2$52,:3,:6001",MQ,LAM,14.81292,-61.16314,1240.0,,,3000,100.0,ZNE,test,noise,MQ_LAM_NOISE_20140519_215621
"bucket0$457,:3,:6001",MQ,LAM,14.81292,-61.16314,1240.0,,,3000,100.0,ZNE,train,noise,MQ_LAM_NOISE_20140508_074848
"bucket0$458,:3,:6001",MQ,LAM,14.81292,-61.16314,1240.0,,,3000,100.0,ZNE,train,noise,MQ_LAM_NOISE_20140412_233939
"bucket0$459,:3,:6001",MQ,LAM,14.81292,-61.16314,1240.0,,,3000,100.0,ZNE,train,noise,MQ_LAM_NOISE_20140327_144006
"bucket0$460,:3,:6001",MQ,LAM,14.81292,-61.16314,1240.0,,,3000,100.0,ZNE,train,noise,MQ_LAM_NOISE_20140227_072054
"bucket0$461,:3,:6001",MQ,LAM,14.81292,-61.16314,1240.0,,,3000,100.0,ZNE,train,noise,MQ_LAM_NOISE_20140520_223713
"bucket1$56,:3,:6001",MQ,LAM,14.81292,-61.16314,1240.0,,,3000,100.0,ZNE,dev,noise,MQ_LAM_NOISE_20140514_052352
"bucket0$462,:3,:6001",MQ,LAM,14.81292,-61.16314,1240.0,,,3000,100.0,ZNE,train,noise,MQ_LAM_NOISE_20140302_031340
"bucket0$463,:3,:6001",MQ,LAM,14.81292,-61.16314,1240.0,,,3000,100.0,ZNE,train,noise,MQ_LAM_NOISE_20140227_014228
"bucket0$464,:3,:6001",MQ,LAM,14.81292,-61.16314,1240.0,,,3000,100.0,ZNE,train,noise,MQ_LAM_NOISE_20140305_222713
"bucket0$465,:3,:6001",MQ,LAM,14.81292,-61.16314,1240.0,,,3000,100.0,ZNE,train,noise,MQ_LAM_NOISE_20140413_212338
"bucket0$466,:3,:6001",MQ,LAM,14.81292,-61.16314,1240.0,,,3000,100.0,ZNE,train,noise,MQ_LAM_NOISE_20140516_200353
"bucket0$467,:3,:6001",MQ,LAM,14.81292,-61.16314,1240.0,,,3000,100.0,ZNE,train,noise,MQ_LAM_NOISE_20140501_083715
"bucket0$468,:3,:6001",MQ,LAM,14.81292,-61.16314,1240.0,,,3000,100.0,ZNE,train,noise,MQ_LAM_NOISE_20140524_003341
"bucket0$469,:3,:6001",MQ,LAM,14.81292,-61.16314,1240.0,,,3000,100.0,ZNE,train,noise,MQ_LAM_NOISE_20140412_200740
"bucket0$470,:3,:6001",MQ,LAM,14.81292,-61.16314,1240.0,,,3000,100.0,ZNE,train,noise,MQ_LAM_NOISE_20140225_074154
"bucket0$471,:3,:6001",MQ,LAM,14.81292,-61.16314,1240.0,,,3000,100.0,ZNE,train,noise,MQ_LAM_NOISE_20140506_055357
"bucket0$472,:3,:6001",MQ,LAM,14.81292,-61.16314,1240.0,,,3000,100.0,ZNE,train,noise,MQ_LAM_NOISE_20140416_000655
"bucket0$473,:3,:6001",MQ,LAM,14.81292,-61.16314,1240.0,,,3000,100.0,ZNE,train,noise,MQ_LAM_NOISE_20140330_015226
"bucket2$53,:3,:6001",MQ,LAM,14.81292,-61.16314,1240.0,,,3000,100.0,ZNE,test,noise,MQ_LAM_NOISE_20140507_112631
"bucket0$474,:3,:6001",MQ,LAM,14.81292,-61.16314,1240.0,,,3000,100.0,ZNE,train,noise,MQ_LAM_NOISE_20140516_001546
"bucket2$54,:3,:6001",MQ,LAM,14.81292,-61.16314,1240.0,,,3000,100.0,ZNE,test,noise,MQ_LAM_NOISE_20140421_010500
"bucket2$55,:3,:6001",MQ,LAM,14.81292,-61.16314,1240.0,,,3000,100.0,ZNE,test,noise,MQ_LAM_NOISE_20140427_204117
"bucket1$57,:3,:6001",MQ,LAM,14.81292,-61.16314,1240.0,,,3000,100.0,ZNE,dev,noise,MQ_LAM_NOISE_20140406_200242
"bucket0$475,:3,:6001",MQ,LAM,14.81292,-61.16314,1240.0,,,3000,100.0,ZNE,train,noise,MQ_LAM_NOISE_20140326_053206
"bucket0$476,:3,:6001",MQ,LAM,14.81292,-61.16314,1240.0,,,3000,100.0,ZNE,train,noise,MQ_LAM_NOISE_20140322_193728
"bucket0$477,:3,:6001",MQ,LAM,14.81292,-61.16314,1240.0,,,3000,100.0,ZNE,train,noise,MQ_LAM_NOISE_20140311_061342
"bucket0$478,:3,:6001",MQ,LAM,14.81292,-61.16314,1240.0,,,3000,100.0,ZNE,train,noise,MQ_LAM_NOISE_20140317_023251
"bucket0$479,:3,:6001",MQ,LAM,14.81292,-61.16314,1240.0,,,3000,100.0,ZNE,train,noise,MQ_LAM_NOISE_20140528_002501
"bucket1$58,:3,:6001",MQ,LAM,14.81292,-61.16314,1240.0,,,3000,100.0,ZNE,dev,noise,MQ_LAM_NOISE_20140530_071005
"bucket1$59,:3,:6001",MQ,LAM,14.81292,-61.16314,1240.0,,,3000,100.0,ZNE,dev,noise,MQ_LAM_NOISE_20140414_234757
"bucket0$480,:3,:6001",MQ,LAM,14.81292,-61.16314,1240.0,,,3000,100.0,ZNE,train,noise,MQ_LAM_NOISE_20140421_010455
"bucket0$481,:3,:6001",MQ,LAM,14.81292,-61.16314,1240.0,,,3000,100.0,ZNE,train,noise,MQ_LAM_NOISE_20140521_082645
"bucket0$482,:3,:6001",MQ,LAM,14.81292,-61.16314,1240.0,,,3000,100.0,ZNE,train,noise,MQ_LAM_NOISE_20140414_205406
"bucket0$483,:3,:6001",MQ,LAM,14.81292,-61.16314,1240.0,,,3000,100.0,ZNE,train,noise,MQ_LAM_NOISE_20140427_020119
"bucket0$484,:3,:6001",MQ,BAM,14.8171,-61.1445,670.0,,,3000,100.0,ZNE,train,noise,MQ_BAM_NOISE_20140408_162238
"bucket0$485,:3,:6001",MQ,BAM,14.8171,-61.1445,670.0,,,3000,100.0,ZNE,train,noise,MQ_BAM_NOISE_20140226_190405
"bucket0$486,:3,:6001",MQ,BAM,14.8171,-61.1445,670.0,,,3000,100.0,ZNE,train,noise,MQ_BAM_NOISE_20140406_004739
"bucket0$487,:3,:6001",MQ,BAM,14.8171,-61.1445,670.0,,,3000,100.0,ZNE,train,noise,MQ_BAM_NOISE_20140525_064844
"bucket0$488,:3,:6001",MQ,BAM,14.8171,-61.1445,670.0,,,3000,100.0,ZNE,train,noise,MQ_BAM_NOISE_20140320_011334
"bucket0$489,:3,:6001",MQ,BAM,14.8171,-61.1445,670.0,,,3000,100.0,ZNE,train,noise,MQ_BAM_NOISE_20140320_113808
"bucket2$56,:3,:6001",MQ,BAM,14.8171,-61.1445,670.0,,,3000,100.0,ZNE,test,noise,MQ_BAM_NOISE_20140505_034754
"bucket1$60,:3,:6001",MQ,BAM,14.8171,-61.1445,670.0,,,3000,100.0,ZNE,dev,noise,MQ_BAM_NOISE_20140326_144009
"bucket0$490,:3,:6001",MQ,BAM,14.8171,-61.1445,670.0,,,3000,100.0,ZNE,train,noise,MQ_BAM_NOISE_20140309_060659
"bucket0$491,:3,:6001",MQ,BAM,14.8171,-61.1445,670.0,,,3000,100.0,ZNE,train,noise,MQ_BAM_NOISE_20140508_085001
"bucket0$492,:3,:6001",MQ,BAM,14.8171,-61.1445,670.0,,,3000,100.0,ZNE,train,noise,MQ_BAM_NOISE_20140525_114746
"bucket0$493,:3,:6001",MQ,BAM,14.8171,-61.1445,670.0,,,3000,100.0,ZNE,train,noise,MQ_BAM_NOISE_20140313_234306
"bucket0$494,:3,:6001",MQ,BAM,14.8171,-61.1445,670.0,,,3000,100.0,ZNE,train,noise,MQ_BAM_NOISE_20140318_115512
"bucket1$61,:3,:6001",MQ,BAM,14.8171,-61.1445,670.0,,,3000,100.0,ZNE,dev,noise,MQ_BAM_NOISE_20140530_015949
"bucket0$495,:3,:6001",MQ,BAM,14.8171,-61.1445,670.0,,,3000,100.0,ZNE,train,noise,MQ_BAM_NOISE_20140331_224732
"bucket0$496,:3,:6001",MQ,BAM,14.8171,-61.1445,670.0,,,3000,100.0,ZNE,train,noise,MQ_BAM_NOISE_20140525_110423
"bucket0$497,:3,:6001",MQ,BAM,14.8171,-61.1445,670.0,,,3000,100.0,ZNE,train,noise,MQ_BAM_NOISE_20140430_033953
"bucket0$498,:3,:6001",MQ,BAM,14.8171,-61.1445,670.0,,,3000,100.0,ZNE,train,noise,MQ_BAM_NOISE_20140510_233939
"bucket0$499,:3,:6001",MQ,BAM,14.8171,-61.1445,670.0,,,3000,100.0,ZNE,train,noise,MQ_BAM_NOISE_20140401_084735
"bucket0$500,:3,:6001",MQ,BAM,14.8171,-61.1445,670.0,,,3000,100.0,ZNE,train,noise,MQ_BAM_NOISE_20140316_022343
"bucket0$501,:3,:6001",MQ,BAM,14.8171,-61.1445,670.0,,,3000,100.0,ZNE,train,noise,MQ_BAM_NOISE_20140414_083917
"bucket0$502,:3,:6001",MQ,BAM,14.8171,-61.1445,670.0,,,3000,100.0,ZNE,train,noise,MQ_BAM_NOISE_20140331_034751
"bucket0$503,:3,:6001",MQ,BAM,14.8171,-61.1445,670.0,,,3000,100.0,ZNE,train,noise,MQ_BAM_NOISE_20140319_071431
"bucket2$57,:3,:6001",MQ,BAM,14.8171,-61.1445,670.0,,,3000,100.0,ZNE,test,noise,MQ_BAM_NOISE_20140515_101234
"bucket1$62,:3,:6001",MQ,BAM,14.8171,-61.1445,670.0,,,3000,100.0,ZNE,dev,noise,MQ_BAM_NOISE_20140508_060309
"bucket0$504,:3,:6001",MQ,BAM,14.8171,-61.1445,670.0,,,3000,100.0,ZNE,train,noise,MQ_BAM_NOISE_20140315_110541
"bucket0$505,:3,:6001",MQ,BAM,14.8171,-61.1445,670.0,,,3000,100.0,ZNE,train,noise,MQ_BAM_NOISE_20140314_005416
"bucket0$506,:3,:6001",MQ,BAM,14.8171,-61.1445,670.0,,,3000,100.0,ZNE,train,noise,MQ_BAM_NOISE_20140427_080418
"bucket2$58,:3,:6001",MQ,BAM,14.8171,-61.1445,670.0,,,3000,100.0,ZNE,test,noise,MQ_BAM_NOISE_20140422_143922
"bucket0$507,:3,:6001",MQ,BAM,14.8171,-61.1445,670.0,,,3000,100.0,ZNE,train,noise,MQ_BAM_NOISE_20140220_033038
"bucket0$508,:3,:6001",MQ,BAM,14.8171,-61.1445,670.0,,,3000,100.0,ZNE,train,noise,MQ_BAM_NOISE_20140306_165726
"bucket0$509,:3,:6001",MQ,BAM,14.8171,-61.1445,670.0,,,3000,100.0,ZNE,train,noise,MQ_BAM_NOISE_20140413_025513
"bucket1$63,:3,:6001",MQ,BAM,14.8171,-61.1445,670.0,,,3000,100.0,ZNE,dev,noise,MQ_BAM_NOISE_20140513_234210
"bucket0$510,:3,:6001",MQ,BAM,14.8171,-61.1445,670.0,,,3000,100.0,ZNE,train,noise,MQ_BAM_NOISE_20140302_024026
"bucket0$511,:3,:6001",MQ,BAM,14.8171,-61.1445,670.0,,,3000,100.0,ZNE,train,noise,MQ_BAM_NOISE_20140529_145024
"bucket2$59,:3,:6001",MQ,BAM,14.8171,-61.1445,670.0,,,3000,100.0,ZNE,test,noise,MQ_BAM_NOISE_20140310_043259
"bucket0$512,:3,:6001",MQ,BAM,14.8171,-61.1445,670.0,,,3000,100.0,ZNE,train,noise,MQ_BAM_NOISE_20140228_053159
"bucket0$513,:3,:6001",MQ,BAM,14.8171,-61.1445,670.0,,,3000,100.0,ZNE,train,noise,MQ_BAM_NOISE_20140307_021346
"bucket2$60,:3,:6001",MQ,BAM,14.8171,-61.1445,670.0,,,3000,100.0,ZNE,test,noise,MQ_BAM_NOISE_20140516_165435
"bucket0$514,:3,:6001",MQ,BAM,14.8171,-61.1445,670.0,,,3000,100.0,ZNE,train,noise,MQ_BAM_NOISE_20140424_033804
"bucket0$515,:3,:6001",MQ,BAM,14.8171,-61.1445,670.0,,,3000,100.0,ZNE,train,noise,MQ_BAM_NOISE_20140411_230700
"bucket0$516,:3,:6001",MQ,BAM,14.8171,-61.1445,670.0,,,3000,100.0,ZNE,train,noise,MQ_BAM_NOISE_20140408_040737
"bucket0$517,:3,:6001",MQ,BAM,14.8171,-61.1445,670.0,,,3000,100.0,ZNE,train,noise,MQ_BAM_NOISE_20140415_221309
"bucket0$518,:3,:6001",MQ,BAM,14.8171,-61.1445,670.0,,,3000,100.0,ZNE,train,noise,MQ_BAM_NOISE_20140317_070706
"bucket0$519,:3,:6001",MQ,BAM,14.8171,-61.1445,670.0,,,3000,100.0,ZNE,train,noise,MQ_BAM_NOISE_20140322_140238
"bucket0$520,:3,:6001",MQ,BAM,14.8171,-61.1445,670.0,,,3000,100.0,ZNE,train,noise,MQ_BAM_NOISE_20140525_112354
"bucket0$521,:3,:6001",MQ,BAM,14.8171,-61.1445,670.0,,,3000,100.0,ZNE,train,noise,MQ_BAM_NOISE_20140322_205732
"bucket0$522,:3,:6001",MQ,BAM,14.8171,-61.1445,670.0,,,3000,100.0,ZNE,train,noise,MQ_BAM_NOISE_20140517_121001
"bucket0$523,:3,:6001",MQ,BAM,14.8171,-61.1445,670.0,,,3000,100.0,ZNE,train,noise,MQ_BAM_NOISE_20140525_001741
"bucket0$524,:3,:6001",MQ,BAM,14.8171,-61.1445,670.0,,,3000,100.0,ZNE,train,noise,MQ_BAM_NOISE_20140305_112813
"bucket0$525,:3,:6001",MQ,BAM,14.8171,-61.1445,670.0,,,3000,100.0,ZNE,train,noise,MQ_BAM_NOISE_20140514_234512
"bucket0$526,:3,:6001",MQ,BAM,14.8171,-61.1445,670.0,,,3000,100.0,ZNE,train,noise,MQ_BAM_NOISE_20140504_053336
"bucket0$527,:3,:6001",MQ,BAM,14.8171,-61.1445,670.0,,,3000,100.0,ZNE,train,noise,MQ_BAM_NOISE_20140412_235617
"bucket0$528,:3,:6001",MQ,BAM,14.8171,-61.1445,670.0,,,3000,100.0,ZNE,train,noise,MQ_BAM_NOISE_20140310_040159
"bucket0$529,:3,:6001",MQ,BAM,14.8171,-61.1445,670.0,,,3000,100.0,ZNE,train,noise,MQ_BAM_NOISE_20140510_014236
"bucket0$530,:3,:6001",MQ,BAM,14.8171,-61.1445,670.0,,,3000,100.0,ZNE,train,noise,MQ_BAM_NOISE_20140519_031234
"bucket1$64,:3,:6001",MQ,BAM,14.8171,-61.1445,670.0,,,3000,100.0,ZNE,dev,noise,MQ_BAM_NOISE_20140430_041108
