trace_name,trace_start_time,station_network_code,station_code,station_latitude_deg,station_longitude_deg,station_elevation_m,trace_p_arrival_sample,trace_s_arrival_sample,center_sample,trace_sampling_rate_hz,trace_component_order,split,name,trace_name_original
"bucket0$0,:3,:6001",2014-03-03T08:29:03,MQ,IA2,14.80307,-61.20515,289.0,1342.0,1434.0,1342,100.0,ZNE,train,manuel,MQ_IA2_20140303_082916
"bucket0$1,:3,:6001",2014-03-03T08:29:10.979900,MQ,GBM,14.799451,-61.159276,800.0,567.0,,567,100.0,ZNE,train,manuel,MQ_GBM_20140303_082916
"bucket0$2,:3,:6001",2014-03-03T08:28:39.980000,MQ,LAM,14.81292,-61.16314,1240.0,3670.0,3706.0,3670,100.0,ZNE,train,manuel,MQ_LAM_20140303_082916
"bucket0$3,:3,:6001",2014-03-03T08:28:40.969900,MQ,BAM,14.8171,-61.1445,670.0,3609.0,,3609,100.0,ZNE,train,manuel,MQ_BAM_20140303_082917
"bucket1$0,:3,:6001",2014-03-03T08:28:52.169900,MQ,MLM,14.7846,-61.1786,370.0,2493.0,,2493,100.0,ZNE,test,manuel,MQ_MLM_20140303_082917
"bucket0$4,:3,:6001",2014-03-04T02:19:36.100000,MQ,LAM,14.81292,-61.16314,1240.0,2814.0,2857.0,2814,100.0,ZNE,train,manuel,MQ_LAM_20140304_022004
"bucket0$5,:3,:6001",2014-03-04T02:19:39.109900,MQ,BAM,14.8171,-61.1445,670.0,2545.0,,2545,100.0,ZNE,train,manuel,MQ_BAM_20140304_022004
"bucket0$6,:3,:6001",2014-03-04T02:19:42.789900,MQ,GBM,14.799451,-61.159276,800.0,2183.0,,2183,100.0,ZNE,train,manuel,MQ_GBM_20140304_022004
"bucket2$0,:3,:6001",2014-03-04T22:25:20.789900,MQ,GBM,14.799451,-61.159276,800.0,1876.0,,1876,100.0,ZNE,dev,manuel,MQ_GBM_20140304_222539
"bucket0$7,:3,:6001",2014-03-04T22:25:23.620000,MQ,LAM,14.81292,-61.16314,1240.0,1598.0,,1598,100.0,ZNE,train,manuel,MQ_LAM_20140304_222539
"bucket0$8,:3,:6001",2014-03-04T22:25:13.799900,MQ,BAM,14.8171,-61.1445,670.0,,2620.0,2620,100.0,ZNE,train,manuel,MQ_BAM_20140304_222540
"bucket0$9,:3,:6001",2014-03-05T04:32:06.569900,MQ,GBM,14.799451,-61.159276,800.0,1539.0,,1539,100.0,ZNE,train,manuel,MQ_GBM_20140305_043221
"bucket0$10,:3,:6001",2014-03-05T04:32:09.650000,MQ,LAM,14.81292,-61.16314,1240.0,1245.0,,1245,100.0,ZNE,train,manuel,MQ_LAM_20140305_043222
"bucket0$11,:3,:6001",2014-03-05T04:31:28.989900,MQ,BAM,14.8171,-61.1445,670.0,5325.0,,5325,100.0,ZNE,train,manuel,MQ_BAM_20140305_043222
"bucket0$12,:3,:6001",2014-03-05T04:31:39.730000,MQ,IA2,14.80307,-61.20515,289.0,4266.0,4438.0,4266,100.0,ZNE,train,manuel,MQ_IA2_20140305_043222
"bucket0$13,:3,:6001",2014-03-05T05:12:08.160000,MQ,LAM,14.81292,-61.16314,1240.0,1632.0,1695.0,1632,100.0,ZNE,train,manuel,MQ_LAM_20140305_051224
"bucket0$14,:3,:6001",2014-03-05T05:12:07.359900,MQ,GBM,14.799451,-61.159276,800.0,1735.0,,1735,100.0,ZNE,train,manuel,MQ_GBM_20140305_051224
"bucket1$1,:3,:6001",2014-03-11T19:52:41.380000,MQ,LAM,14.81292,-61.16314,1240.0,823.0,866.0,823,100.0,ZNE,test,manuel,MQ_LAM_20140311_195249
"bucket0$15,:3,:6001",2014-03-11T19:52:02.899900,MQ,GBM,14.799451,-61.159276,800.0,4672.0,,4672,100.0,ZNE,train,manuel,MQ_GBM_20140311_195249
"bucket0$16,:3,:6001",2014-03-11T19:51:59.749900,MQ,BAM,14.8171,-61.1445,670.0,5022.0,,5022,100.0,ZNE,train,manuel,MQ_BAM_20140311_195249
"bucket0$17,:3,:6001",2014-03-11T19:52:14.389900,MQ,MLM,14.7846,-61.1786,370.0,3570.0,,3570,100.0,ZNE,train,manuel,MQ_MLM_20140311_195250
"bucket0$18,:3,:6001",2014-03-11T19:52:30.370000,WI,SAM,14.84108,-61.1638,485.0,1980.0,,1980,100.0,ZNE,train,manuel,WI_SAM_20140311_195250
"bucket0$19,:3,:6001",2014-03-11T19:51:55.760000,MQ,IA2,14.80307,-61.20515,289.0,5443.0,,5443,100.0,ZNE,train,manuel,MQ_IA2_20140311_195250
"bucket0$20,:3,:6001",2014-03-11T19:52:10.109900,MQ,CPM,14.8168,-61.2074,242.0,4018.0,,4018,100.0,ZNE,train,manuel,MQ_CPM_20140311_195250
"bucket0$21,:3,:6001",2014-03-13T13:43:55.309900,MQ,GBM,14.799451,-61.159276,800.0,2880.0,,2880,100.0,ZNE,train,manuel,MQ_GBM_20140313_134424
"bucket2$1,:3,:6001",2014-03-13T13:43:36.900000,MQ,LAM,14.81292,-61.16314,1240.0,4729.0,4793.0,4729,100.0,ZNE,dev,manuel,MQ_LAM_20140313_134424
"bucket0$22,:3,:6001",2014-03-13T13:44:05.719900,MQ,BAM,14.8171,-61.1445,670.0,1878.0,,1878,100.0,ZNE,train,manuel,MQ_BAM_20140313_134424
"bucket0$23,:3,:6001",2014-03-13T13:44:10.470000,MQ,IA2,14.80307,-61.20515,289.0,1429.0,,1429,100.0,ZNE,train,manuel,MQ_IA2_20140313_134424
"bucket0$24,:3,:6001",2014-03-13T13:43:59.919900,MQ,MLM,14.7846,-61.1786,370.0,2501.0,,2501,100.0,ZNE,train,manuel,MQ_MLM_20140313_134424
"bucket0$25,:3,:6001",2014-03-13T13:43:44.889900,MQ,CPM,14.8168,-61.2074,242.0,4005.0,,4005,100.0,ZNE,train,manuel,MQ_CPM_20140313_134424
"bucket0$26,:3,:6001",2014-03-13T22:37:55.079900,MQ,GBM,14.799451,-61.159276,800.0,518.0,,518,100.0,ZNE,train,manuel,MQ_GBM_20140313_223800
"bucket0$27,:3,:6001",2014-03-13T22:37:29.529900,MQ,BAM,14.8171,-61.1445,670.0,3100.0,,3100,100.0,ZNE,train,manuel,MQ_BAM_20140313_223800
"bucket0$28,:3,:6001",2014-03-13T22:37:36.740000,MQ,LAM,14.81292,-61.16314,1240.0,,2403.0,2403,100.0,ZNE,train,manuel,MQ_LAM_20140313_223800
"bucket0$29,:3,:6001",2014-03-13T23:04:22.499900,MQ,GBM,14.799451,-61.159276,800.0,3501.0,,3501,100.0,ZNE,train,manuel,MQ_GBM_20140313_230457
"bucket0$30,:3,:6001",2014-03-13T23:04:35.900000,MQ,LAM,14.81292,-61.16314,1240.0,2162.0,2201.0,2162,100.0,ZNE,train,manuel,MQ_LAM_20140313_230457
"bucket0$31,:3,:6001",2014-03-14T00:15:54.199900,MQ,BAM,14.8171,-61.1445,670.0,501.0,,501,100.0,ZNE,train,manuel,MQ_BAM_20140314_001559
"bucket0$32,:3,:6001",2014-03-14T00:15:14.940000,MQ,LAM,14.81292,-61.16314,1240.0,4485.0,4538.0,4485,100.0,ZNE,train,manuel,MQ_LAM_20140314_001559
"bucket0$33,:3,:6001",2014-03-14T00:15:21.579900,MQ,GBM,14.799451,-61.159276,800.0,3831.0,,3831,100.0,ZNE,train,manuel,MQ_GBM_20140314_001559
"bucket0$34,:3,:6001",2014-03-14T00:15:39.370000,MQ,IA2,14.80307,-61.20515,289.0,2108.0,2164.0,2108,100.0,ZNE,train,manuel,MQ_IA2_20140314_001600
"bucket1$2,:3,:6001",2014-03-14T09:38:12.729900,MQ,GBM,14.799451,-61.159276,800.0,3518.0,,3518,100.0,ZNE,test,manuel,MQ_GBM_20140314_093847
"bucket2$2,:3,:6001",2014-03-14T09:38:18.830000,MQ,LAM,14.81292,-61.16314,1240.0,2911.0,2950.0,2911,100.0,ZNE,dev,manuel,MQ_LAM_20140314_093847
"bucket0$35,:3,:6001",2014-03-14T09:38:32.649900,MQ,BAM,14.8171,-61.1445,670.0,1562.0,,1562,100.0,ZNE,train,manuel,MQ_BAM_20140314_093848
"bucket0$36,:3,:6001",2014-03-15T01:20:28.080000,MQ,LAM,14.81292,-61.16314,1240.0,2963.0,3028.0,2963,100.0,ZNE,train,manuel,MQ_LAM_20140315_012057
"bucket0$37,:3,:6001",2014-03-15T01:20:04.869900,MQ,GBM,14.799451,-61.159276,800.0,5302.0,,5302,100.0,ZNE,train,manuel,MQ_GBM_20140315_012057
"bucket0$38,:3,:6001",2014-03-15T01:20:28.949900,MQ,BAM,14.8171,-61.1445,670.0,2932.0,,2932,100.0,ZNE,train,manuel,MQ_BAM_20140315_012058
"bucket2$3,:3,:6001",2014-03-15T02:41:00.619900,MQ,GBM,14.799451,-61.159276,800.0,645.0,,645,100.0,ZNE,dev,manuel,MQ_GBM_20140315_024107
"bucket0$39,:3,:6001",2014-03-15T02:40:20.230000,MQ,LAM,14.81292,-61.16314,1240.0,4689.0,,4689,100.0,ZNE,train,manuel,MQ_LAM_20140315_024107
"bucket0$40,:3,:6001",2014-03-15T02:40:48.259900,MQ,BAM,14.8171,-61.1445,670.0,1916.0,,1916,100.0,ZNE,train,manuel,MQ_BAM_20140315_024107
"bucket0$41,:3,:6001",2014-03-15T02:40:54.260000,MQ,IA2,14.80307,-61.20515,289.0,1336.0,1432.0,1336,100.0,ZNE,train,manuel,MQ_IA2_20140315_024107
"bucket0$42,:3,:6001",2014-03-15T21:53:41.970000,MQ,LAM,14.81292,-61.16314,1240.0,1973.0,2023.0,1973,100.0,ZNE,train,manuel,MQ_LAM_20140315_215401
"bucket0$43,:3,:6001",2014-03-15T21:53:08.129900,MQ,GBM,14.799451,-61.159276,800.0,5363.0,,5363,100.0,ZNE,train,manuel,MQ_GBM_20140315_215401
"bucket0$44,:3,:6001",2014-03-15T21:53:54.739900,MQ,BAM,14.8171,-61.1445,670.0,822.0,,822,100.0,ZNE,train,manuel,MQ_BAM_20140315_215402
"bucket2$4,:3,:6001",2014-03-15T22:47:54.160000,MQ,LAM,14.81292,-61.16314,1240.0,3037.0,3107.0,3037,100.0,ZNE,dev,manuel,MQ_LAM_20140315_224824
"bucket0$45,:3,:6001",2014-03-15T22:47:51.249900,MQ,BAM,14.8171,-61.1445,670.0,3357.0,,3357,100.0,ZNE,train,manuel,MQ_BAM_20140315_224824
"bucket0$46,:3,:6001",2014-03-15T22:48:01.839900,MQ,GBM,14.799451,-61.159276,800.0,2322.0,,2322,100.0,ZNE,train,manuel,MQ_GBM_20140315_224825
"bucket0$47,:3,:6001",2014-03-15T22:48:10.570000,MQ,IA2,14.80307,-61.20515,289.0,,1553.0,1553,100.0,ZNE,train,manuel,MQ_IA2_20140315_224826
"bucket1$3,:3,:6001",2014-03-15T22:56:41.509900,MQ,GBM,14.799451,-61.159276,800.0,2164.0,,2164,100.0,ZNE,test,manuel,MQ_GBM_20140315_225703
"bucket1$4,:3,:6001",2014-03-15T22:56:17.510000,MQ,LAM,14.81292,-61.16314,1240.0,4571.0,4620.0,4571,100.0,ZNE,test,manuel,MQ_LAM_20140315_225703
"bucket2$5,:3,:6001",2014-03-15T22:56:11.089900,MQ,BAM,14.8171,-61.1445,670.0,5245.0,,5245,100.0,ZNE,dev,manuel,MQ_BAM_20140315_225703
"bucket0$48,:3,:6001",2014-03-15T22:56:54.390000,MQ,IA2,14.80307,-61.20515,289.0,939.0,1033.0,939,100.0,ZNE,train,manuel,MQ_IA2_20140315_225703
"bucket2$6,:3,:6001",2014-03-15T22:56:45.630000,WI,SAM,14.84108,-61.1638,485.0,,1921.0,1921,100.0,ZNE,dev,manuel,WI_SAM_20140315_225704
"bucket0$49,:3,:6001",2014-03-15T23:13:37.930000,MQ,LAM,14.81292,-61.16314,1240.0,843.0,890.0,843,100.0,ZNE,train,manuel,MQ_LAM_20140315_231346
"bucket0$50,:3,:6001",2014-03-15T23:13:18.059900,MQ,GBM,14.799451,-61.159276,800.0,2867.0,,2867,100.0,ZNE,train,manuel,MQ_GBM_20140315_231346
"bucket0$51,:3,:6001",2014-03-15T23:13:00.359900,MQ,BAM,14.8171,-61.1445,670.0,4642.0,,4642,100.0,ZNE,train,manuel,MQ_BAM_20140315_231346
"bucket0$52,:3,:6001",2014-03-15T23:55:06.140000,MQ,LAM,14.81292,-61.16314,1240.0,2955.0,2986.0,2955,100.0,ZNE,train,manuel,MQ_LAM_20140315_235535
"bucket0$53,:3,:6001",2014-03-15T23:55:23.989900,MQ,GBM,14.799451,-61.159276,800.0,1218.0,,1218,100.0,ZNE,train,manuel,MQ_GBM_20140315_235536
"bucket1$5,:3,:6001",2014-03-15T23:54:55.119900,MQ,BAM,14.8171,-61.1445,670.0,4155.0,,4155,100.0,ZNE,test,manuel,MQ_BAM_20140315_235536
"bucket0$54,:3,:6001",2014-03-16T01:03:47.539900,MQ,GBM,14.799451,-61.159276,800.0,2277.0,,2277,100.0,ZNE,train,manuel,MQ_GBM_20140316_010410
"bucket0$55,:3,:6001",2014-03-16T01:03:30.080000,MQ,LAM,14.81292,-61.16314,1240.0,4035.0,4076.0,4035,100.0,ZNE,train,manuel,MQ_LAM_20140316_010410
"bucket0$56,:3,:6001",2014-03-16T01:18:04.549900,MQ,GBM,14.799451,-61.159276,800.0,1734.0,,1734,100.0,ZNE,train,manuel,MQ_GBM_20140316_011821
"bucket0$57,:3,:6001",2014-03-16T01:17:57.970000,MQ,LAM,14.81292,-61.16314,1240.0,2397.0,2453.0,2397,100.0,ZNE,train,manuel,MQ_LAM_20140316_011821
"bucket0$58,:3,:6001",2014-03-16T01:18:17.289900,MQ,BAM,14.8171,-61.1445,670.0,500.0,6497.0,500,100.0,ZNE,train,manuel,MQ_BAM_20140316_011822
"bucket0$59,:3,:6001",2014-03-16T01:17:54.619900,MQ,MLM,14.7846,-61.1786,370.0,2775.0,2780.0,2775,100.0,ZNE,train,manuel,MQ_MLM_20140316_011822
"bucket0$60,:3,:6001",2014-03-16T01:17:28.810000,MQ,IA2,14.80307,-61.20515,289.0,5370.0,5460.0,5370,100.0,ZNE,train,manuel,MQ_IA2_20140316_011822
"bucket0$61,:3,:6001",2014-03-16T01:18:08.229900,MQ,CPM,14.8168,-61.2074,242.0,1440.0,,1440,100.0,ZNE,train,manuel,MQ_CPM_20140316_011822
"bucket2$7,:3,:6001",2014-03-16T01:17:47.910000,WI,SAM,14.84108,-61.1638,485.0,3504.0,3583.0,3504,100.0,ZNE,dev,manuel,WI_SAM_20140316_011822
"bucket0$62,:3,:6001",2014-03-16T01:41:24.480000,MQ,LAM,14.81292,-61.16314,1240.0,3919.0,3971.0,3919,100.0,ZNE,train,manuel,MQ_LAM_20140316_014203
"bucket1$6,:3,:6001",2014-03-16T01:41:39.289900,MQ,GBM,14.799451,-61.159276,800.0,2481.0,,2481,100.0,ZNE,test,manuel,MQ_GBM_20140316_014204
"bucket0$63,:3,:6001",2014-03-16T01:41:16.310000,WI,SAM,14.84108,-61.1638,485.0,4784.0,4878.0,4784,100.0,ZNE,train,manuel,WI_SAM_20140316_014204
"bucket0$64,:3,:6001",2014-03-16T01:41:12.099900,MQ,MLM,14.7846,-61.1786,370.0,5215.0,,5215,100.0,ZNE,train,manuel,MQ_MLM_20140316_014204
"bucket0$65,:3,:6001",2014-03-16T01:41:43.370000,MQ,IA2,14.80307,-61.20515,289.0,2088.0,2180.0,2088,100.0,ZNE,train,manuel,MQ_IA2_20140316_014204
"bucket0$66,:3,:6001",2014-03-16T01:41:50.139900,MQ,BAM,14.8171,-61.1445,670.0,1457.0,,1457,100.0,ZNE,train,manuel,MQ_BAM_20140316_014204
"bucket0$67,:3,:6001",2014-03-16T02:20:33.590000,MQ,LAM,14.81292,-61.16314,1240.0,3392.0,,3392,100.0,ZNE,train,manuel,MQ_LAM_20140316_022107
"bucket0$68,:3,:6001",2014-03-16T02:20:58.939900,MQ,BAM,14.8171,-61.1445,670.0,871.0,,871,100.0,ZNE,train,manuel,MQ_BAM_20140316_022107
"bucket0$69,:3,:6001",2014-03-16T02:20:19.460000,MQ,IA2,14.80307,-61.20515,289.0,4821.0,4951.0,4821,100.0,ZNE,train,manuel,MQ_IA2_20140316_022107
"bucket0$70,:3,:6001",2014-03-16T03:05:02.579900,MQ,GBM,14.799451,-61.159276,800.0,2461.0,,2461,100.0,ZNE,train,manuel,MQ_GBM_20140316_030527
"bucket0$71,:3,:6001",2014-03-16T03:05:08.870000,MQ,LAM,14.81292,-61.16314,1240.0,1832.0,1861.0,1832,100.0,ZNE,train,manuel,MQ_LAM_20140316_030527
"bucket0$72,:3,:6001",2014-03-16T03:05:00.299900,MQ,BAM,14.8171,-61.1445,670.0,2730.0,,2730,100.0,ZNE,train,manuel,MQ_BAM_20140316_030527
"bucket0$73,:3,:6001",2014-03-16T03:05:16.999900,MQ,MLM,14.7846,-61.1786,370.0,1060.0,,1060,100.0,ZNE,train,manuel,MQ_MLM_20140316_030527
"bucket1$7,:3,:6001",2014-03-16T03:05:13.450000,WI,SAM,14.84108,-61.1638,485.0,1436.0,1534.0,1436,100.0,ZNE,test,manuel,WI_SAM_20140316_030527
"bucket1$8,:3,:6001",2014-03-16T03:05:13.660000,MQ,IA2,14.80307,-61.20515,289.0,1419.0,1515.0,1419,100.0,ZNE,test,manuel,MQ_IA2_20140316_030527
"bucket0$74,:3,:6001",2014-03-16T03:04:39.549900,MQ,CPM,14.8168,-61.2074,242.0,4840.0,,4840,100.0,ZNE,train,manuel,MQ_CPM_20140316_030527
"bucket0$75,:3,:6001",2014-03-16T03:18:47.970000,MQ,LAM,14.81292,-61.16314,1240.0,1015.0,1095.0,1015,100.0,ZNE,train,manuel,MQ_LAM_20140316_031858
"bucket2$8,:3,:6001",2014-03-16T03:18:20.209900,MQ,GBM,14.799451,-61.159276,800.0,3833.0,,3833,100.0,ZNE,dev,manuel,MQ_GBM_20140316_031858
"bucket0$76,:3,:6001",2014-03-16T03:18:46.130000,MQ,IA2,14.80307,-61.20515,289.0,1259.0,1391.0,1259,100.0,ZNE,train,manuel,MQ_IA2_20140316_031858
"bucket0$77,:3,:6001",2014-03-16T03:18:37.299900,MQ,BAM,14.8171,-61.1445,670.0,2161.0,,2161,100.0,ZNE,train,manuel,MQ_BAM_20140316_031858
"bucket2$9,:3,:6001",2014-03-16T03:18:11.959900,MQ,MLM,14.7846,-61.1786,370.0,4704.0,,4704,100.0,ZNE,dev,manuel,MQ_MLM_20140316_031859
"bucket0$78,:3,:6001",2014-03-16T03:18:24.260000,WI,SAM,14.84108,-61.1638,485.0,3505.0,3590.0,3505,100.0,ZNE,train,manuel,WI_SAM_20140316_031859
"bucket0$79,:3,:6001",2014-03-16T03:20:13.479900,MQ,GBM,14.799451,-61.159276,800.0,4257.0,,4257,100.0,ZNE,train,manuel,MQ_GBM_20140316_032056
"bucket0$80,:3,:6001",2014-03-16T03:20:03.589900,MQ,BAM,14.8171,-61.1445,670.0,5246.0,,5246,100.0,ZNE,train,manuel,MQ_BAM_20140316_032056
"bucket0$81,:3,:6001",2014-03-16T03:20:22.570000,MQ,LAM,14.81292,-61.16314,1240.0,3379.0,,3379,100.0,ZNE,train,manuel,MQ_LAM_20140316_032056
"bucket0$82,:3,:6001",2014-03-16T04:28:07.950000,MQ,LAM,14.81292,-61.16314,1240.0,2710.0,2772.0,2710,100.0,ZNE,train,manuel,MQ_LAM_20140316_042835
"bucket0$83,:3,:6001",2014-03-16T04:27:51.319900,MQ,GBM,14.799451,-61.159276,800.0,4400.0,,4400,100.0,ZNE,train,manuel,MQ_GBM_20140316_042835
"bucket0$84,:3,:6001",2014-03-16T04:28:10.050000,MQ,IA2,14.80307,-61.20515,289.0,2544.0,2648.0,2544,100.0,ZNE,train,manuel,MQ_IA2_20140316_042835
"bucket0$85,:3,:6001",2014-03-16T04:27:53.699900,MQ,BAM,14.8171,-61.1445,670.0,4215.0,,4215,100.0,ZNE,train,manuel,MQ_BAM_20140316_042835
"bucket0$86,:3,:6001",2014-03-16T04:27:42.579900,MQ,MLM,14.7846,-61.1786,370.0,5394.0,,5394,100.0,ZNE,train,manuel,MQ_MLM_20140316_042836
"bucket0$87,:3,:6001",2014-03-16T04:28:46.200000,MQ,LAM,14.81292,-61.16314,1240.0,2132.0,2220.0,2132,100.0,ZNE,train,manuel,MQ_LAM_20140316_042907
"bucket0$88,:3,:6001",2014-03-16T04:28:45.649900,MQ,GBM,14.799451,-61.159276,800.0,2242.0,,2242,100.0,ZNE,train,manuel,MQ_GBM_20140316_042908
"bucket0$89,:3,:6001",2014-03-16T04:28:26.410000,MQ,IA2,14.80307,-61.20515,289.0,4181.0,4332.0,4181,100.0,ZNE,train,manuel,MQ_IA2_20140316_042908
"bucket0$90,:3,:6001",2014-03-16T04:28:26.149900,MQ,BAM,14.8171,-61.1445,670.0,4239.0,,4239,100.0,ZNE,train,manuel,MQ_BAM_20140316_042908
"bucket0$91,:3,:6001",2014-03-16T04:28:54.820000,WI,SAM,14.84108,-61.1638,485.0,1440.0,1497.0,1440,100.0,ZNE,train,manuel,WI_SAM_20140316_042909
"bucket0$92,:3,:6001",2014-03-16T05:21:50.099900,MQ,GBM,14.799451,-61.159276,800.0,4083.0,,4083,100.0,ZNE,train,manuel,MQ_GBM_20140316_052230
"bucket0$93,:3,:6001",2014-03-16T05:22:17.930000,MQ,IA2,14.80307,-61.20515,289.0,1316.0,1489.0,1316,100.0,ZNE,train,manuel,MQ_IA2_20140316_052231
"bucket0$94,:3,:6001",2014-03-16T05:22:05.650000,MQ,LAM,14.81292,-61.16314,1240.0,2573.0,2654.0,2573,100.0,ZNE,train,manuel,MQ_LAM_20140316_052231
"bucket0$95,:3,:6001",2014-03-16T06:18:58.770000,MQ,LAM,14.81292,-61.16314,1240.0,1326.0,1380.0,1326,100.0,ZNE,train,manuel,MQ_LAM_20140316_061912
"bucket0$96,:3,:6001",2014-03-16T06:18:18.759900,MQ,BAM,14.8171,-61.1445,670.0,5355.0,,5355,100.0,ZNE,train,manuel,MQ_BAM_20140316_061912
"bucket0$97,:3,:6001",2014-03-16T06:18:38.770000,MQ,IA2,14.80307,-61.20515,289.0,3434.0,3475.0,3434,100.0,ZNE,train,manuel,MQ_IA2_20140316_061913
"bucket0$98,:3,:6001",2014-03-16T07:37:07.069900,MQ,GBM,14.799451,-61.159276,800.0,3504.0,,3504,100.0,ZNE,train,manuel,MQ_GBM_20140316_073742
"bucket0$99,:3,:6001",2014-03-16T07:36:48.729900,MQ,BAM,14.8171,-61.1445,670.0,5361.0,,5361,100.0,ZNE,train,manuel,MQ_BAM_20140316_073742
"bucket0$100,:3,:6001",2014-03-16T07:37:12.680000,MQ,LAM,14.81292,-61.16314,1240.0,2997.0,3057.0,2997,100.0,ZNE,train,manuel,MQ_LAM_20140316_073742
"bucket1$9,:3,:6001",2014-03-16T07:37:16.810000,MQ,IA2,14.80307,-61.20515,289.0,2608.0,2700.0,2608,100.0,ZNE,test,manuel,MQ_IA2_20140316_073742
"bucket0$101,:3,:6001",2014-03-16T19:37:23.980000,MQ,LAM,14.81292,-61.16314,1240.0,3847.0,3922.0,3847,100.0,ZNE,train,manuel,MQ_LAM_20140316_193802
"bucket0$102,:3,:6001",2014-03-16T19:37:13.859900,MQ,MLM,14.7846,-61.1786,370.0,4912.0,,4912,100.0,ZNE,train,manuel,MQ_MLM_20140316_193802
"bucket0$103,:3,:6001",2014-03-16T19:37:49.189900,MQ,GBM,14.799451,-61.159276,800.0,1384.0,,1384,100.0,ZNE,train,manuel,MQ_GBM_20140316_193803
"bucket0$104,:3,:6001",2014-03-16T19:37:19.720000,MQ,IA2,14.80307,-61.20515,289.0,4335.0,4431.0,4335,100.0,ZNE,train,manuel,MQ_IA2_20140316_193803
"bucket1$10,:3,:6001",2014-03-16T19:37:11.019900,MQ,CPM,14.8168,-61.2074,242.0,5236.0,,5236,100.0,ZNE,test,manuel,MQ_CPM_20140316_193803
"bucket1$11,:3,:6001",2014-03-16T19:37:22.249900,MQ,BAM,14.8171,-61.1445,670.0,4144.0,,4144,100.0,ZNE,test,manuel,MQ_BAM_20140316_193803
"bucket0$105,:3,:6001",2014-03-17T17:31:58.820000,WI,SAM,14.84108,-61.1638,485.0,4357.0,4706.0,4357,100.0,ZNE,train,manuel,WI_SAM_20140317_173242
"bucket0$106,:3,:6001",2014-03-17T17:32:23.750000,MQ,IA2,14.80307,-61.20515,289.0,1917.0,2092.0,1917,100.0,ZNE,train,manuel,MQ_IA2_20140317_173242
"bucket0$107,:3,:6001",2014-03-17T17:32:20.350000,MQ,LAM,14.81292,-61.16314,1240.0,2272.0,2393.0,2272,100.0,ZNE,train,manuel,MQ_LAM_20140317_173243
"bucket0$108,:3,:6001",2014-03-17T17:32:31.369900,MQ,MLM,14.7846,-61.1786,370.0,1218.0,,1218,100.0,ZNE,train,manuel,MQ_MLM_20140317_173243
"bucket0$109,:3,:6001",2014-03-17T17:32:33.999900,MQ,BAM,14.8171,-61.1445,670.0,972.0,,972,100.0,ZNE,train,manuel,MQ_BAM_20140317_173243
"bucket0$110,:3,:6001",2014-03-17T17:31:53.339900,MQ,GBM,14.799451,-61.159276,800.0,5069.0,,5069,100.0,ZNE,train,manuel,MQ_GBM_20140317_173244
"bucket0$111,:3,:6001",2014-03-22T15:44:33.469900,MQ,BAM,14.8171,-61.1445,670.0,2742.0,,2742,100.0,ZNE,train,manuel,MQ_BAM_20140322_154500
"bucket0$112,:3,:6001",2014-03-22T15:44:53.089900,MQ,GBM,14.799451,-61.159276,800.0,807.0,,807,100.0,ZNE,train,manuel,MQ_GBM_20140322_154501
"bucket0$113,:3,:6001",2014-03-22T15:44:34.650000,MQ,LAM,14.81292,-61.16314,1240.0,2657.0,,2657,100.0,ZNE,train,manuel,MQ_LAM_20140322_154501
"bucket0$114,:3,:6001",2014-03-22T15:44:49.140000,MQ,IA2,14.80307,-61.20515,289.0,1263.0,1364.0,1263,100.0,ZNE,train,manuel,MQ_IA2_20140322_154501
"bucket2$10,:3,:6001",2014-03-22T21:47:53.370000,MQ,LAM,14.81292,-61.16314,1240.0,2239.0,2279.0,2239,100.0,ZNE,dev,manuel,MQ_LAM_20140322_214815
"bucket2$11,:3,:6001",2014-03-22T21:47:25.079900,MQ,GBM,14.799451,-61.159276,800.0,5077.0,,5077,100.0,ZNE,dev,manuel,MQ_GBM_20140322_214815
"bucket0$115,:3,:6001",2014-03-22T21:47:40.919900,MQ,CPM,14.8168,-61.2074,242.0,3520.0,,3520,100.0,ZNE,train,manuel,MQ_CPM_20140322_214816
"bucket0$116,:3,:6001",2014-03-22T21:47:33.229900,MQ,BAM,14.8171,-61.1445,670.0,4302.0,,4302,100.0,ZNE,train,manuel,MQ_BAM_20140322_214816
"bucket1$12,:3,:6001",2014-03-28T08:48:01.960000,MQ,IA2,14.80307,-61.20515,289.0,4474.0,4655.0,4474,100.0,ZNE,test,manuel,MQ_IA2_20140328_084846
"bucket0$117,:3,:6001",2014-03-28T08:48:26.509900,MQ,GBM,14.799451,-61.159276,800.0,2037.0,,2037,100.0,ZNE,train,manuel,MQ_GBM_20140328_084846
"bucket0$118,:3,:6001",2014-03-28T08:48:38.790000,MQ,LAM,14.81292,-61.16314,1240.0,818.0,869.0,818,100.0,ZNE,train,manuel,MQ_LAM_20140328_084846
"bucket0$119,:3,:6001",2014-03-28T08:48:16.219900,MQ,BAM,14.8171,-61.1445,670.0,3113.0,,3113,100.0,ZNE,train,manuel,MQ_BAM_20140328_084847
"bucket0$120,:3,:6001",2014-03-28T08:48:10.150000,WI,SAM,14.84108,-61.1638,485.0,,3850.0,3850,100.0,ZNE,train,manuel,WI_SAM_20140328_084848
"bucket0$121,:3,:6001",2014-03-28T09:14:43.459900,MQ,GBM,14.799451,-61.159276,800.0,3353.0,,3353,100.0,ZNE,train,manuel,MQ_GBM_20140328_091516
"bucket0$122,:3,:6001",2014-03-28T09:14:43.620000,MQ,LAM,14.81292,-61.16314,1240.0,3340.0,3405.0,3340,100.0,ZNE,train,manuel,MQ_LAM_20140328_091517
"bucket0$123,:3,:6001",2014-03-28T09:15:05.979900,MQ,BAM,14.8171,-61.1445,670.0,1146.0,,1146,100.0,ZNE,train,manuel,MQ_BAM_20140328_091517
"bucket0$124,:3,:6001",2014-03-28T09:14:56.670000,MQ,IA2,14.80307,-61.20515,289.0,2095.0,2185.0,2095,100.0,ZNE,train,manuel,MQ_IA2_20140328_091517
"bucket1$13,:3,:6001",2014-03-28T09:25:22.330000,MQ,LAM,14.81292,-61.16314,1240.0,4156.0,4206.0,4156,100.0,ZNE,test,manuel,MQ_LAM_20140328_092603
"bucket0$125,:3,:6001",2014-03-28T09:25:13.789900,MQ,GBM,14.799451,-61.159276,800.0,5039.0,,5039,100.0,ZNE,train,manuel,MQ_GBM_20140328_092604
"bucket0$126,:3,:6001",2014-03-28T09:25:49.469900,MQ,BAM,14.8171,-61.1445,670.0,1483.0,,1483,100.0,ZNE,train,manuel,MQ_BAM_20140328_092604
"bucket0$127,:3,:6001",2014-03-28T09:25:33.780000,MQ,IA2,14.80307,-61.20515,289.0,3071.0,3248.0,3071,100.0,ZNE,train,manuel,MQ_IA2_20140328_092604
"bucket0$128,:3,:6001",2014-03-30T09:23:52.200000,MQ,LAM,14.81292,-61.16314,1240.0,5219.0,5307.0,5219,100.0,ZNE,train,manuel,MQ_LAM_20140330_092444
"bucket0$129,:3,:6001",2014-03-30T09:24:05.599900,MQ,GBM,14.799451,-61.159276,800.0,3920.0,,3920,100.0,ZNE,train,manuel,MQ_GBM_20140330_092444
"bucket0$130,:3,:6001",2014-03-30T09:24:01.069900,MQ,BAM,14.8171,-61.1445,670.0,4419.0,,4419,100.0,ZNE,train,manuel,MQ_BAM_20140330_092445
"bucket0$131,:3,:6001",2014-03-30T09:23:51.230000,MQ,IA2,14.80307,-61.20515,289.0,5414.0,5494.0,5414,100.0,ZNE,train,manuel,MQ_IA2_20140330_092445
"bucket0$132,:3,:6001",2014-04-01T23:07:05.219900,MQ,BAM,14.8171,-61.1445,670.0,4184.0,,4184,100.0,ZNE,train,manuel,MQ_BAM_20140401_230747
"bucket0$133,:3,:6001",2014-04-01T23:07:05.309900,MQ,GBM,14.799451,-61.159276,800.0,4183.0,,4183,100.0,ZNE,train,manuel,MQ_GBM_20140401_230747
"bucket0$134,:3,:6001",2014-04-01T23:07:30.190000,MQ,IA2,14.80307,-61.20515,289.0,1754.0,1914.0,1754,100.0,ZNE,train,manuel,MQ_IA2_20140401_230747
"bucket1$14,:3,:6001",2014-04-01T23:06:54.029900,MQ,CPM,14.8168,-61.2074,242.0,5404.0,,5404,100.0,ZNE,test,manuel,MQ_CPM_20140401_230748
"bucket0$135,:3,:6001",2014-04-01T23:07:22.990000,MQ,LAM,14.81292,-61.16314,1240.0,2648.0,,2648,100.0,ZNE,train,manuel,MQ_LAM_20140401_230749
"bucket2$12,:3,:6001",2014-04-01T23:11:21.419900,MQ,BAM,14.8171,-61.1445,670.0,1176.0,,1176,100.0,ZNE,dev,manuel,MQ_BAM_20140401_231133
"bucket0$136,:3,:6001",2014-04-01T23:10:49.529900,MQ,GBM,14.799451,-61.159276,800.0,4381.0,,4381,100.0,ZNE,train,manuel,MQ_GBM_20140401_231133
"bucket0$137,:3,:6001",2014-04-01T23:10:40.420000,MQ,IA2,14.80307,-61.20515,289.0,5294.0,5453.0,5294,100.0,ZNE,train,manuel,MQ_IA2_20140401_231133
"bucket0$138,:3,:6001",2014-04-01T23:10:53.659900,MQ,CPM,14.8168,-61.2074,242.0,3997.0,,3997,100.0,ZNE,train,manuel,MQ_CPM_20140401_231133
"bucket0$139,:3,:6001",2014-04-01T23:10:43.570000,MQ,LAM,14.81292,-61.16314,1240.0,,5216.0,5216,100.0,ZNE,train,manuel,MQ_LAM_20140401_231135
"bucket0$140,:3,:6001",2014-04-02T03:29:07.100000,MQ,LAM,14.81292,-61.16314,1240.0,1705.0,1760.0,1705,100.0,ZNE,train,manuel,MQ_LAM_20140402_032924
"bucket0$141,:3,:6001",2014-04-02T03:28:47.539900,MQ,BAM,14.8171,-61.1445,670.0,3770.0,,3770,100.0,ZNE,train,manuel,MQ_BAM_20140402_032925
"bucket1$15,:3,:6001",2014-04-02T04:43:07.390000,MQ,LAM,14.81292,-61.16314,1240.0,1664.0,1714.0,1664,100.0,ZNE,test,manuel,MQ_LAM_20140402_044324
"bucket0$142,:3,:6001",2014-04-02T04:42:52.899900,MQ,BAM,14.8171,-61.1445,670.0,3141.0,,3141,100.0,ZNE,train,manuel,MQ_BAM_20140402_044324
"bucket0$143,:3,:6001",2014-04-02T04:42:30.409900,MQ,GBM,14.799451,-61.159276,800.0,5399.0,,5399,100.0,ZNE,train,manuel,MQ_GBM_20140402_044324
"bucket0$144,:3,:6001",2014-04-02T07:20:47.590000,MQ,LAM,14.81292,-61.16314,1240.0,1576.0,1621.0,1576,100.0,ZNE,train,manuel,MQ_LAM_20140402_072103
"bucket0$145,:3,:6001",2014-04-02T07:20:15.049900,MQ,GBM,14.799451,-61.159276,800.0,4879.0,,4879,100.0,ZNE,train,manuel,MQ_GBM_20140402_072103
"bucket0$146,:3,:6001",2014-04-02T07:20:23.420000,MQ,IA2,14.80307,-61.20515,289.0,4046.0,4153.0,4046,100.0,ZNE,train,manuel,MQ_IA2_20140402_072103
"bucket0$147,:3,:6001",2014-04-02T08:53:44.739900,MQ,GBM,14.799451,-61.159276,800.0,2864.0,,2864,100.0,ZNE,train,manuel,MQ_GBM_20140402_085413
"bucket0$148,:3,:6001",2014-04-02T08:53:52.930000,MQ,LAM,14.81292,-61.16314,1240.0,2054.0,2121.0,2054,100.0,ZNE,train,manuel,MQ_LAM_20140402_085413
"bucket1$16,:3,:6001",2014-04-02T08:54:03.429900,MQ,BAM,14.8171,-61.1445,670.0,1033.0,,1033,100.0,ZNE,test,manuel,MQ_BAM_20140402_085413
"bucket0$149,:3,:6001",2014-04-02T08:53:36.610000,MQ,IA2,14.80307,-61.20515,289.0,3772.0,3838.0,3772,100.0,ZNE,train,manuel,MQ_IA2_20140402_085414
"bucket0$150,:3,:6001",2014-04-02T10:34:51.600000,MQ,LAM,14.81292,-61.16314,1240.0,4905.0,,4905,100.0,ZNE,train,manuel,MQ_LAM_20140402_103540
"bucket0$151,:3,:6001",2014-04-02T10:34:57.340000,MQ,IA2,14.80307,-61.20515,289.0,4358.0,4434.0,4358,100.0,ZNE,train,manuel,MQ_IA2_20140402_103540
"bucket0$152,:3,:6001",2014-04-02T10:35:29.629900,MQ,BAM,14.8171,-61.1445,670.0,1184.0,,1184,100.0,ZNE,train,manuel,MQ_BAM_20140402_103541
"bucket2$13,:3,:6001",2014-04-02T15:37:12.299900,MQ,BAM,14.8171,-61.1445,670.0,988.0,,988,100.0,ZNE,dev,manuel,MQ_BAM_20140402_153722
"bucket1$17,:3,:6001",2014-04-02T15:36:32.640000,MQ,LAM,14.81292,-61.16314,1240.0,4964.0,5013.0,4964,100.0,ZNE,test,manuel,MQ_LAM_20140402_153722
"bucket0$153,:3,:6001",2014-04-02T15:36:57.909900,MQ,GBM,14.799451,-61.159276,800.0,2517.0,,2517,100.0,ZNE,train,manuel,MQ_GBM_20140402_153723
"bucket0$154,:3,:6001",2014-04-02T18:32:48.390000,MQ,LAM,14.81292,-61.16314,1240.0,2343.0,2403.0,2343,100.0,ZNE,train,manuel,MQ_LAM_20140402_183311
"bucket0$155,:3,:6001",2014-04-02T18:32:50.729900,MQ,GBM,14.799451,-61.159276,800.0,2146.0,,2146,100.0,ZNE,train,manuel,MQ_GBM_20140402_183312
"bucket0$156,:3,:6001",2014-04-02T18:32:19.650000,MQ,IA2,14.80307,-61.20515,289.0,,5388.0,5388,100.0,ZNE,train,manuel,MQ_IA2_20140402_183313
"bucket2$14,:3,:6001",2014-04-03T04:22:24.690000,MQ,IA2,14.80307,-61.20515,289.0,5036.0,5210.0,5036,100.0,ZNE,dev,manuel,MQ_IA2_20140403_042315
"bucket0$157,:3,:6001",2014-04-03T04:22:55.869900,MQ,GBM,14.799451,-61.159276,800.0,1923.0,,1923,100.0,ZNE,train,manuel,MQ_GBM_20140403_042315
"bucket0$158,:3,:6001",2014-04-03T04:23:08.370000,MQ,LAM,14.81292,-61.16314,1240.0,691.0,830.0,691,100.0,ZNE,train,manuel,MQ_LAM_20140403_042315
"bucket0$159,:3,:6001",2014-04-03T04:22:57.439900,MQ,MLM,14.7846,-61.1786,370.0,1791.0,,1791,100.0,ZNE,train,manuel,MQ_MLM_20140403_042315
"bucket0$160,:3,:6001",2014-04-03T04:22:34.789900,MQ,BAM,14.8171,-61.1445,670.0,4087.0,,4087,100.0,ZNE,train,manuel,MQ_BAM_20140403_042315
"bucket0$161,:3,:6001",2014-04-04T00:37:52.160000,MQ,IA2,14.80307,-61.20515,289.0,4759.0,5027.0,4759,100.0,ZNE,train,manuel,MQ_IA2_20140404_003839
"bucket1$18,:3,:6001",2014-04-04T00:38:12.550000,MQ,LAM,14.81292,-61.16314,1240.0,2824.0,2953.0,2824,100.0,ZNE,test,manuel,MQ_LAM_20140404_003840
"bucket0$162,:3,:6001",2014-04-04T00:38:20.529900,MQ,GBM,14.799451,-61.159276,800.0,2033.0,,2033,100.0,ZNE,train,manuel,MQ_GBM_20140404_003840
"bucket0$163,:3,:6001",2014-04-04T00:38:28.919900,MQ,MLM,14.7846,-61.1786,370.0,1196.0,,1196,100.0,ZNE,train,manuel,MQ_MLM_20140404_003840
"bucket0$164,:3,:6001",2014-04-04T00:37:52.619900,MQ,BAM,14.8171,-61.1445,670.0,4883.0,,4883,100.0,ZNE,train,manuel,MQ_BAM_20140404_003841
"bucket0$165,:3,:6001",2014-04-04T13:47:51.850000,MQ,LAM,14.81292,-61.16314,1240.0,974.0,1457.0,974,100.0,ZNE,train,manuel,MQ_LAM_20140404_134801
"bucket0$166,:3,:6001",2014-04-04T13:47:28.339900,MQ,BAM,14.8171,-61.1445,670.0,3333.0,,3333,100.0,ZNE,train,manuel,MQ_BAM_20140404_134801
"bucket1$19,:3,:6001",2014-04-04T13:47:52.109900,MQ,GBM,14.799451,-61.159276,800.0,967.0,,967,100.0,ZNE,test,manuel,MQ_GBM_20140404_134801
"bucket0$167,:3,:6001",2014-04-05T03:58:57.640000,MQ,LAM,14.81292,-61.16314,1240.0,1921.0,2440.0,1921,100.0,ZNE,train,manuel,MQ_LAM_20140405_035916
"bucket0$168,:3,:6001",2014-04-05T03:58:31.379900,MQ,BAM,14.8171,-61.1445,670.0,4569.0,,4569,100.0,ZNE,train,manuel,MQ_BAM_20140405_035917
"bucket0$169,:3,:6001",2014-04-05T03:59:07.569900,MQ,GBM,14.799451,-61.159276,800.0,956.0,,956,100.0,ZNE,train,manuel,MQ_GBM_20140405_035917
"bucket0$170,:3,:6001",2014-04-05T03:58:42.460000,MQ,IA2,14.80307,-61.20515,289.0,3474.0,3997.0,3474,100.0,ZNE,train,manuel,MQ_IA2_20140405_035917
"bucket0$171,:3,:6001",2014-04-05T03:58:27.729900,MQ,MLM,14.7846,-61.1786,370.0,5000.0,,5000,100.0,ZNE,train,manuel,MQ_MLM_20140405_035917
"bucket0$172,:3,:6001",2014-04-05T03:58:48.799900,MQ,CPM,14.8168,-61.2074,242.0,2944.0,,2944,100.0,ZNE,train,manuel,MQ_CPM_20140405_035918
"bucket0$173,:3,:6001",2014-04-05T05:41:00.190000,MQ,LAM,14.81292,-61.16314,1240.0,2210.0,2340.0,2210,100.0,ZNE,train,manuel,MQ_LAM_20140405_054122
"bucket2$15,:3,:6001",2014-04-05T05:40:37.829900,MQ,GBM,14.799451,-61.159276,800.0,4466.0,,4466,100.0,ZNE,dev,manuel,MQ_GBM_20140405_054122
"bucket0$174,:3,:6001",2014-04-05T05:40:51.310000,MQ,IA2,14.80307,-61.20515,289.0,3149.0,3254.0,3149,100.0,ZNE,train,manuel,MQ_IA2_20140405_054122
"bucket2$16,:3,:6001",2014-04-05T05:40:30.789900,MQ,BAM,14.8171,-61.1445,670.0,5224.0,,5224,100.0,ZNE,dev,manuel,MQ_BAM_20140405_054123
"bucket0$175,:3,:6001",2014-04-13T15:10:29.910000,MQ,LAM,14.81292,-61.16314,1240.0,2840.0,2918.0,2840,100.0,ZNE,train,manuel,MQ_LAM_20140413_151058
"bucket0$176,:3,:6001",2014-04-13T15:10:21.369900,MQ,GBM,14.799451,-61.159276,800.0,3722.0,,3722,100.0,ZNE,train,manuel,MQ_GBM_20140413_151058
"bucket1$20,:3,:6001",2014-04-13T15:10:49.869900,MQ,BAM,14.8171,-61.1445,670.0,914.0,,914,100.0,ZNE,test,manuel,MQ_BAM_20140413_151059
"bucket0$177,:3,:6001",2014-04-13T15:10:34.139900,MQ,MLM,14.7846,-61.1786,370.0,2512.0,,2512,100.0,ZNE,train,manuel,MQ_MLM_20140413_151059
"bucket0$178,:3,:6001",2014-04-13T15:10:51.540000,MQ,IA2,14.80307,-61.20515,289.0,784.0,867.0,784,100.0,ZNE,train,manuel,MQ_IA2_20140413_151059
"bucket0$179,:3,:6001",2014-04-13T18:59:27.330000,MQ,LAM,14.81292,-61.16314,1240.0,3799.0,3895.0,3799,100.0,ZNE,train,manuel,MQ_LAM_20140413_190005
"bucket0$180,:3,:6001",2014-04-13T18:59:24.189900,MQ,GBM,14.799451,-61.159276,800.0,4138.0,,4138,100.0,ZNE,train,manuel,MQ_GBM_20140413_190005
"bucket1$21,:3,:6001",2014-04-13T18:59:19.879900,MQ,BAM,14.8171,-61.1445,670.0,4610.0,,4610,100.0,ZNE,test,manuel,MQ_BAM_20140413_190005
"bucket0$181,:3,:6001",2014-04-13T18:59:48.550000,MQ,IA2,14.80307,-61.20515,289.0,1764.0,1851.0,1764,100.0,ZNE,train,manuel,MQ_IA2_20140413_190006
"bucket2$17,:3,:6001",2014-04-13T18:59:29.909900,MQ,MLM,14.7846,-61.1786,370.0,3628.0,,3628,100.0,ZNE,dev,manuel,MQ_MLM_20140413_190006
"bucket1$22,:3,:6001",2014-04-13T19:43:58.240000,MQ,LAM,14.81292,-61.16314,1240.0,2503.0,2555.0,2503,100.0,ZNE,test,manuel,MQ_LAM_20140413_194423
"bucket0$182,:3,:6001",2014-04-13T19:43:53.789900,MQ,BAM,14.8171,-61.1445,670.0,2980.0,,2980,100.0,ZNE,train,manuel,MQ_BAM_20140413_194423
"bucket0$183,:3,:6001",2014-04-13T19:43:33.939900,MQ,GBM,14.799451,-61.159276,800.0,4972.0,,4972,100.0,ZNE,train,manuel,MQ_GBM_20140413_194423
"bucket0$184,:3,:6001",2014-04-13T19:44:02.280000,MQ,IA2,14.80307,-61.20515,289.0,2154.0,2257.0,2154,100.0,ZNE,train,manuel,MQ_IA2_20140413_194423
"bucket0$185,:3,:6001",2014-04-13T19:53:00.980000,MQ,LAM,14.81292,-61.16314,1240.0,3189.0,3407.0,3189,100.0,ZNE,train,manuel,MQ_LAM_20140413_195332
"bucket0$186,:3,:6001",2014-04-13T19:52:49.050000,MQ,IA2,14.80307,-61.20515,289.0,4382.0,4552.0,4382,100.0,ZNE,train,manuel,MQ_IA2_20140413_195332
"bucket2$18,:3,:6001",2014-04-13T19:53:09.279900,MQ,BAM,14.8171,-61.1445,670.0,2396.0,,2396,100.0,ZNE,dev,manuel,MQ_BAM_20140413_195333
"bucket1$23,:3,:6001",2014-04-13T19:53:01.649900,MQ,GBM,14.799451,-61.159276,800.0,3165.0,,3165,100.0,ZNE,test,manuel,MQ_GBM_20140413_195333
"bucket0$187,:3,:6001",2014-04-13T19:53:05.120000,WI,SAM,14.84108,-61.1638,485.0,2839.0,3027.0,2839,100.0,ZNE,train,manuel,WI_SAM_20140413_195333
"bucket0$188,:3,:6001",2014-04-13T20:20:55.010000,MQ,LAM,14.81292,-61.16314,1240.0,5222.0,5335.0,5222,100.0,ZNE,train,manuel,MQ_LAM_20140413_202147
"bucket0$189,:3,:6001",2014-04-13T20:20:54.779900,MQ,GBM,14.799451,-61.159276,800.0,5249.0,,5249,100.0,ZNE,train,manuel,MQ_GBM_20140413_202147
"bucket0$190,:3,:6001",2014-04-13T20:21:05.400000,MQ,IA2,14.80307,-61.20515,289.0,4207.0,4305.0,4207,100.0,ZNE,train,manuel,MQ_IA2_20140413_202147
"bucket0$191,:3,:6001",2014-04-13T20:21:12.979900,MQ,BAM,14.8171,-61.1445,670.0,3470.0,,3470,100.0,ZNE,train,manuel,MQ_BAM_20140413_202147
"bucket0$192,:3,:6001",2014-04-14T08:57:03.389900,MQ,BAM,14.8171,-61.1445,670.0,4813.0,,4813,100.0,ZNE,train,manuel,MQ_BAM_20140414_085751
"bucket0$193,:3,:6001",2014-04-14T08:57:34.060000,MQ,IA2,14.80307,-61.20515,289.0,1775.0,1800.0,1775,100.0,ZNE,train,manuel,MQ_IA2_20140414_085751
"bucket0$194,:3,:6001",2014-04-14T08:57:16.219900,MQ,GBM,14.799451,-61.159276,800.0,3562.0,,3562,100.0,ZNE,train,manuel,MQ_GBM_20140414_085751
"bucket0$195,:3,:6001",2014-04-14T08:57:43.330000,MQ,LAM,14.81292,-61.16314,1240.0,888.0,952.0,888,100.0,ZNE,train,manuel,MQ_LAM_20140414_085752
"bucket0$196,:3,:6001",2014-04-16T02:16:30.749900,MQ,GBM,14.799451,-61.159276,800.0,2501.0,,2501,100.0,ZNE,train,manuel,MQ_GBM_20140416_021655
"bucket1$24,:3,:6001",2014-04-16T02:16:30.120000,MQ,LAM,14.81292,-61.16314,1240.0,2564.0,2617.0,2564,100.0,ZNE,test,manuel,MQ_LAM_20140416_021655
"bucket0$197,:3,:6001",2014-04-16T02:16:04.979900,MQ,BAM,14.8171,-61.1445,670.0,5116.0,,5116,100.0,ZNE,train,manuel,MQ_BAM_20140416_021656
"bucket0$198,:3,:6001",2014-04-16T02:16:39.239900,MQ,MLM,14.7846,-61.1786,370.0,1703.0,,1703,100.0,ZNE,train,manuel,MQ_MLM_20140416_021656
"bucket0$199,:3,:6001",2014-04-16T02:16:48.140000,MQ,IA2,14.80307,-61.20515,289.0,822.0,921.0,822,100.0,ZNE,train,manuel,MQ_IA2_20140416_021656
"bucket0$200,:3,:6001",2014-04-16T07:47:28.559900,MQ,GBM,14.799451,-61.159276,800.0,1116.0,,1116,100.0,ZNE,train,manuel,MQ_GBM_20140416_074739
"bucket2$19,:3,:6001",2014-04-16T07:47:00.380000,MQ,LAM,14.81292,-61.16314,1240.0,3938.0,4040.0,3938,100.0,ZNE,dev,manuel,MQ_LAM_20140416_074739
"bucket0$201,:3,:6001",2014-04-16T07:47:23.199900,MQ,BAM,14.8171,-61.1445,670.0,1687.0,,1687,100.0,ZNE,train,manuel,MQ_BAM_20140416_074740
"bucket1$25,:3,:6001",2014-04-16T07:47:17.260000,MQ,IA2,14.80307,-61.20515,289.0,2298.0,2402.0,2298,100.0,ZNE,test,manuel,MQ_IA2_20140416_074740
"bucket0$202,:3,:6001",2014-04-22T13:28:58.029900,MQ,GBM,14.799451,-61.159276,800.0,4012.0,,4012,100.0,ZNE,train,manuel,MQ_GBM_20140422_132938
"bucket0$203,:3,:6001",2014-04-22T13:29:24.210000,MQ,LAM,14.81292,-61.16314,1240.0,1396.0,1421.0,1396,100.0,ZNE,train,manuel,MQ_LAM_20140422_132938
"bucket0$204,:3,:6001",2014-04-22T13:28:53.219900,MQ,BAM,14.8171,-61.1445,670.0,4534.0,,4534,100.0,ZNE,train,manuel,MQ_BAM_20140422_132938
"bucket2$20,:3,:6001",2014-04-22T13:29:31.979900,MQ,CPM,14.8168,-61.2074,242.0,709.0,,709,100.0,ZNE,dev,manuel,MQ_CPM_20140422_132939
"bucket0$205,:3,:6001",2014-04-22T13:29:21.430000,WI,SAM,14.84108,-61.1638,485.0,1778.0,1829.0,1778,100.0,ZNE,train,manuel,WI_SAM_20140422_132939
"bucket0$206,:3,:6001",2014-04-22T18:04:13.850000,MQ,LAM,14.81292,-61.16314,1240.0,2177.0,2246.0,2177,100.0,ZNE,train,manuel,MQ_LAM_20140422_180435
"bucket1$26,:3,:6001",2014-04-22T18:04:13.479900,MQ,GBM,14.799451,-61.159276,800.0,2214.0,,2214,100.0,ZNE,test,manuel,MQ_GBM_20140422_180435
"bucket0$207,:3,:6001",2014-04-22T18:03:43.419900,MQ,BAM,14.8171,-61.1445,670.0,5254.0,,5254,100.0,ZNE,train,manuel,MQ_BAM_20140422_180435
"bucket0$208,:3,:6001",2014-04-22T18:03:48.220000,MQ,IA2,14.80307,-61.20515,289.0,4792.0,4882.0,4792,100.0,ZNE,train,manuel,MQ_IA2_20140422_180436
"bucket0$209,:3,:6001",2014-04-22T21:30:36.949900,MQ,GBM,14.799451,-61.159276,800.0,1156.0,,1156,100.0,ZNE,train,manuel,MQ_GBM_20140422_213048
"bucket0$210,:3,:6001",2014-04-22T21:30:34.679900,MQ,BAM,14.8171,-61.1445,670.0,1411.0,,1411,100.0,ZNE,train,manuel,MQ_BAM_20140422_213048
"bucket0$211,:3,:6001",2014-04-22T21:30:13.160000,MQ,LAM,14.81292,-61.16314,1240.0,3608.0,3668.0,3608,100.0,ZNE,train,manuel,MQ_LAM_20140422_213049
"bucket0$212,:3,:6001",2014-04-22T21:30:22.429900,MQ,MLM,14.7846,-61.1786,370.0,2731.0,,2731,100.0,ZNE,train,manuel,MQ_MLM_20140422_213049
"bucket2$21,:3,:6001",2014-04-22T22:35:33.569900,MQ,GBM,14.799451,-61.159276,800.0,4703.0,,4703,100.0,ZNE,dev,manuel,MQ_GBM_20140422_223620
"bucket0$213,:3,:6001",2014-04-22T22:35:38.690000,MQ,LAM,14.81292,-61.16314,1240.0,4209.0,4286.0,4209,100.0,ZNE,train,manuel,MQ_LAM_20140422_223620
"bucket0$214,:3,:6001",2014-04-22T22:35:53.909900,MQ,BAM,14.8171,-61.1445,670.0,2705.0,,2705,100.0,ZNE,train,manuel,MQ_BAM_20140422_223620
"bucket0$215,:3,:6001",2014-04-22T22:35:41.530000,MQ,IA2,14.80307,-61.20515,289.0,3972.0,4086.0,3972,100.0,ZNE,train,manuel,MQ_IA2_20140422_223621
"bucket1$27,:3,:6001",2014-04-22T22:35:28.379900,MQ,CPM,14.8168,-61.2074,242.0,5315.0,,5315,100.0,ZNE,test,manuel,MQ_CPM_20140422_223621
"bucket2$22,:3,:6001",2014-04-23T18:09:35.830000,MQ,LAM,14.81292,-61.16314,1240.0,1928.0,2022.0,1928,100.0,ZNE,dev,manuel,MQ_LAM_20140423_180955
"bucket2$23,:3,:6001",2014-04-23T18:09:01.889900,MQ,GBM,14.799451,-61.159276,800.0,5334.0,,5334,100.0,ZNE,dev,manuel,MQ_GBM_20140423_180955
"bucket0$216,:3,:6001",2014-04-23T18:09:22.999900,MQ,BAM,14.8171,-61.1445,670.0,3260.0,,3260,100.0,ZNE,train,manuel,MQ_BAM_20140423_180955
"bucket0$217,:3,:6001",2014-04-23T21:01:12.210000,MQ,LAM,14.81292,-61.16314,1240.0,1540.0,1576.0,1540,100.0,ZNE,train,manuel,MQ_LAM_20140423_210127
"bucket0$218,:3,:6001",2014-04-23T21:01:13.709900,MQ,GBM,14.799451,-61.159276,800.0,1393.0,,1393,100.0,ZNE,train,manuel,MQ_GBM_20140423_210127
"bucket0$219,:3,:6001",2014-04-23T21:01:19.329900,MQ,BAM,14.8171,-61.1445,670.0,863.0,,863,100.0,ZNE,train,manuel,MQ_BAM_20140423_210127
"bucket0$220,:3,:6001",2014-04-23T21:01:13.339900,MQ,MLM,14.7846,-61.1786,370.0,1524.0,,1524,100.0,ZNE,train,manuel,MQ_MLM_20140423_210128
"bucket1$28,:3,:6001",2014-04-23T21:00:51.370000,MQ,IA2,14.80307,-61.20515,289.0,,3768.0,3768,100.0,ZNE,test,manuel,MQ_IA2_20140423_210129
"bucket0$221,:3,:6001",2014-04-23T23:47:54.730000,MQ,LAM,14.81292,-61.16314,1240.0,3957.0,4089.0,3957,100.0,ZNE,train,manuel,MQ_LAM_20140423_234834
"bucket0$222,:3,:6001",2014-04-23T23:48:17.229900,MQ,GBM,14.799451,-61.159276,800.0,1708.0,,1708,100.0,ZNE,train,manuel,MQ_GBM_20140423_234834
"bucket0$223,:3,:6001",2014-04-23T23:48:11.399900,MQ,MLM,14.7846,-61.1786,370.0,2353.0,,2353,100.0,ZNE,train,manuel,MQ_MLM_20140423_234834
"bucket0$224,:3,:6001",2014-04-23T23:48:18.069900,MQ,CPM,14.8168,-61.2074,242.0,1735.0,,1735,100.0,ZNE,train,manuel,MQ_CPM_20140423_234835
"bucket0$225,:3,:6001",2014-04-23T23:48:19.980000,MQ,IA2,14.80307,-61.20515,289.0,1574.0,1603.0,1574,100.0,ZNE,train,manuel,MQ_IA2_20140423_234835
"bucket2$24,:3,:6001",2014-04-23T23:47:54.139900,MQ,BAM,14.8171,-61.1445,670.0,4159.0,,4159,100.0,ZNE,dev,manuel,MQ_BAM_20140423_234835
"bucket0$226,:3,:6001",2014-04-24T02:06:04.639900,MQ,GBM,14.799451,-61.159276,800.0,1471.0,,1471,100.0,ZNE,train,manuel,MQ_GBM_20140424_020619
"bucket0$227,:3,:6001",2014-04-24T02:05:58.500000,MQ,LAM,14.81292,-61.16314,1240.0,2099.0,2230.0,2099,100.0,ZNE,train,manuel,MQ_LAM_20140424_020619
"bucket0$228,:3,:6001",2014-04-24T02:05:49.740000,MQ,IA2,14.80307,-61.20515,289.0,3016.0,3128.0,3016,100.0,ZNE,train,manuel,MQ_IA2_20140424_020619
"bucket0$229,:3,:6001",2014-04-24T02:05:32.899900,MQ,BAM,14.8171,-61.1445,670.0,4700.0,,4700,100.0,ZNE,train,manuel,MQ_BAM_20140424_020619
"bucket1$29,:3,:6001",2014-04-24T06:38:38.359900,MQ,GBM,14.799451,-61.159276,800.0,2153.0,,2153,100.0,ZNE,test,manuel,MQ_GBM_20140424_063859
"bucket0$230,:3,:6001",2014-04-24T06:38:39.930000,MQ,LAM,14.81292,-61.16314,1240.0,2000.0,2094.0,2000,100.0,ZNE,train,manuel,MQ_LAM_20140424_063859
"bucket0$231,:3,:6001",2014-04-24T06:38:36.289900,MQ,MLM,14.7846,-61.1786,370.0,2386.0,,2386,100.0,ZNE,train,manuel,MQ_MLM_20140424_063900
"bucket0$232,:3,:6001",2014-04-24T06:38:53.049900,MQ,BAM,14.8171,-61.1445,670.0,720.0,,720,100.0,ZNE,train,manuel,MQ_BAM_20140424_063900
"bucket0$233,:3,:6001",2014-04-24T06:38:48.150000,MQ,IA2,14.80307,-61.20515,289.0,1235.0,1329.0,1235,100.0,ZNE,train,manuel,MQ_IA2_20140424_063900
"bucket0$234,:3,:6001",2014-04-25T12:09:31.280000,MQ,LAM,14.81292,-61.16314,1240.0,2133.0,2314.0,2133,100.0,ZNE,train,manuel,MQ_LAM_20140425_120952
"bucket0$235,:3,:6001",2014-04-25T12:09:35.209900,MQ,GBM,14.799451,-61.159276,800.0,1780.0,,1780,100.0,ZNE,train,manuel,MQ_GBM_20140425_120953
"bucket2$25,:3,:6001",2014-04-25T12:09:47.870000,MQ,IA2,14.80307,-61.20515,289.0,573.0,802.0,573,100.0,ZNE,dev,manuel,MQ_IA2_20140425_120953
"bucket0$236,:3,:6001",2014-04-28T23:10:08.710000,MQ,LAM,14.81292,-61.16314,1240.0,1759.0,1819.0,1759,100.0,ZNE,train,manuel,MQ_LAM_20140428_231026
"bucket0$237,:3,:6001",2014-04-28T23:09:46.789900,MQ,GBM,14.799451,-61.159276,800.0,3956.0,,3956,100.0,ZNE,train,manuel,MQ_GBM_20140428_231026
"bucket1$30,:3,:6001",2014-04-28T23:09:41.289900,MQ,BAM,14.8171,-61.1445,670.0,4540.0,,4540,100.0,ZNE,test,manuel,MQ_BAM_20140428_231026
"bucket1$31,:3,:6001",2014-04-28T23:10:09.299900,MQ,MLM,14.7846,-61.1786,370.0,1753.0,,1753,100.0,ZNE,test,manuel,MQ_MLM_20140428_231026
"bucket0$238,:3,:6001",2014-04-28T23:09:59.550000,MQ,IA2,14.80307,-61.20515,289.0,2738.0,2831.0,2738,100.0,ZNE,train,manuel,MQ_IA2_20140428_231026
"bucket1$32,:3,:6001",2014-04-28T23:09:46.339900,MQ,CPM,14.8168,-61.2074,242.0,4074.0,,4074,100.0,ZNE,test,manuel,MQ_CPM_20140428_231027
"bucket1$33,:3,:6001",2014-05-02T13:53:54.670000,MQ,LAM,14.81292,-61.16314,1240.0,1714.0,1777.0,1714,100.0,ZNE,test,manuel,MQ_LAM_20140502_135411
"bucket2$26,:3,:6001",2014-05-02T13:54:03.359900,MQ,GBM,14.799451,-61.159276,800.0,852.0,,852,100.0,ZNE,dev,manuel,MQ_GBM_20140502_135411
"bucket0$239,:3,:6001",2014-05-02T13:53:31.830000,MQ,IA2,14.80307,-61.20515,289.0,4051.0,4153.0,4051,100.0,ZNE,train,manuel,MQ_IA2_20140502_135412
"bucket0$240,:3,:6001",2014-05-02T14:54:17.579900,MQ,GBM,14.799451,-61.159276,800.0,2349.0,,2349,100.0,ZNE,train,manuel,MQ_GBM_20140502_145441
"bucket0$241,:3,:6001",2014-05-02T14:53:48.290000,MQ,LAM,14.81292,-61.16314,1240.0,5280.0,5340.0,5280,100.0,ZNE,train,manuel,MQ_LAM_20140502_145441
"bucket2$27,:3,:6001",2014-05-02T14:54:32.239900,MQ,BAM,14.8171,-61.1445,670.0,929.0,,929,100.0,ZNE,dev,manuel,MQ_BAM_20140502_145441
"bucket0$242,:3,:6001",2014-05-02T14:53:56.750000,MQ,IA2,14.80307,-61.20515,289.0,4499.0,4582.0,4499,100.0,ZNE,train,manuel,MQ_IA2_20140502_145441
"bucket0$243,:3,:6001",2014-05-02T14:54:22.449900,MQ,CPM,14.8168,-61.2074,242.0,1976.0,,1976,100.0,ZNE,train,manuel,MQ_CPM_20140502_145442
"bucket0$244,:3,:6001",2014-05-02T16:11:09.769900,MQ,GBM,14.799451,-61.159276,800.0,2122.0,,2122,100.0,ZNE,train,manuel,MQ_GBM_20140502_161130
"bucket0$245,:3,:6001",2014-05-02T16:11:22.680000,MQ,LAM,14.81292,-61.16314,1240.0,835.0,906.0,835,100.0,ZNE,train,manuel,MQ_LAM_20140502_161131
"bucket0$246,:3,:6001",2014-05-02T16:11:05.819900,MQ,BAM,14.8171,-61.1445,670.0,2563.0,,2563,100.0,ZNE,train,manuel,MQ_BAM_20140502_161131
"bucket0$247,:3,:6001",2014-05-02T16:11:08.130000,MQ,IA2,14.80307,-61.20515,289.0,2349.0,2435.0,2349,100.0,ZNE,train,manuel,MQ_IA2_20140502_161131
"bucket0$248,:3,:6001",2014-05-02T16:10:50.409900,MQ,CPM,14.8168,-61.2074,242.0,4135.0,,4135,100.0,ZNE,train,manuel,MQ_CPM_20140502_161131
"bucket0$249,:3,:6001",2014-05-02T16:11:41.859900,MQ,GBM,14.799451,-61.159276,800.0,5492.0,,5492,100.0,ZNE,train,manuel,MQ_GBM_20140502_161236
"bucket0$250,:3,:6001",2014-05-02T16:12:18.769900,MQ,BAM,14.8171,-61.1445,670.0,1809.0,,1809,100.0,ZNE,train,manuel,MQ_BAM_20140502_161236
"bucket0$251,:3,:6001",2014-05-02T16:11:57.070000,MQ,IA2,14.80307,-61.20515,289.0,3996.0,4092.0,3996,100.0,ZNE,train,manuel,MQ_IA2_20140502_161237
"bucket0$252,:3,:6001",2014-05-02T16:12:03.880000,MQ,LAM,14.81292,-61.16314,1240.0,3338.0,3383.0,3338,100.0,ZNE,train,manuel,MQ_LAM_20140502_161237
"bucket0$253,:3,:6001",2014-05-02T19:13:17.600000,MQ,LAM,14.81292,-61.16314,1240.0,1811.0,1873.0,1811,100.0,ZNE,train,manuel,MQ_LAM_20140502_191335
"bucket0$254,:3,:6001",2014-05-02T19:13:16.329900,MQ,GBM,14.799451,-61.159276,800.0,1983.0,,1983,100.0,ZNE,train,manuel,MQ_GBM_20140502_191336
"bucket0$255,:3,:6001",2014-05-02T19:13:24.080000,MQ,IA2,14.80307,-61.20515,289.0,1237.0,1305.0,1237,100.0,ZNE,train,manuel,MQ_IA2_20140502_191336
"bucket0$256,:3,:6001",2014-05-02T19:12:52.909900,MQ,BAM,14.8171,-61.1445,670.0,4356.0,,4356,100.0,ZNE,train,manuel,MQ_BAM_20140502_191336
"bucket0$257,:3,:6001",2014-05-02T19:13:26.439900,MQ,MLM,14.7846,-61.1786,370.0,1014.0,,1014,100.0,ZNE,train,manuel,MQ_MLM_20140502_191336
"bucket0$258,:3,:6001",2014-05-02T19:44:53.980000,MQ,LAM,14.81292,-61.16314,1240.0,2859.0,3035.0,2859,100.0,ZNE,train,manuel,MQ_LAM_20140502_194522
"bucket0$259,:3,:6001",2014-05-02T19:44:50.619900,MQ,BAM,14.8171,-61.1445,670.0,3252.0,,3252,100.0,ZNE,train,manuel,MQ_BAM_20140502_194523
"bucket0$260,:3,:6001",2014-05-02T19:44:50.849900,MQ,MLM,14.7846,-61.1786,370.0,3255.0,,3255,100.0,ZNE,train,manuel,MQ_MLM_20140502_194523
"bucket0$261,:3,:6001",2014-05-02T19:44:59.449900,MQ,GBM,14.799451,-61.159276,800.0,2408.0,,2408,100.0,ZNE,train,manuel,MQ_GBM_20140502_194523
"bucket0$262,:3,:6001",2014-05-02T19:45:02.310000,MQ,IA2,14.80307,-61.20515,289.0,2124.0,2246.0,2124,100.0,ZNE,train,manuel,MQ_IA2_20140502_194523
"bucket0$263,:3,:6001",2014-05-02T19:44:56.959900,MQ,CPM,14.8168,-61.2074,242.0,2747.0,,2747,100.0,ZNE,train,manuel,MQ_CPM_20140502_194524
"bucket0$264,:3,:6001",2014-05-02T19:46:21.600000,MQ,LAM,14.81292,-61.16314,1240.0,1189.0,1247.0,1189,100.0,ZNE,train,manuel,MQ_LAM_20140502_194633
"bucket0$265,:3,:6001",2014-05-02T19:46:16.239900,MQ,BAM,14.8171,-61.1445,670.0,1763.0,,1763,100.0,ZNE,train,manuel,MQ_BAM_20140502_194633
"bucket0$266,:3,:6001",2014-05-02T19:45:40.379900,MQ,GBM,14.799451,-61.159276,800.0,5355.0,,5355,100.0,ZNE,train,manuel,MQ_GBM_20140502_194633
"bucket0$267,:3,:6001",2014-05-02T19:45:51.469900,MQ,MLM,14.7846,-61.1786,370.0,4252.0,,4252,100.0,ZNE,train,manuel,MQ_MLM_20140502_194633
"bucket1$34,:3,:6001",2014-05-02T19:46:20.520000,MQ,IA2,14.80307,-61.20515,289.0,1353.0,1462.0,1353,100.0,ZNE,test,manuel,MQ_IA2_20140502_194634
"bucket0$268,:3,:6001",2014-05-02T19:45:49.699900,MQ,CPM,14.8168,-61.2074,242.0,4528.0,,4528,100.0,ZNE,train,manuel,MQ_CPM_20140502_194634
"bucket2$28,:3,:6001",2014-05-02T22:37:12.839900,MQ,CPM,14.8168,-61.2074,242.0,605.0,,605,100.0,ZNE,dev,manuel,MQ_CPM_20140502_223718
"bucket0$269,:3,:6001",2014-05-02T22:37:10.239900,MQ,BAM,14.8171,-61.1445,670.0,874.0,,874,100.0,ZNE,train,manuel,MQ_BAM_20140502_223718
"bucket0$270,:3,:6001",2014-05-02T22:36:38.139900,MQ,GBM,14.799451,-61.159276,800.0,4127.0,,4127,100.0,ZNE,train,manuel,MQ_GBM_20140502_223719
"bucket2$29,:3,:6001",2014-05-02T22:37:05.200000,MQ,LAM,14.81292,-61.16314,1240.0,1423.0,1508.0,1423,100.0,ZNE,dev,manuel,MQ_LAM_20140502_223719
"bucket0$271,:3,:6001",2014-05-02T22:37:08.490000,MQ,IA2,14.80307,-61.20515,289.0,1150.0,1246.0,1150,100.0,ZNE,train,manuel,MQ_IA2_20140502_223719
"bucket0$272,:3,:6001",2014-05-04T13:21:36.569900,MQ,CPM,14.8168,-61.2074,242.0,3138.0,,3138,100.0,ZNE,train,manuel,MQ_CPM_20140504_132207
"bucket0$273,:3,:6001",2014-05-04T13:21:55.339900,MQ,BAM,14.8171,-61.1445,670.0,1393.0,,1393,100.0,ZNE,train,manuel,MQ_BAM_20140504_132209
"bucket0$274,:3,:6001",2014-05-04T13:22:03.420000,MQ,IA2,14.80307,-61.20515,289.0,622.0,773.0,622,100.0,ZNE,train,manuel,MQ_IA2_20140504_132209
"bucket0$275,:3,:6001",2014-05-04T13:21:31.949900,MQ,GBM,14.799451,-61.159276,800.0,3769.0,,3769,100.0,ZNE,train,manuel,MQ_GBM_20140504_132209
"bucket0$276,:3,:6001",2014-05-04T13:21:17.700000,MQ,LAM,14.81292,-61.16314,1240.0,5199.0,5336.0,5199,100.0,ZNE,train,manuel,MQ_LAM_20140504_132209
"bucket0$277,:3,:6001",2014-05-04T13:21:21.319900,MQ,MLM,14.7846,-61.1786,370.0,4882.0,,4882,100.0,ZNE,train,manuel,MQ_MLM_20140504_132210
"bucket0$278,:3,:6001",2014-05-05T15:03:22.420000,MQ,LAM,14.81292,-61.16314,1240.0,3636.0,3697.0,3636,100.0,ZNE,train,manuel,MQ_LAM_20140505_150358
"bucket2$30,:3,:6001",2014-05-05T15:03:05.329900,MQ,GBM,14.799451,-61.159276,800.0,5349.0,,5349,100.0,ZNE,dev,manuel,MQ_GBM_20140505_150358
"bucket0$279,:3,:6001",2014-05-05T15:03:06.269900,MQ,BAM,14.8171,-61.1445,670.0,5292.0,,5292,100.0,ZNE,train,manuel,MQ_BAM_20140505_150359
"bucket0$280,:3,:6001",2014-05-05T15:03:46.820000,MQ,IA2,14.80307,-61.20515,289.0,1253.0,1353.0,1253,100.0,ZNE,train,manuel,MQ_IA2_20140505_150359
"bucket1$35,:3,:6001",2014-05-05T15:03:05.299900,MQ,CPM,14.8168,-61.2074,242.0,5425.0,,5425,100.0,ZNE,test,manuel,MQ_CPM_20140505_150359
"bucket0$281,:3,:6001",2014-05-05T15:03:52.420000,WI,SAM,14.84108,-61.1638,485.0,,803.0,803,100.0,ZNE,train,manuel,WI_SAM_20140505_150400
"bucket0$282,:3,:6001",2014-05-05T15:38:21.239900,MQ,GBM,14.799451,-61.159276,800.0,637.0,,637,100.0,ZNE,train,manuel,MQ_GBM_20140505_153827
"bucket1$36,:3,:6001",2014-05-05T15:38:11.870000,MQ,LAM,14.81292,-61.16314,1240.0,1578.0,1637.0,1578,100.0,ZNE,test,manuel,MQ_LAM_20140505_153827
"bucket0$283,:3,:6001",2014-05-05T15:38:01.079900,MQ,BAM,14.8171,-61.1445,670.0,2697.0,,2697,100.0,ZNE,train,manuel,MQ_BAM_20140505_153828
"bucket0$284,:3,:6001",2014-05-05T17:05:50.219900,MQ,GBM,14.799451,-61.159276,800.0,4102.0,,4102,100.0,ZNE,train,manuel,MQ_GBM_20140505_170631
"bucket1$37,:3,:6001",2014-05-05T17:06:11.350000,MQ,LAM,14.81292,-61.16314,1240.0,1994.0,2034.0,1994,100.0,ZNE,test,manuel,MQ_LAM_20140505_170631
"bucket0$285,:3,:6001",2014-05-05T17:06:11.549900,MQ,BAM,14.8171,-61.1445,670.0,2014.0,,2014,100.0,ZNE,train,manuel,MQ_BAM_20140505_170631
"bucket2$31,:3,:6001",2014-05-05T18:01:30.619900,MQ,GBM,14.799451,-61.159276,800.0,712.0,,712,100.0,ZNE,dev,manuel,MQ_GBM_20140505_180137
"bucket0$286,:3,:6001",2014-05-05T18:00:48.719900,MQ,MLM,14.7846,-61.1786,370.0,4906.0,,4906,100.0,ZNE,train,manuel,MQ_MLM_20140505_180137
"bucket0$287,:3,:6001",2014-05-05T18:01:09.469900,MQ,BAM,14.8171,-61.1445,670.0,2832.0,,2832,100.0,ZNE,train,manuel,MQ_BAM_20140505_180137
"bucket0$288,:3,:6001",2014-05-05T18:00:52.890000,MQ,IA2,14.80307,-61.20515,289.0,4492.0,4525.0,4492,100.0,ZNE,train,manuel,MQ_IA2_20140505_180137
"bucket2$32,:3,:6001",2014-05-05T18:01:22.880000,MQ,LAM,14.81292,-61.16314,1240.0,1511.0,1618.0,1511,100.0,ZNE,dev,manuel,MQ_LAM_20140505_180137
"bucket0$289,:3,:6001",2014-05-05T18:02:12.610000,MQ,LAM,14.81292,-61.16314,1240.0,2999.0,,2999,100.0,ZNE,train,manuel,MQ_LAM_20140505_180242
"bucket0$290,:3,:6001",2014-05-05T18:02:26.549900,MQ,MLM,14.7846,-61.1786,370.0,1627.0,,1627,100.0,ZNE,train,manuel,MQ_MLM_20140505_180242
"bucket0$291,:3,:6001",2014-05-05T18:02:18.599900,MQ,CPM,14.8168,-61.2074,242.0,2480.0,,2480,100.0,ZNE,train,manuel,MQ_CPM_20140505_180243
"bucket0$292,:3,:6001",2014-05-05T18:02:31.219900,MQ,GBM,14.799451,-61.159276,800.0,1226.0,,1226,100.0,ZNE,train,manuel,MQ_GBM_20140505_180243
"bucket0$293,:3,:6001",2014-05-05T18:02:31.079900,MQ,BAM,14.8171,-61.1445,670.0,1255.0,,1255,100.0,ZNE,train,manuel,MQ_BAM_20140505_180243
"bucket1$38,:3,:6001",2014-05-05T18:02:32.360000,MQ,IA2,14.80307,-61.20515,289.0,,1198.0,1198,100.0,ZNE,test,manuel,MQ_IA2_20140505_180244
"bucket0$294,:3,:6001",2014-05-06T00:02:40.400000,MQ,LAM,14.81292,-61.16314,1240.0,3507.0,3571.0,3507,100.0,ZNE,train,manuel,MQ_LAM_20140506_000315
"bucket0$295,:3,:6001",2014-05-06T00:02:40.429900,MQ,GBM,14.799451,-61.159276,800.0,3506.0,,3506,100.0,ZNE,train,manuel,MQ_GBM_20140506_000315
"bucket0$296,:3,:6001",2014-05-06T00:03:08.099900,MQ,BAM,14.8171,-61.1445,670.0,769.0,,769,100.0,ZNE,train,manuel,MQ_BAM_20140506_000315
"bucket0$297,:3,:6001",2014-05-06T00:02:37.619900,MQ,CPM,14.8168,-61.2074,242.0,3826.0,,3826,100.0,ZNE,train,manuel,MQ_CPM_20140506_000315
"bucket0$298,:3,:6001",2014-05-06T00:03:07.149900,MQ,MLM,14.7846,-61.1786,370.0,875.0,,875,100.0,ZNE,train,manuel,MQ_MLM_20140506_000315
"bucket1$39,:3,:6001",2014-05-06T00:02:45.320000,MQ,IA2,14.80307,-61.20515,289.0,3068.0,3162.0,3068,100.0,ZNE,test,manuel,MQ_IA2_20140506_000316
"bucket0$299,:3,:6001",2014-05-06T00:02:56.840000,WI,SAM,14.84108,-61.1638,485.0,1980.0,2019.0,1980,100.0,ZNE,train,manuel,WI_SAM_20140506_000316
"bucket0$300,:3,:6001",2014-05-06T12:13:19.689900,MQ,GBM,14.799451,-61.159276,800.0,1418.0,,1418,100.0,ZNE,train,manuel,MQ_GBM_20140506_121333
"bucket0$301,:3,:6001",2014-05-06T12:13:16.430000,MQ,LAM,14.81292,-61.16314,1240.0,1768.0,1837.0,1768,100.0,ZNE,train,manuel,MQ_LAM_20140506_121334
"bucket0$302,:3,:6001",2014-05-06T12:12:41.979900,MQ,BAM,14.8171,-61.1445,670.0,5248.0,,5248,100.0,ZNE,train,manuel,MQ_BAM_20140506_121334
"bucket0$303,:3,:6001",2014-05-06T12:32:48.680000,MQ,LAM,14.81292,-61.16314,1240.0,558.0,613.0,558,100.0,ZNE,train,manuel,MQ_LAM_20140506_123254
"bucket0$304,:3,:6001",2014-05-06T12:32:07.579900,MQ,BAM,14.8171,-61.1445,670.0,4705.0,,4705,100.0,ZNE,train,manuel,MQ_BAM_20140506_123254
"bucket0$305,:3,:6001",2014-05-06T12:32:48.799900,MQ,GBM,14.799451,-61.159276,800.0,590.0,,590,100.0,ZNE,train,manuel,MQ_GBM_20140506_123254
"bucket0$306,:3,:6001",2014-05-06T12:32:05.750000,MQ,IA2,14.80307,-61.20515,289.0,,5007.0,5007,100.0,ZNE,train,manuel,MQ_IA2_20140506_123255
"bucket0$307,:3,:6001",2014-05-06T20:21:32.699900,MQ,GBM,14.799451,-61.159276,800.0,4850.0,,4850,100.0,ZNE,train,manuel,MQ_GBM_20140506_202221
"bucket0$308,:3,:6001",2014-05-06T20:21:26.980000,MQ,LAM,14.81292,-61.16314,1240.0,5427.0,5451.0,5427,100.0,ZNE,train,manuel,MQ_LAM_20140506_202221
"bucket0$309,:3,:6001",2014-05-06T20:21:54.409900,MQ,BAM,14.8171,-61.1445,670.0,2713.0,,2713,100.0,ZNE,train,manuel,MQ_BAM_20140506_202221
"bucket0$310,:3,:6001",2014-05-06T20:21:33.770000,MQ,IA2,14.80307,-61.20515,289.0,4806.0,4904.0,4806,100.0,ZNE,train,manuel,MQ_IA2_20140506_202221
"bucket0$311,:3,:6001",2014-05-06T21:01:26.639900,MQ,GBM,14.799451,-61.159276,800.0,2298.0,,2298,100.0,ZNE,train,manuel,MQ_GBM_20140506_210149
"bucket0$312,:3,:6001",2014-05-06T21:01:14.270000,MQ,LAM,14.81292,-61.16314,1240.0,3543.0,3622.0,3543,100.0,ZNE,train,manuel,MQ_LAM_20140506_210149
"bucket0$313,:3,:6001",2014-05-06T21:01:17.959900,MQ,BAM,14.8171,-61.1445,670.0,3204.0,,3204,100.0,ZNE,train,manuel,MQ_BAM_20140506_210150
"bucket0$314,:3,:6001",2014-05-06T21:01:32.080000,MQ,IA2,14.80307,-61.20515,289.0,1814.0,1914.0,1814,100.0,ZNE,train,manuel,MQ_IA2_20140506_210150
"bucket0$315,:3,:6001",2014-05-06T21:01:25.740000,WI,SAM,14.84108,-61.1638,485.0,,2523.0,2523,100.0,ZNE,train,manuel,WI_SAM_20140506_210150
"bucket0$316,:3,:6001",2014-05-09T07:03:12.759900,MQ,BAM,14.8171,-61.1445,670.0,1807.0,,1807,100.0,ZNE,train,manuel,MQ_BAM_20140509_070330
"bucket2$33,:3,:6001",2014-05-09T07:02:52.959900,MQ,GBM,14.799451,-61.159276,800.0,3789.0,,3789,100.0,ZNE,dev,manuel,MQ_GBM_20140509_070330
"bucket0$317,:3,:6001",2014-05-09T07:02:58.510000,MQ,LAM,14.81292,-61.16314,1240.0,3263.0,3348.0,3263,100.0,ZNE,train,manuel,MQ_LAM_20140509_070331
"bucket2$34,:3,:6001",2014-05-09T07:03:05.580000,MQ,IA2,14.80307,-61.20515,289.0,2574.0,2694.0,2574,100.0,ZNE,dev,manuel,MQ_IA2_20140509_070331
"bucket1$40,:3,:6001",2014-05-10T05:56:08.379900,MQ,GBM,14.799451,-61.159276,800.0,2574.0,,2574,100.0,ZNE,test,manuel,MQ_GBM_20140510_055634
"bucket0$318,:3,:6001",2014-05-10T05:56:17.010000,MQ,LAM,14.81292,-61.16314,1240.0,1717.0,1769.0,1717,100.0,ZNE,train,manuel,MQ_LAM_20140510_055634
"bucket0$319,:3,:6001",2014-05-10T05:55:52.579900,MQ,BAM,14.8171,-61.1445,670.0,4197.0,,4197,100.0,ZNE,train,manuel,MQ_BAM_20140510_055634
"bucket0$320,:3,:6001",2014-05-13T01:30:07.880000,MQ,IA2,14.80307,-61.20515,289.0,559.0,630.0,559,100.0,ZNE,train,manuel,MQ_IA2_20140513_013013
"bucket0$321,:3,:6001",2014-05-13T01:29:39.420000,MQ,LAM,14.81292,-61.16314,1240.0,3418.0,3454.0,3418,100.0,ZNE,train,manuel,MQ_LAM_20140513_013013
"bucket0$322,:3,:6001",2014-05-13T01:29:40.509900,MQ,GBM,14.799451,-61.159276,800.0,3313.0,,3313,100.0,ZNE,train,manuel,MQ_GBM_20140513_013013
"bucket0$323,:3,:6001",2014-05-13T01:29:38.599900,MQ,BAM,14.8171,-61.1445,670.0,3533.0,,3533,100.0,ZNE,train,manuel,MQ_BAM_20140513_013013
"bucket0$324,:3,:6001",2014-05-15T02:02:09.299900,MQ,GBM,14.799451,-61.159276,800.0,5327.0,,5327,100.0,ZNE,train,manuel,MQ_GBM_20140515_020302
"bucket0$325,:3,:6001",2014-05-15T02:02:43.260000,MQ,IA2,14.80307,-61.20515,289.0,1975.0,2084.0,1975,100.0,ZNE,train,manuel,MQ_IA2_20140515_020303
"bucket0$326,:3,:6001",2014-05-15T02:02:49.299900,MQ,BAM,14.8171,-61.1445,670.0,1400.0,,1400,100.0,ZNE,train,manuel,MQ_BAM_20140515_020303
"bucket1$41,:3,:6001",2014-05-17T00:56:51.679900,MQ,GBM,14.799451,-61.159276,800.0,3010.0,,3010,100.0,ZNE,test,manuel,MQ_GBM_20140517_005721
"bucket0$327,:3,:6001",2014-05-17T00:56:48.170000,MQ,LAM,14.81292,-61.16314,1240.0,3365.0,3523.0,3365,100.0,ZNE,train,manuel,MQ_LAM_20140517_005721
"bucket0$328,:3,:6001",2014-05-17T00:56:58.469900,MQ,BAM,14.8171,-61.1445,670.0,2337.0,,2337,100.0,ZNE,train,manuel,MQ_BAM_20140517_005721
"bucket0$329,:3,:6001",2014-05-17T06:01:31.910000,MQ,LAM,14.81292,-61.16314,1240.0,1550.0,1802.0,1550,100.0,ZNE,train,manuel,MQ_LAM_20140517_060147
"bucket2$35,:3,:6001",2014-05-17T06:01:28.389900,MQ,GBM,14.799451,-61.159276,800.0,1922.0,,1922,100.0,ZNE,dev,manuel,MQ_GBM_20140517_060147
"bucket0$330,:3,:6001",2014-05-17T06:00:56.559900,MQ,BAM,14.8171,-61.1445,670.0,5177.0,,5177,100.0,ZNE,train,manuel,MQ_BAM_20140517_060148
"bucket2$36,:3,:6001",2014-05-17T06:01:37.520000,MQ,IA2,14.80307,-61.20515,289.0,,1379.0,1379,100.0,ZNE,dev,manuel,MQ_IA2_20140517_060151
"bucket0$331,:3,:6001",2014-05-17T22:08:36.730000,MQ,LAM,14.81292,-61.16314,1240.0,1812.0,1867.0,1812,100.0,ZNE,train,manuel,MQ_LAM_20140517_220854
"bucket0$332,:3,:6001",2014-05-17T22:08:25.499900,MQ,GBM,14.799451,-61.159276,800.0,2959.0,,2959,100.0,ZNE,train,manuel,MQ_GBM_20140517_220855
"bucket0$333,:3,:6001",2014-05-17T22:08:11.509900,MQ,BAM,14.8171,-61.1445,670.0,4364.0,,4364,100.0,ZNE,train,manuel,MQ_BAM_20140517_220855
"bucket0$334,:3,:6001",2014-05-18T05:28:34.069900,MQ,GBM,14.799451,-61.159276,800.0,574.0,,574,100.0,ZNE,train,manuel,MQ_GBM_20140518_052839
"bucket2$37,:3,:6001",2014-05-18T05:28:08.020000,MQ,LAM,14.81292,-61.16314,1240.0,3184.0,3224.0,3184,100.0,ZNE,dev,manuel,MQ_LAM_20140518_052839
"bucket0$335,:3,:6001",2014-05-18T05:27:53.039900,MQ,BAM,14.8171,-61.1445,670.0,4732.0,,4732,100.0,ZNE,train,manuel,MQ_BAM_20140518_052840
"bucket0$336,:3,:6001",2014-05-18T05:28:15.380000,MQ,IA2,14.80307,-61.20515,289.0,,2608.0,2608,100.0,ZNE,train,manuel,MQ_IA2_20140518_052841
"bucket0$337,:3,:6001",2014-05-19T23:25:51.629900,MQ,GBM,14.799451,-61.159276,800.0,4978.0,,4978,100.0,ZNE,train,manuel,MQ_GBM_20140519_232641
"bucket0$338,:3,:6001",2014-05-19T23:26:15.780000,MQ,LAM,14.81292,-61.16314,1240.0,2567.0,2633.0,2567,100.0,ZNE,train,manuel,MQ_LAM_20140519_232641
"bucket2$38,:3,:6001",2014-05-19T23:25:57.300000,WI,SAM,14.84108,-61.1638,485.0,4460.0,4587.0,4460,100.0,ZNE,dev,manuel,WI_SAM_20140519_232641
"bucket0$339,:3,:6001",2014-05-19T23:26:30.119900,MQ,MLM,14.7846,-61.1786,370.0,1183.0,,1183,100.0,ZNE,train,manuel,MQ_MLM_20140519_232641
"bucket0$340,:3,:6001",2014-05-19T23:26:06.999900,MQ,BAM,14.8171,-61.1445,670.0,3498.0,,3498,100.0,ZNE,train,manuel,MQ_BAM_20140519_232641
"bucket0$341,:3,:6001",2014-05-19T23:26:12.090000,MQ,IA2,14.80307,-61.20515,289.0,3007.0,3100.0,3007,100.0,ZNE,train,manuel,MQ_IA2_20140519_232642
"bucket0$342,:3,:6001",2014-05-19T23:25:54.409900,MQ,CPM,14.8168,-61.2074,242.0,4776.0,,4776,100.0,ZNE,train,manuel,MQ_CPM_20140519_232642
"bucket0$343,:3,:6001",2014-05-20T03:15:03.610000,MQ,LAM,14.81292,-61.16314,1240.0,3002.0,3075.0,3002,100.0,ZNE,train,manuel,MQ_LAM_20140520_031533
"bucket0$344,:3,:6001",2014-05-20T03:14:51.019900,MQ,GBM,14.799451,-61.159276,800.0,4286.0,,4286,100.0,ZNE,train,manuel,MQ_GBM_20140520_031533
"bucket0$345,:3,:6001",2014-05-20T03:14:52.629900,MQ,BAM,14.8171,-61.1445,670.0,4169.0,,4169,100.0,ZNE,train,manuel,MQ_BAM_20140520_031534
"bucket0$346,:3,:6001",2014-05-20T03:14:55.389900,MQ,MLM,14.7846,-61.1786,370.0,3903.0,,3903,100.0,ZNE,train,manuel,MQ_MLM_20140520_031534
"bucket2$39,:3,:6001",2014-05-20T03:15:08.360000,MQ,IA2,14.80307,-61.20515,289.0,2621.0,2692.0,2621,100.0,ZNE,dev,manuel,MQ_IA2_20140520_031534
"bucket0$347,:3,:6001",2014-05-20T03:15:01.289900,MQ,CPM,14.8168,-61.2074,242.0,3334.0,,3334,100.0,ZNE,train,manuel,MQ_CPM_20140520_031534
"bucket0$348,:3,:6001",2014-05-23T04:11:26.390000,MQ,LAM,14.81292,-61.16314,1240.0,5128.0,,5128,100.0,ZNE,train,manuel,MQ_LAM_20140523_041217
"bucket1$42,:3,:6001",2014-05-23T04:11:56.049900,MQ,GBM,14.799451,-61.159276,800.0,2200.0,,2200,100.0,ZNE,test,manuel,MQ_GBM_20140523_041218
"bucket0$349,:3,:6001",2014-05-23T04:11:29.279900,MQ,BAM,14.8171,-61.1445,670.0,4881.0,,4881,100.0,ZNE,train,manuel,MQ_BAM_20140523_041218
"bucket0$350,:3,:6001",2014-05-23T04:11:43.860000,MQ,IA2,14.80307,-61.20515,289.0,3440.0,3537.0,3440,100.0,ZNE,train,manuel,MQ_IA2_20140523_041218
"bucket1$43,:3,:6001",2014-05-24T23:39:39.539900,MQ,GBM,14.799451,-61.159276,800.0,3447.0,,3447,100.0,ZNE,test,manuel,MQ_GBM_20140524_234014
"bucket2$40,:3,:6001",2014-05-24T23:39:25.550000,MQ,LAM,14.81292,-61.16314,1240.0,4850.0,4891.0,4850,100.0,ZNE,dev,manuel,MQ_LAM_20140524_234014
"bucket0$351,:3,:6001",2014-05-24T23:39:20.689900,MQ,BAM,14.8171,-61.1445,670.0,5371.0,,5371,100.0,ZNE,train,manuel,MQ_BAM_20140524_234014
"bucket0$352,:3,:6001",2014-05-24T23:39:42.520000,MQ,IA2,14.80307,-61.20515,289.0,3215.0,3232.0,3215,100.0,ZNE,train,manuel,MQ_IA2_20140524_234014
"bucket0$353,:3,:6001",2014-05-24T23:40:05.950000,WI,SAM,14.84108,-61.1638,485.0,903.0,917.0,903,100.0,ZNE,train,manuel,WI_SAM_20140524_234014
"bucket0$354,:3,:6001",2014-05-24T23:39:29.169900,MQ,MLM,14.7846,-61.1786,370.0,4585.0,,4585,100.0,ZNE,train,manuel,MQ_MLM_20140524_234015
"bucket2$41,:3,:6001",2014-05-25T13:19:20.970000,MQ,LAM,14.81292,-61.16314,1240.0,1055.0,1105.0,1055,100.0,ZNE,dev,manuel,MQ_LAM_20140525_131931
"bucket1$44,:3,:6001",2014-05-25T13:19:15.969900,MQ,GBM,14.799451,-61.159276,800.0,1557.0,,1557,100.0,ZNE,test,manuel,MQ_GBM_20140525_131931
"bucket0$355,:3,:6001",2014-05-25T13:18:52.969900,MQ,MLM,14.7846,-61.1786,370.0,3922.0,,3922,100.0,ZNE,train,manuel,MQ_MLM_20140525_131932
"bucket0$356,:3,:6001",2014-05-25T13:18:38.319900,MQ,BAM,14.8171,-61.1445,670.0,5390.0,,5390,100.0,ZNE,train,manuel,MQ_BAM_20140525_131932
"bucket0$357,:3,:6001",2014-05-28T04:06:16.979900,MQ,GBM,14.799451,-61.159276,800.0,4494.0,,4494,100.0,ZNE,train,manuel,MQ_GBM_20140528_040701
"bucket0$358,:3,:6001",2014-05-28T04:06:24.120000,MQ,LAM,14.81292,-61.16314,1240.0,3784.0,3831.0,3784,100.0,ZNE,train,manuel,MQ_LAM_20140528_040701
"bucket0$359,:3,:6001",2014-05-28T04:06:49.519900,MQ,BAM,14.8171,-61.1445,670.0,1286.0,,1286,100.0,ZNE,train,manuel,MQ_BAM_20140528_040702
"bucket2$42,:3,:6001",2014-05-28T04:06:37.949900,MQ,MLM,14.7846,-61.1786,370.0,2445.0,,2445,100.0,ZNE,dev,manuel,MQ_MLM_20140528_040702
"bucket0$360,:3,:6001",2014-05-28T04:06:56.519900,MQ,CPM,14.8168,-61.2074,242.0,657.0,,657,100.0,ZNE,train,manuel,MQ_CPM_20140528_040703
"bucket0$361,:3,:6001",2014-05-28T04:06:32.900000,WI,SAM,14.84108,-61.1638,485.0,,3105.0,3105,100.0,ZNE,train,manuel,WI_SAM_20140528_040703
"bucket0$362,:3,:6001",2014-05-30T07:56:07.510000,MQ,BAM,14.8171,-61.1445,670.0,2791.0,,2791,100.0,ZNE,train,manuel,MQ_BAM_20140530_075635
"bucket0$363,:3,:6001",2014-05-30T07:56:19.690000,MQ,GBM,14.799451,-61.159276,800.0,1587.0,,1587,100.0,ZNE,train,manuel,MQ_GBM_20140530_075635
"bucket0$364,:3,:6001",2014-05-30T07:56:28.630000,MQ,LAM,14.81292,-61.16314,1240.0,713.0,762.0,713,100.0,ZNE,train,manuel,MQ_LAM_20140530_075635
"bucket2$43,:3,:6001",2014-05-30T18:01:18.840000,MQ,BAM,14.8171,-61.1445,670.0,4613.0,,4613,100.0,ZNE,dev,manuel,MQ_BAM_20140530_180204
"bucket2$44,:3,:6001",2014-05-30T18:01:24.840000,MQ,LAM,14.81292,-61.16314,1240.0,4120.0,4154.0,4120,100.0,ZNE,dev,manuel,MQ_LAM_20140530_180206
"bucket0$365,:3,:6001",2014-05-30T18:01:12.610000,MQ,GBM,14.799451,-61.159276,800.0,5354.0,,5354,100.0,ZNE,train,manuel,MQ_GBM_20140530_180206
"bucket0$366,:3,:6001",2014-05-30T18:05:48.370000,MQ,LAM,14.81292,-61.16314,1240.0,2122.0,2187.0,2122,100.0,ZNE,train,manuel,MQ_LAM_20140530_180609
"bucket0$367,:3,:6001",2014-05-30T18:05:18.090000,MQ,GBM,14.799451,-61.159276,800.0,5150.0,,5150,100.0,ZNE,train,manuel,MQ_GBM_20140530_180609
"bucket2$45,:3,:6001",2014-05-30T18:05:59.250000,MQ,BAM,14.8171,-61.1445,670.0,1077.0,,1077,100.0,ZNE,dev,manuel,MQ_BAM_20140530_180610
