trace_name,station_network_code,station_code,station_latitude_deg,station_longitude_deg,station_elevation_m,trace_p_arrival_sample,trace_s_arrival_sample,center_sample,trace_sampling_rate_hz,trace_component_order,split,trace_name_original
"bucket0$0,:3,:6001",MQ,IA2,14.80307,-61.20515,289.0,,,3000,100.0,ZNE,train,MQ_IA2_NOISE_20140315_025800
"bucket0$1,:3,:6001",MQ,IA2,14.80307,-61.20515,289.0,,,3000,100.0,ZNE,train,MQ_IA2_NOISE_20140420_205800
"bucket0$2,:3,:6001",MQ,IA2,14.80307,-61.20515,289.0,,,3000,100.0,ZNE,train,MQ_IA2_NOISE_20140421_141700
"bucket0$3,:3,:6001",MQ,IA2,14.80307,-61.20515,289.0,,,3000,100.0,ZNE,train,MQ_IA2_NOISE_20140517_135000
"bucket0$4,:3,:6001",MQ,IA2,14.80307,-61.20515,289.0,,,3000,100.0,ZNE,train,MQ_IA2_NOISE_20140228_062200
"bucket0$5,:3,:6001",MQ,IA2,14.80307,-61.20515,289.0,,,3000,100.0,ZNE,train,MQ_IA2_NOISE_20140315_112000
"bucket0$6,:3,:6001",MQ,IA2,14.80307,-61.20515,289.0,,,3000,100.0,ZNE,train,MQ_IA2_NOISE_20140521_055900
"bucket0$7,:3,:6001",MQ,IA2,14.80307,-61.20515,289.0,,,3000,100.0,ZNE,train,MQ_IA2_NOISE_20140328_134600
"bucket0$8,:3,:6001",MQ,IA2,14.80307,-61.20515,289.0,,,3000,100.0,ZNE,train,MQ_IA2_NOISE_20140321_034700
"bucket0$9,:3,:6001",MQ,IA2,14.80307,-61.20515,289.0,,,3000,100.0,ZNE,train,MQ_IA2_NOISE_20140419_235500
"bucket0$10,:3,:6001",MQ,IA2,14.80307,-61.20515,289.0,,,3000,100.0,ZNE,train,MQ_IA2_NOISE_20140307_040600
"bucket0$11,:3,:6001",MQ,IA2,14.80307,-61.20515,289.0,,,3000,100.0,ZNE,train,MQ_IA2_NOISE_20140409_112000
"bucket0$12,:3,:6001",MQ,IA2,14.80307,-61.20515,289.0,,,3000,100.0,ZNE,train,MQ_IA2_NOISE_20140504_204200
"bucket0$13,:3,:6001",MQ,IA2,14.80307,-61.20515,289.0,,,3000,100.0,ZNE,train,MQ_IA2_NOISE_20140420_202100
"bucket0$14,:3,:6001",MQ,IA2,14.80307,-61.20515,289.0,,,3000,100.0,ZNE,train,MQ_IA2_NOISE_20140416_101900
"bucket0$15,:3,:6001",MQ,IA2,14.80307,-61.20515,289.0,,,3000,100.0,ZNE,train,MQ_IA2_NOISE_20140402_141300
"bucket1$0,:3,:6001",MQ,IA2,14.80307,-61.20515,289.0,,,3000,100.0,ZNE,test,MQ_IA2_NOISE_20140420_200500
"bucket0$16,:3,:6001",MQ,IA2,14.80307,-61.20515,289.0,,,3000,100.0,ZNE,train,MQ_IA2_NOISE_20140323_185100
"bucket1$1,:3,:6001",MQ,IA2,14.80307,-61.20515,289.0,,,3000,100.0,ZNE,test,MQ_IA2_NOISE_20140321_130800
"bucket0$17,:3,:6001",MQ,IA2,14.80307,-61.20515,289.0,,,3000,100.0,ZNE,train,MQ_IA2_NOISE_20140508_134400
"bucket0$18,:3,:6001",MQ,IA2,14.80307,-61.20515,289.0,,,3000,100.0,ZNE,train,MQ_IA2_NOISE_20140524_065100
"bucket0$19,:3,:6001",MQ,IA2,14.80307,-61.20515,289.0,,,3000,100.0,ZNE,train,MQ_IA2_NOISE_20140315_141200
"bucket0$20,:3,:6001",MQ,IA2,14.80307,-61.20515,289.0,,,3000,100.0,ZNE,train,MQ_IA2_NOISE_20140512_114800
"bucket0$21,:3,:6001",MQ,IA2,14.80307,-61.20515,289.0,,,3000,100.0,ZNE,train,MQ_IA2_NOISE_20140508_135300
"bucket0$22,:3,:6001",MQ,IA2,14.80307,-61.20515,289.0,,,3000,100.0,ZNE,train,MQ_IA2_NOISE_20140309_185800
"bucket0$23,:3,:6001",MQ,IA2,14.80307,-61.20515,289.0,,,3000,100.0,ZNE,train,MQ_IA2_NOISE_20140509_115100
"bucket0$24,:3,:6001",MQ,IA2,14.80307,-61.20515,289.0,,,3000,100.0,ZNE,train,MQ_IA2_NOISE_20140508_034100
"bucket0$25,:3,:6001",MQ,IA2,14.80307,-61.20515,289.0,,,3000,100.0,ZNE,train,MQ_IA2_NOISE_20140419_010900
"bucket0$26,:3,:6001",MQ,IA2,14.80307,-61.20515,289.0,,,3000,100.0,ZNE,train,MQ_IA2_NOISE_20140420_143400
"bucket0$27,:3,:6001",MQ,IA2,14.80307,-61.20515,289.0,,,3000,100.0,ZNE,train,MQ_IA2_NOISE_20140319_140200
"bucket0$28,:3,:6001",MQ,IA2,14.80307,-61.20515,289.0,,,3000,100.0,ZNE,train,MQ_IA2_NOISE_20140307_223200
"bucket2$0,:3,:6001",MQ,IA2,14.80307,-61.20515,289.0,,,3000,100.0,ZNE,dev,MQ_IA2_NOISE_20140324_031400
"bucket0$29,:3,:6001",MQ,IA2,14.80307,-61.20515,289.0,,,3000,100.0,ZNE,train,MQ_IA2_NOISE_20140406_135200
"bucket0$30,:3,:6001",MQ,IA2,14.80307,-61.20515,289.0,,,3000,100.0,ZNE,train,MQ_IA2_NOISE_20140415_132900
"bucket0$31,:3,:6001",MQ,IA2,14.80307,-61.20515,289.0,,,3000,100.0,ZNE,train,MQ_IA2_NOISE_20140516_125000
"bucket0$32,:3,:6001",MQ,IA2,14.80307,-61.20515,289.0,,,3000,100.0,ZNE,train,MQ_IA2_NOISE_20140306_160600
"bucket1$2,:3,:6001",MQ,IA2,14.80307,-61.20515,289.0,,,3000,100.0,ZNE,test,MQ_IA2_NOISE_20140221_195800
"bucket0$33,:3,:6001",MQ,IA2,14.80307,-61.20515,289.0,,,3000,100.0,ZNE,train,MQ_IA2_NOISE_20140509_113300
"bucket1$3,:3,:6001",MQ,IA2,14.80307,-61.20515,289.0,,,3000,100.0,ZNE,test,MQ_IA2_NOISE_20140405_063500
"bucket0$34,:3,:6001",MQ,IA2,14.80307,-61.20515,289.0,,,3000,100.0,ZNE,train,MQ_IA2_NOISE_20140314_202500
"bucket0$35,:3,:6001",MQ,IA2,14.80307,-61.20515,289.0,,,3000,100.0,ZNE,train,MQ_IA2_NOISE_20140331_052200
"bucket0$36,:3,:6001",MQ,IA2,14.80307,-61.20515,289.0,,,3000,100.0,ZNE,train,MQ_IA2_NOISE_20140502_195000
"bucket0$37,:3,:6001",MQ,IA2,14.80307,-61.20515,289.0,,,3000,100.0,ZNE,train,MQ_IA2_NOISE_20140419_235500
"bucket2$1,:3,:6001",MQ,IA2,14.80307,-61.20515,289.0,,,3000,100.0,ZNE,dev,MQ_IA2_NOISE_20140421_172900
"bucket0$38,:3,:6001",WI,SAM,14.84108,-61.1638,485.0,,,3000,100.0,ZNE,train,WI_SAM_NOISE_20140506_232200
"bucket0$39,:3,:6001",WI,SAM,14.84108,-61.1638,485.0,,,3000,100.0,ZNE,train,WI_SAM_NOISE_20140223_030400
"bucket0$40,:3,:6001",WI,SAM,14.84108,-61.1638,485.0,,,3000,100.0,ZNE,train,WI_SAM_NOISE_20140304_093500
"bucket0$41,:3,:6001",WI,SAM,14.84108,-61.1638,485.0,,,3000,100.0,ZNE,train,WI_SAM_NOISE_20140518_001700
"bucket1$4,:3,:6001",WI,SAM,14.84108,-61.1638,485.0,,,3000,100.0,ZNE,test,WI_SAM_NOISE_20140402_001200
"bucket0$42,:3,:6001",WI,SAM,14.84108,-61.1638,485.0,,,3000,100.0,ZNE,train,WI_SAM_NOISE_20140331_123000
"bucket0$43,:3,:6001",WI,SAM,14.84108,-61.1638,485.0,,,3000,100.0,ZNE,train,WI_SAM_NOISE_20140429_055300
"bucket0$44,:3,:6001",WI,SAM,14.84108,-61.1638,485.0,,,3000,100.0,ZNE,train,WI_SAM_NOISE_20140503_012500
"bucket0$45,:3,:6001",WI,SAM,14.84108,-61.1638,485.0,,,3000,100.0,ZNE,train,WI_SAM_NOISE_20140408_184700
"bucket0$46,:3,:6001",WI,SAM,14.84108,-61.1638,485.0,,,3000,100.0,ZNE,train,WI_SAM_NOISE_20140404_033500
"bucket0$47,:3,:6001",WI,SAM,14.84108,-61.1638,485.0,,,3000,100.0,ZNE,train,WI_SAM_NOISE_20140520_003800
"bucket0$48,:3,:6001",WI,SAM,14.84108,-61.1638,485.0,,,3000,100.0,ZNE,train,WI_SAM_NOISE_20140330_034600
"bucket0$49,:3,:6001",WI,SAM,14.84108,-61.1638,485.0,,,3000,100.0,ZNE,train,WI_SAM_NOISE_20140507_120100
"bucket0$50,:3,:6001",WI,SAM,14.84108,-61.1638,485.0,,,3000,100.0,ZNE,train,WI_SAM_NOISE_20140325_030200
"bucket0$51,:3,:6001",WI,SAM,14.84108,-61.1638,485.0,,,3000,100.0,ZNE,train,WI_SAM_NOISE_20140506_074100
"bucket0$52,:3,:6001",WI,SAM,14.84108,-61.1638,485.0,,,3000,100.0,ZNE,train,WI_SAM_NOISE_20140517_202200
"bucket0$53,:3,:6001",WI,SAM,14.84108,-61.1638,485.0,,,3000,100.0,ZNE,train,WI_SAM_NOISE_20140511_180000
"bucket2$2,:3,:6001",WI,SAM,14.84108,-61.1638,485.0,,,3000,100.0,ZNE,dev,WI_SAM_NOISE_20140509_091700
"bucket0$54,:3,:6001",WI,SAM,14.84108,-61.1638,485.0,,,3000,100.0,ZNE,train,WI_SAM_NOISE_20140311_071600
"bucket0$55,:3,:6001",WI,SAM,14.84108,-61.1638,485.0,,,3000,100.0,ZNE,train,WI_SAM_NOISE_20140413_045800
"bucket1$5,:3,:6001",WI,SAM,14.84108,-61.1638,485.0,,,3000,100.0,ZNE,test,WI_SAM_NOISE_20140403_054700
"bucket0$56,:3,:6001",WI,SAM,14.84108,-61.1638,485.0,,,3000,100.0,ZNE,train,WI_SAM_NOISE_20140516_170000
"bucket0$57,:3,:6001",WI,SAM,14.84108,-61.1638,485.0,,,3000,100.0,ZNE,train,WI_SAM_NOISE_20140521_022200
"bucket2$3,:3,:6001",WI,SAM,14.84108,-61.1638,485.0,,,3000,100.0,ZNE,dev,WI_SAM_NOISE_20140517_035100
"bucket0$58,:3,:6001",WI,SAM,14.84108,-61.1638,485.0,,,3000,100.0,ZNE,train,WI_SAM_NOISE_20140415_035200
"bucket0$59,:3,:6001",WI,SAM,14.84108,-61.1638,485.0,,,3000,100.0,ZNE,train,WI_SAM_NOISE_20140309_233300
"bucket1$6,:3,:6001",WI,SAM,14.84108,-61.1638,485.0,,,3000,100.0,ZNE,test,WI_SAM_NOISE_20140417_111800
"bucket0$60,:3,:6001",WI,SAM,14.84108,-61.1638,485.0,,,3000,100.0,ZNE,train,WI_SAM_NOISE_20140527_080500
"bucket0$61,:3,:6001",WI,SAM,14.84108,-61.1638,485.0,,,3000,100.0,ZNE,train,WI_SAM_NOISE_20140424_070300
"bucket0$62,:3,:6001",WI,SAM,14.84108,-61.1638,485.0,,,3000,100.0,ZNE,train,WI_SAM_NOISE_20140404_032400
"bucket2$4,:3,:6001",WI,SAM,14.84108,-61.1638,485.0,,,3000,100.0,ZNE,dev,WI_SAM_NOISE_20140406_025700
"bucket0$63,:3,:6001",WI,SAM,14.84108,-61.1638,485.0,,,3000,100.0,ZNE,train,WI_SAM_NOISE_20140428_193500
"bucket0$64,:3,:6001",WI,SAM,14.84108,-61.1638,485.0,,,3000,100.0,ZNE,train,WI_SAM_NOISE_20140331_220100
"bucket2$5,:3,:6001",WI,SAM,14.84108,-61.1638,485.0,,,3000,100.0,ZNE,dev,WI_SAM_NOISE_20140503_141200
"bucket0$65,:3,:6001",WI,SAM,14.84108,-61.1638,485.0,,,3000,100.0,ZNE,train,WI_SAM_NOISE_20140319_224500
"bucket0$66,:3,:6001",WI,SAM,14.84108,-61.1638,485.0,,,3000,100.0,ZNE,train,WI_SAM_NOISE_20140314_181100
"bucket0$67,:3,:6001",WI,SAM,14.84108,-61.1638,485.0,,,3000,100.0,ZNE,train,WI_SAM_NOISE_20140513_143000
"bucket0$68,:3,:6001",WI,SAM,14.84108,-61.1638,485.0,,,3000,100.0,ZNE,train,WI_SAM_NOISE_20140409_234400
"bucket0$69,:3,:6001",WI,SAM,14.84108,-61.1638,485.0,,,3000,100.0,ZNE,train,WI_SAM_NOISE_20140401_225000
"bucket0$70,:3,:6001",WI,SAM,14.84108,-61.1638,485.0,,,3000,100.0,ZNE,train,WI_SAM_NOISE_20140310_061100
"bucket0$71,:3,:6001",WI,SAM,14.84108,-61.1638,485.0,,,3000,100.0,ZNE,train,WI_SAM_NOISE_20140326_060500
"bucket0$72,:3,:6001",WI,SAM,14.84108,-61.1638,485.0,,,3000,100.0,ZNE,train,WI_SAM_NOISE_20140427_101700
"bucket0$73,:3,:6001",WI,SAM,14.84108,-61.1638,485.0,,,3000,100.0,ZNE,train,WI_SAM_NOISE_20140505_105300
"bucket0$74,:3,:6001",WI,SAM,14.84108,-61.1638,485.0,,,3000,100.0,ZNE,train,WI_SAM_NOISE_20140506_122400
"bucket0$75,:3,:6001",WI,SAM,14.84108,-61.1638,485.0,,,3000,100.0,ZNE,train,WI_SAM_NOISE_20140227_005200
"bucket0$76,:3,:6001",WI,SAM,14.84108,-61.1638,485.0,,,3000,100.0,ZNE,train,WI_SAM_NOISE_20140417_100300
"bucket0$77,:3,:6001",WI,SAM,14.84108,-61.1638,485.0,,,3000,100.0,ZNE,train,WI_SAM_NOISE_20140522_163800
"bucket0$78,:3,:6001",WI,SAM,14.84108,-61.1638,485.0,,,3000,100.0,ZNE,train,WI_SAM_NOISE_20140510_165800
"bucket0$79,:3,:6001",WI,SAM,14.84108,-61.1638,485.0,,,3000,100.0,ZNE,train,WI_SAM_NOISE_20140526_012800
"bucket2$6,:3,:6001",WI,SAM,14.84108,-61.1638,485.0,,,3000,100.0,ZNE,dev,WI_SAM_NOISE_20140223_023300
"bucket0$80,:3,:6001",WI,SAM,14.84108,-61.1638,485.0,,,3000,100.0,ZNE,train,WI_SAM_NOISE_20140503_052800
"bucket1$7,:3,:6001",MQ,MLM,14.7846,-61.1786,370.0,,,3000,100.0,ZNE,test,MQ_MLM_NOISE_20140330_170000
"bucket0$81,:3,:6001",MQ,MLM,14.7846,-61.1786,370.0,,,3000,100.0,ZNE,train,MQ_MLM_NOISE_20140330_013300
"bucket0$82,:3,:6001",MQ,MLM,14.7846,-61.1786,370.0,,,3000,100.0,ZNE,train,MQ_MLM_NOISE_20140328_021300
"bucket2$7,:3,:6001",MQ,MLM,14.7846,-61.1786,370.0,,,3000,100.0,ZNE,dev,MQ_MLM_NOISE_20140515_000300
"bucket0$83,:3,:6001",MQ,MLM,14.7846,-61.1786,370.0,,,3000,100.0,ZNE,train,MQ_MLM_NOISE_20140311_061500
"bucket0$84,:3,:6001",MQ,MLM,14.7846,-61.1786,370.0,,,3000,100.0,ZNE,train,MQ_MLM_NOISE_20140523_153500
"bucket0$85,:3,:6001",MQ,MLM,14.7846,-61.1786,370.0,,,3000,100.0,ZNE,train,MQ_MLM_NOISE_20140422_223000
"bucket2$8,:3,:6001",MQ,MLM,14.7846,-61.1786,370.0,,,3000,100.0,ZNE,dev,MQ_MLM_NOISE_20140413_014700
"bucket0$86,:3,:6001",MQ,MLM,14.7846,-61.1786,370.0,,,3000,100.0,ZNE,train,MQ_MLM_NOISE_20140517_034000
"bucket0$87,:3,:6001",MQ,MLM,14.7846,-61.1786,370.0,,,3000,100.0,ZNE,train,MQ_MLM_NOISE_20140418_105600
"bucket0$88,:3,:6001",MQ,MLM,14.7846,-61.1786,370.0,,,3000,100.0,ZNE,train,MQ_MLM_NOISE_20140522_031400
"bucket0$89,:3,:6001",MQ,MLM,14.7846,-61.1786,370.0,,,3000,100.0,ZNE,train,MQ_MLM_NOISE_20140326_081100
"bucket0$90,:3,:6001",MQ,MLM,14.7846,-61.1786,370.0,,,3000,100.0,ZNE,train,MQ_MLM_NOISE_20140411_031000
"bucket1$8,:3,:6001",MQ,MLM,14.7846,-61.1786,370.0,,,3000,100.0,ZNE,test,MQ_MLM_NOISE_20140427_174000
"bucket0$91,:3,:6001",MQ,MLM,14.7846,-61.1786,370.0,,,3000,100.0,ZNE,train,MQ_MLM_NOISE_20140328_070300
"bucket1$9,:3,:6001",MQ,MLM,14.7846,-61.1786,370.0,,,3000,100.0,ZNE,test,MQ_MLM_NOISE_20140421_124100
"bucket1$10,:3,:6001",MQ,MLM,14.7846,-61.1786,370.0,,,3000,100.0,ZNE,test,MQ_MLM_NOISE_20140311_003400
"bucket0$92,:3,:6001",MQ,MLM,14.7846,-61.1786,370.0,,,3000,100.0,ZNE,train,MQ_MLM_NOISE_20140515_232500
"bucket1$11,:3,:6001",MQ,MLM,14.7846,-61.1786,370.0,,,3000,100.0,ZNE,test,MQ_MLM_NOISE_20140405_064500
"bucket2$9,:3,:6001",MQ,MLM,14.7846,-61.1786,370.0,,,3000,100.0,ZNE,dev,MQ_MLM_NOISE_20140220_204400
"bucket0$93,:3,:6001",MQ,MLM,14.7846,-61.1786,370.0,,,3000,100.0,ZNE,train,MQ_MLM_NOISE_20140507_032300
"bucket0$94,:3,:6001",MQ,MLM,14.7846,-61.1786,370.0,,,3000,100.0,ZNE,train,MQ_MLM_NOISE_20140222_164700
"bucket0$95,:3,:6001",MQ,MLM,14.7846,-61.1786,370.0,,,3000,100.0,ZNE,train,MQ_MLM_NOISE_20140404_215500
"bucket0$96,:3,:6001",MQ,MLM,14.7846,-61.1786,370.0,,,3000,100.0,ZNE,train,MQ_MLM_NOISE_20140515_061400
"bucket0$97,:3,:6001",MQ,MLM,14.7846,-61.1786,370.0,,,3000,100.0,ZNE,train,MQ_MLM_NOISE_20140411_045200
"bucket0$98,:3,:6001",MQ,MLM,14.7846,-61.1786,370.0,,,3000,100.0,ZNE,train,MQ_MLM_NOISE_20140329_165700
"bucket0$99,:3,:6001",MQ,MLM,14.7846,-61.1786,370.0,,,3000,100.0,ZNE,train,MQ_MLM_NOISE_20140402_191900
"bucket0$100,:3,:6001",MQ,MLM,14.7846,-61.1786,370.0,,,3000,100.0,ZNE,train,MQ_MLM_NOISE_20140303_192900
"bucket0$101,:3,:6001",MQ,MLM,14.7846,-61.1786,370.0,,,3000,100.0,ZNE,train,MQ_MLM_NOISE_20140512_070700
"bucket0$102,:3,:6001",MQ,MLM,14.7846,-61.1786,370.0,,,3000,100.0,ZNE,train,MQ_MLM_NOISE_20140315_152500
"bucket0$103,:3,:6001",MQ,MLM,14.7846,-61.1786,370.0,,,3000,100.0,ZNE,train,MQ_MLM_NOISE_20140327_214400
"bucket0$104,:3,:6001",MQ,MLM,14.7846,-61.1786,370.0,,,3000,100.0,ZNE,train,MQ_MLM_NOISE_20140519_072100
"bucket2$10,:3,:6001",MQ,MLM,14.7846,-61.1786,370.0,,,3000,100.0,ZNE,dev,MQ_MLM_NOISE_20140221_050000
"bucket0$105,:3,:6001",MQ,MLM,14.7846,-61.1786,370.0,,,3000,100.0,ZNE,train,MQ_MLM_NOISE_20140318_223500
"bucket0$106,:3,:6001",MQ,MLM,14.7846,-61.1786,370.0,,,3000,100.0,ZNE,train,MQ_MLM_NOISE_20140427_082800
"bucket0$107,:3,:6001",MQ,MLM,14.7846,-61.1786,370.0,,,3000,100.0,ZNE,train,MQ_MLM_NOISE_20140412_000700
"bucket0$108,:3,:6001",MQ,MLM,14.7846,-61.1786,370.0,,,3000,100.0,ZNE,train,MQ_MLM_NOISE_20140421_140100
"bucket0$109,:3,:6001",MQ,MLM,14.7846,-61.1786,370.0,,,3000,100.0,ZNE,train,MQ_MLM_NOISE_20140513_225300
"bucket1$12,:3,:6001",MQ,MLM,14.7846,-61.1786,370.0,,,3000,100.0,ZNE,test,MQ_MLM_NOISE_20140322_003700
"bucket0$110,:3,:6001",MQ,MLM,14.7846,-61.1786,370.0,,,3000,100.0,ZNE,train,MQ_MLM_NOISE_20140511_032100
"bucket0$111,:3,:6001",MQ,MLM,14.7846,-61.1786,370.0,,,3000,100.0,ZNE,train,MQ_MLM_NOISE_20140424_192400
"bucket2$11,:3,:6001",MQ,MLM,14.7846,-61.1786,370.0,,,3000,100.0,ZNE,dev,MQ_MLM_NOISE_20140507_230300
"bucket0$112,:3,:6001",MQ,MLM,14.7846,-61.1786,370.0,,,3000,100.0,ZNE,train,MQ_MLM_NOISE_20140411_050500
"bucket0$113,:3,:6001",MQ,MLM,14.7846,-61.1786,370.0,,,3000,100.0,ZNE,train,MQ_MLM_NOISE_20140511_180100
"bucket0$114,:3,:6001",MQ,MLM,14.7846,-61.1786,370.0,,,3000,100.0,ZNE,train,MQ_MLM_NOISE_20140321_072900
"bucket0$115,:3,:6001",MQ,MLM,14.7846,-61.1786,370.0,,,3000,100.0,ZNE,train,MQ_MLM_NOISE_20140504_093400
"bucket1$13,:3,:6001",MQ,MLM,14.7846,-61.1786,370.0,,,3000,100.0,ZNE,test,MQ_MLM_NOISE_20140228_023300
"bucket0$116,:3,:6001",MQ,MLM,14.7846,-61.1786,370.0,,,3000,100.0,ZNE,train,MQ_MLM_NOISE_20140417_065800
"bucket0$117,:3,:6001",MQ,MLM,14.7846,-61.1786,370.0,,,3000,100.0,ZNE,train,MQ_MLM_NOISE_20140430_064900
"bucket0$118,:3,:6001",MQ,MLM,14.7846,-61.1786,370.0,,,3000,100.0,ZNE,train,MQ_MLM_NOISE_20140326_050300
"bucket0$119,:3,:6001",MQ,MLM,14.7846,-61.1786,370.0,,,3000,100.0,ZNE,train,MQ_MLM_NOISE_20140411_015000
"bucket0$120,:3,:6001",MQ,MLM,14.7846,-61.1786,370.0,,,3000,100.0,ZNE,train,MQ_MLM_NOISE_20140525_215600
"bucket0$121,:3,:6001",MQ,MLM,14.7846,-61.1786,370.0,,,3000,100.0,ZNE,train,MQ_MLM_NOISE_20140223_143100
"bucket0$122,:3,:6001",MQ,MLM,14.7846,-61.1786,370.0,,,3000,100.0,ZNE,train,MQ_MLM_NOISE_20140411_024300
"bucket0$123,:3,:6001",MQ,MLM,14.7846,-61.1786,370.0,,,3000,100.0,ZNE,train,MQ_MLM_NOISE_20140310_213800
"bucket0$124,:3,:6001",MQ,MLM,14.7846,-61.1786,370.0,,,3000,100.0,ZNE,train,MQ_MLM_NOISE_20140225_005400
"bucket0$125,:3,:6001",MQ,MLM,14.7846,-61.1786,370.0,,,3000,100.0,ZNE,train,MQ_MLM_NOISE_20140507_040800
"bucket0$126,:3,:6001",MQ,MLM,14.7846,-61.1786,370.0,,,3000,100.0,ZNE,train,MQ_MLM_NOISE_20140325_025000
"bucket0$127,:3,:6001",MQ,MLM,14.7846,-61.1786,370.0,,,3000,100.0,ZNE,train,MQ_MLM_NOISE_20140312_024100
"bucket0$128,:3,:6001",MQ,MLM,14.7846,-61.1786,370.0,,,3000,100.0,ZNE,train,MQ_MLM_NOISE_20140413_131600
"bucket0$129,:3,:6001",MQ,MLM,14.7846,-61.1786,370.0,,,3000,100.0,ZNE,train,MQ_MLM_NOISE_20140505_220500
"bucket0$130,:3,:6001",MQ,MLM,14.7846,-61.1786,370.0,,,3000,100.0,ZNE,train,MQ_MLM_NOISE_20140515_230200
"bucket0$131,:3,:6001",MQ,MLM,14.7846,-61.1786,370.0,,,3000,100.0,ZNE,train,MQ_MLM_NOISE_20140313_111600
"bucket0$132,:3,:6001",MQ,MLM,14.7846,-61.1786,370.0,,,3000,100.0,ZNE,train,MQ_MLM_NOISE_20140507_034800
"bucket0$133,:3,:6001",MQ,MLM,14.7846,-61.1786,370.0,,,3000,100.0,ZNE,train,MQ_MLM_NOISE_20140523_175200
"bucket0$134,:3,:6001",MQ,MLM,14.7846,-61.1786,370.0,,,3000,100.0,ZNE,train,MQ_MLM_NOISE_20140226_061300
"bucket0$135,:3,:6001",MQ,MLM,14.7846,-61.1786,370.0,,,3000,100.0,ZNE,train,MQ_MLM_NOISE_20140322_204500
"bucket0$136,:3,:6001",MQ,MLM,14.7846,-61.1786,370.0,,,3000,100.0,ZNE,train,MQ_MLM_NOISE_20140221_054300
"bucket0$137,:3,:6001",MQ,MLM,14.7846,-61.1786,370.0,,,3000,100.0,ZNE,train,MQ_MLM_NOISE_20140409_124100
"bucket2$12,:3,:6001",MQ,MLM,14.7846,-61.1786,370.0,,,3000,100.0,ZNE,dev,MQ_MLM_NOISE_20140331_060300
"bucket0$138,:3,:6001",MQ,MLM,14.7846,-61.1786,370.0,,,3000,100.0,ZNE,train,MQ_MLM_NOISE_20140325_063400
"bucket0$139,:3,:6001",MQ,MLM,14.7846,-61.1786,370.0,,,3000,100.0,ZNE,train,MQ_MLM_NOISE_20140518_171900
"bucket0$140,:3,:6001",MQ,MLM,14.7846,-61.1786,370.0,,,3000,100.0,ZNE,train,MQ_MLM_NOISE_20140315_093000
"bucket0$141,:3,:6001",MQ,MLM,14.7846,-61.1786,370.0,,,3000,100.0,ZNE,train,MQ_MLM_NOISE_20140315_162100
"bucket1$14,:3,:6001",MQ,MLM,14.7846,-61.1786,370.0,,,3000,100.0,ZNE,test,MQ_MLM_NOISE_20140315_190400
"bucket0$142,:3,:6001",MQ,MLM,14.7846,-61.1786,370.0,,,3000,100.0,ZNE,train,MQ_MLM_NOISE_20140315_120800
"bucket2$13,:3,:6001",MQ,MLM,14.7846,-61.1786,370.0,,,3000,100.0,ZNE,dev,MQ_MLM_NOISE_20140511_123800
"bucket0$143,:3,:6001",MQ,MLM,14.7846,-61.1786,370.0,,,3000,100.0,ZNE,train,MQ_MLM_NOISE_20140308_031900
"bucket0$144,:3,:6001",MQ,MLM,14.7846,-61.1786,370.0,,,3000,100.0,ZNE,train,MQ_MLM_NOISE_20140501_040700
"bucket1$15,:3,:6001",MQ,MLM,14.7846,-61.1786,370.0,,,3000,100.0,ZNE,test,MQ_MLM_NOISE_20140504_141700
"bucket0$145,:3,:6001",MQ,MLM,14.7846,-61.1786,370.0,,,3000,100.0,ZNE,train,MQ_MLM_NOISE_20140522_040100
"bucket0$146,:3,:6001",MQ,MLM,14.7846,-61.1786,370.0,,,3000,100.0,ZNE,train,MQ_MLM_NOISE_20140427_095000
"bucket1$16,:3,:6001",MQ,MLM,14.7846,-61.1786,370.0,,,3000,100.0,ZNE,test,MQ_MLM_NOISE_20140529_225000
"bucket0$147,:3,:6001",MQ,MLM,14.7846,-61.1786,370.0,,,3000,100.0,ZNE,train,MQ_MLM_NOISE_20140420_105200
"bucket0$148,:3,:6001",MQ,MLM,14.7846,-61.1786,370.0,,,3000,100.0,ZNE,train,MQ_MLM_NOISE_20140530_032000
"bucket0$149,:3,:6001",MQ,MLM,14.7846,-61.1786,370.0,,,3000,100.0,ZNE,train,MQ_MLM_NOISE_20140314_043100
"bucket0$150,:3,:6001",MQ,MLM,14.7846,-61.1786,370.0,,,3000,100.0,ZNE,train,MQ_MLM_NOISE_20140402_000000
"bucket0$151,:3,:6001",MQ,MLM,14.7846,-61.1786,370.0,,,3000,100.0,ZNE,train,MQ_MLM_NOISE_20140517_174800
"bucket1$17,:3,:6001",MQ,MLM,14.7846,-61.1786,370.0,,,3000,100.0,ZNE,test,MQ_MLM_NOISE_20140505_233800
"bucket0$152,:3,:6001",MQ,MLM,14.7846,-61.1786,370.0,,,3000,100.0,ZNE,train,MQ_MLM_NOISE_20140502_224500
"bucket1$18,:3,:6001",MQ,MLM,14.7846,-61.1786,370.0,,,3000,100.0,ZNE,test,MQ_MLM_NOISE_20140305_085500
"bucket0$153,:3,:6001",MQ,MLM,14.7846,-61.1786,370.0,,,3000,100.0,ZNE,train,MQ_MLM_NOISE_20140324_212300
"bucket0$154,:3,:6001",MQ,MLM,14.7846,-61.1786,370.0,,,3000,100.0,ZNE,train,MQ_MLM_NOISE_20140503_110900
"bucket0$155,:3,:6001",MQ,MLM,14.7846,-61.1786,370.0,,,3000,100.0,ZNE,train,MQ_MLM_NOISE_20140509_045100
"bucket0$156,:3,:6001",MQ,MLM,14.7846,-61.1786,370.0,,,3000,100.0,ZNE,train,MQ_MLM_NOISE_20140323_030500
"bucket0$157,:3,:6001",MQ,MLM,14.7846,-61.1786,370.0,,,3000,100.0,ZNE,train,MQ_MLM_NOISE_20140228_063300
"bucket0$158,:3,:6001",MQ,MLM,14.7846,-61.1786,370.0,,,3000,100.0,ZNE,train,MQ_MLM_NOISE_20140404_013900
"bucket2$14,:3,:6001",MQ,MLM,14.7846,-61.1786,370.0,,,3000,100.0,ZNE,dev,MQ_MLM_NOISE_20140513_044300
"bucket0$159,:3,:6001",MQ,MLM,14.7846,-61.1786,370.0,,,3000,100.0,ZNE,train,MQ_MLM_NOISE_20140221_081500
"bucket1$19,:3,:6001",MQ,MLM,14.7846,-61.1786,370.0,,,3000,100.0,ZNE,test,MQ_MLM_NOISE_20140428_030500
"bucket2$15,:3,:6001",MQ,GBM,14.799451,-61.159276,800.0,,,3000,100.0,ZNE,dev,MQ_GBM_NOISE_20140316_230900
"bucket1$20,:3,:6001",MQ,GBM,14.799451,-61.159276,800.0,,,3000,100.0,ZNE,test,MQ_GBM_NOISE_20140306_013300
"bucket1$21,:3,:6001",MQ,GBM,14.799451,-61.159276,800.0,,,3000,100.0,ZNE,test,MQ_GBM_NOISE_20140321_170200
"bucket0$160,:3,:6001",MQ,GBM,14.799451,-61.159276,800.0,,,3000,100.0,ZNE,train,MQ_GBM_NOISE_20140309_155300
"bucket0$161,:3,:6001",MQ,GBM,14.799451,-61.159276,800.0,,,3000,100.0,ZNE,train,MQ_GBM_NOISE_20140310_074500
"bucket0$162,:3,:6001",MQ,GBM,14.799451,-61.159276,800.0,,,3000,100.0,ZNE,train,MQ_GBM_NOISE_20140411_202100
"bucket0$163,:3,:6001",MQ,GBM,14.799451,-61.159276,800.0,,,3000,100.0,ZNE,train,MQ_GBM_NOISE_20140315_103800
"bucket0$164,:3,:6001",MQ,GBM,14.799451,-61.159276,800.0,,,3000,100.0,ZNE,train,MQ_GBM_NOISE_20140326_203000
"bucket0$165,:3,:6001",MQ,GBM,14.799451,-61.159276,800.0,,,3000,100.0,ZNE,train,MQ_GBM_NOISE_20140519_182700
"bucket0$166,:3,:6001",MQ,GBM,14.799451,-61.159276,800.0,,,3000,100.0,ZNE,train,MQ_GBM_NOISE_20140309_140400
"bucket0$167,:3,:6001",MQ,GBM,14.799451,-61.159276,800.0,,,3000,100.0,ZNE,train,MQ_GBM_NOISE_20140521_153400
"bucket1$22,:3,:6001",MQ,GBM,14.799451,-61.159276,800.0,,,3000,100.0,ZNE,test,MQ_GBM_NOISE_20140530_232700
"bucket2$16,:3,:6001",MQ,GBM,14.799451,-61.159276,800.0,,,3000,100.0,ZNE,dev,MQ_GBM_NOISE_20140428_175200
"bucket0$168,:3,:6001",MQ,GBM,14.799451,-61.159276,800.0,,,3000,100.0,ZNE,train,MQ_GBM_NOISE_20140527_064600
"bucket0$169,:3,:6001",MQ,GBM,14.799451,-61.159276,800.0,,,3000,100.0,ZNE,train,MQ_GBM_NOISE_20140502_215500
"bucket0$170,:3,:6001",MQ,GBM,14.799451,-61.159276,800.0,,,3000,100.0,ZNE,train,MQ_GBM_NOISE_20140401_030000
"bucket1$23,:3,:6001",MQ,GBM,14.799451,-61.159276,800.0,,,3000,100.0,ZNE,test,MQ_GBM_NOISE_20140418_050800
"bucket0$171,:3,:6001",MQ,GBM,14.799451,-61.159276,800.0,,,3000,100.0,ZNE,train,MQ_GBM_NOISE_20140414_221800
"bucket0$172,:3,:6001",MQ,GBM,14.799451,-61.159276,800.0,,,3000,100.0,ZNE,train,MQ_GBM_NOISE_20140322_140600
"bucket0$173,:3,:6001",MQ,GBM,14.799451,-61.159276,800.0,,,3000,100.0,ZNE,train,MQ_GBM_NOISE_20140325_011800
"bucket0$174,:3,:6001",MQ,GBM,14.799451,-61.159276,800.0,,,3000,100.0,ZNE,train,MQ_GBM_NOISE_20140511_193400
"bucket0$175,:3,:6001",MQ,GBM,14.799451,-61.159276,800.0,,,3000,100.0,ZNE,train,MQ_GBM_NOISE_20140522_174800
"bucket0$176,:3,:6001",MQ,GBM,14.799451,-61.159276,800.0,,,3000,100.0,ZNE,train,MQ_GBM_NOISE_20140417_165500
"bucket2$17,:3,:6001",MQ,GBM,14.799451,-61.159276,800.0,,,3000,100.0,ZNE,dev,MQ_GBM_NOISE_20140507_005700
"bucket0$177,:3,:6001",MQ,GBM,14.799451,-61.159276,800.0,,,3000,100.0,ZNE,train,MQ_GBM_NOISE_20140326_062200
"bucket2$18,:3,:6001",MQ,GBM,14.799451,-61.159276,800.0,,,3000,100.0,ZNE,dev,MQ_GBM_NOISE_20140512_023200
"bucket0$178,:3,:6001",MQ,GBM,14.799451,-61.159276,800.0,,,3000,100.0,ZNE,train,MQ_GBM_NOISE_20140517_235400
"bucket2$19,:3,:6001",MQ,GBM,14.799451,-61.159276,800.0,,,3000,100.0,ZNE,dev,MQ_GBM_NOISE_20140324_232400
"bucket1$24,:3,:6001",MQ,GBM,14.799451,-61.159276,800.0,,,3000,100.0,ZNE,test,MQ_GBM_NOISE_20140308_033200
"bucket0$179,:3,:6001",MQ,GBM,14.799451,-61.159276,800.0,,,3000,100.0,ZNE,train,MQ_GBM_NOISE_20140412_195600
"bucket0$180,:3,:6001",MQ,GBM,14.799451,-61.159276,800.0,,,3000,100.0,ZNE,train,MQ_GBM_NOISE_20140502_231400
"bucket0$181,:3,:6001",MQ,GBM,14.799451,-61.159276,800.0,,,3000,100.0,ZNE,train,MQ_GBM_NOISE_20140328_220900
"bucket0$182,:3,:6001",MQ,GBM,14.799451,-61.159276,800.0,,,3000,100.0,ZNE,train,MQ_GBM_NOISE_20140426_115000
"bucket0$183,:3,:6001",MQ,GBM,14.799451,-61.159276,800.0,,,3000,100.0,ZNE,train,MQ_GBM_NOISE_20140427_085400
"bucket0$184,:3,:6001",MQ,GBM,14.799451,-61.159276,800.0,,,3000,100.0,ZNE,train,MQ_GBM_NOISE_20140426_014700
"bucket0$185,:3,:6001",MQ,GBM,14.799451,-61.159276,800.0,,,3000,100.0,ZNE,train,MQ_GBM_NOISE_20140404_043600
"bucket0$186,:3,:6001",MQ,GBM,14.799451,-61.159276,800.0,,,3000,100.0,ZNE,train,MQ_GBM_NOISE_20140323_065800
"bucket2$20,:3,:6001",MQ,GBM,14.799451,-61.159276,800.0,,,3000,100.0,ZNE,dev,MQ_GBM_NOISE_20140410_193300
"bucket0$187,:3,:6001",MQ,GBM,14.799451,-61.159276,800.0,,,3000,100.0,ZNE,train,MQ_GBM_NOISE_20140227_070100
"bucket0$188,:3,:6001",MQ,GBM,14.799451,-61.159276,800.0,,,3000,100.0,ZNE,train,MQ_GBM_NOISE_20140506_212100
"bucket1$25,:3,:6001",MQ,GBM,14.799451,-61.159276,800.0,,,3000,100.0,ZNE,test,MQ_GBM_NOISE_20140326_061600
"bucket0$189,:3,:6001",MQ,GBM,14.799451,-61.159276,800.0,,,3000,100.0,ZNE,train,MQ_GBM_NOISE_20140521_104900
"bucket1$26,:3,:6001",MQ,GBM,14.799451,-61.159276,800.0,,,3000,100.0,ZNE,test,MQ_GBM_NOISE_20140304_205400
"bucket0$190,:3,:6001",MQ,GBM,14.799451,-61.159276,800.0,,,3000,100.0,ZNE,train,MQ_GBM_NOISE_20140221_190200
"bucket1$27,:3,:6001",MQ,GBM,14.799451,-61.159276,800.0,,,3000,100.0,ZNE,test,MQ_GBM_NOISE_20140411_014100
"bucket0$191,:3,:6001",MQ,GBM,14.799451,-61.159276,800.0,,,3000,100.0,ZNE,train,MQ_GBM_NOISE_20140323_160900
"bucket2$21,:3,:6001",MQ,GBM,14.799451,-61.159276,800.0,,,3000,100.0,ZNE,dev,MQ_GBM_NOISE_20140320_195200
"bucket0$192,:3,:6001",MQ,GBM,14.799451,-61.159276,800.0,,,3000,100.0,ZNE,train,MQ_GBM_NOISE_20140506_235200
"bucket0$193,:3,:6001",MQ,GBM,14.799451,-61.159276,800.0,,,3000,100.0,ZNE,train,MQ_GBM_NOISE_20140410_220200
"bucket0$194,:3,:6001",MQ,GBM,14.799451,-61.159276,800.0,,,3000,100.0,ZNE,train,MQ_GBM_NOISE_20140310_010900
"bucket1$28,:3,:6001",MQ,GBM,14.799451,-61.159276,800.0,,,3000,100.0,ZNE,test,MQ_GBM_NOISE_20140425_235600
"bucket0$195,:3,:6001",MQ,GBM,14.799451,-61.159276,800.0,,,3000,100.0,ZNE,train,MQ_GBM_NOISE_20140312_193300
"bucket0$196,:3,:6001",MQ,GBM,14.799451,-61.159276,800.0,,,3000,100.0,ZNE,train,MQ_GBM_NOISE_20140514_030500
"bucket0$197,:3,:6001",MQ,GBM,14.799451,-61.159276,800.0,,,3000,100.0,ZNE,train,MQ_GBM_NOISE_20140505_090300
"bucket2$22,:3,:6001",MQ,GBM,14.799451,-61.159276,800.0,,,3000,100.0,ZNE,dev,MQ_GBM_NOISE_20140325_105600
"bucket1$29,:3,:6001",MQ,GBM,14.799451,-61.159276,800.0,,,3000,100.0,ZNE,test,MQ_GBM_NOISE_20140306_052100
"bucket0$198,:3,:6001",MQ,GBM,14.799451,-61.159276,800.0,,,3000,100.0,ZNE,train,MQ_GBM_NOISE_20140310_083400
"bucket0$199,:3,:6001",MQ,GBM,14.799451,-61.159276,800.0,,,3000,100.0,ZNE,train,MQ_GBM_NOISE_20140418_150800
"bucket0$200,:3,:6001",MQ,GBM,14.799451,-61.159276,800.0,,,3000,100.0,ZNE,train,MQ_GBM_NOISE_20140519_221000
"bucket0$201,:3,:6001",MQ,GBM,14.799451,-61.159276,800.0,,,3000,100.0,ZNE,train,MQ_GBM_NOISE_20140303_001800
"bucket0$202,:3,:6001",MQ,GBM,14.799451,-61.159276,800.0,,,3000,100.0,ZNE,train,MQ_GBM_NOISE_20140323_172100
"bucket1$30,:3,:6001",MQ,GBM,14.799451,-61.159276,800.0,,,3000,100.0,ZNE,test,MQ_GBM_NOISE_20140501_000500
"bucket0$203,:3,:6001",MQ,GBM,14.799451,-61.159276,800.0,,,3000,100.0,ZNE,train,MQ_GBM_NOISE_20140519_182700
"bucket2$23,:3,:6001",MQ,GBM,14.799451,-61.159276,800.0,,,3000,100.0,ZNE,dev,MQ_GBM_NOISE_20140517_095800
"bucket0$204,:3,:6001",MQ,GBM,14.799451,-61.159276,800.0,,,3000,100.0,ZNE,train,MQ_GBM_NOISE_20140311_002500
"bucket0$205,:3,:6001",MQ,GBM,14.799451,-61.159276,800.0,,,3000,100.0,ZNE,train,MQ_GBM_NOISE_20140504_072300
"bucket0$206,:3,:6001",MQ,GBM,14.799451,-61.159276,800.0,,,3000,100.0,ZNE,train,MQ_GBM_NOISE_20140420_065200
"bucket1$31,:3,:6001",MQ,GBM,14.799451,-61.159276,800.0,,,3000,100.0,ZNE,test,MQ_GBM_NOISE_20140428_005000
"bucket0$207,:3,:6001",MQ,GBM,14.799451,-61.159276,800.0,,,3000,100.0,ZNE,train,MQ_GBM_NOISE_20140416_020000
"bucket0$208,:3,:6001",MQ,GBM,14.799451,-61.159276,800.0,,,3000,100.0,ZNE,train,MQ_GBM_NOISE_20140314_045100
"bucket0$209,:3,:6001",MQ,GBM,14.799451,-61.159276,800.0,,,3000,100.0,ZNE,train,MQ_GBM_NOISE_20140330_021500
"bucket0$210,:3,:6001",MQ,GBM,14.799451,-61.159276,800.0,,,3000,100.0,ZNE,train,MQ_GBM_NOISE_20140315_002900
"bucket0$211,:3,:6001",MQ,GBM,14.799451,-61.159276,800.0,,,3000,100.0,ZNE,train,MQ_GBM_NOISE_20140328_181100
"bucket0$212,:3,:6001",MQ,GBM,14.799451,-61.159276,800.0,,,3000,100.0,ZNE,train,MQ_GBM_NOISE_20140308_211000
"bucket0$213,:3,:6001",MQ,GBM,14.799451,-61.159276,800.0,,,3000,100.0,ZNE,train,MQ_GBM_NOISE_20140329_230700
"bucket0$214,:3,:6001",MQ,GBM,14.799451,-61.159276,800.0,,,3000,100.0,ZNE,train,MQ_GBM_NOISE_20140517_011700
"bucket0$215,:3,:6001",MQ,GBM,14.799451,-61.159276,800.0,,,3000,100.0,ZNE,train,MQ_GBM_NOISE_20140321_163700
"bucket0$216,:3,:6001",MQ,GBM,14.799451,-61.159276,800.0,,,3000,100.0,ZNE,train,MQ_GBM_NOISE_20140420_180500
"bucket0$217,:3,:6001",MQ,GBM,14.799451,-61.159276,800.0,,,3000,100.0,ZNE,train,MQ_GBM_NOISE_20140321_011700
"bucket0$218,:3,:6001",MQ,GBM,14.799451,-61.159276,800.0,,,3000,100.0,ZNE,train,MQ_GBM_NOISE_20140410_222700
"bucket0$219,:3,:6001",MQ,GBM,14.799451,-61.159276,800.0,,,3000,100.0,ZNE,train,MQ_GBM_NOISE_20140305_174500
"bucket0$220,:3,:6001",MQ,GBM,14.799451,-61.159276,800.0,,,3000,100.0,ZNE,train,MQ_GBM_NOISE_20140324_101500
"bucket1$32,:3,:6001",MQ,GBM,14.799451,-61.159276,800.0,,,3000,100.0,ZNE,test,MQ_GBM_NOISE_20140417_072500
"bucket0$221,:3,:6001",MQ,GBM,14.799451,-61.159276,800.0,,,3000,100.0,ZNE,train,MQ_GBM_NOISE_20140420_220100
"bucket0$222,:3,:6001",MQ,GBM,14.799451,-61.159276,800.0,,,3000,100.0,ZNE,train,MQ_GBM_NOISE_20140411_033900
"bucket0$223,:3,:6001",MQ,GBM,14.799451,-61.159276,800.0,,,3000,100.0,ZNE,train,MQ_GBM_NOISE_20140227_032900
"bucket0$224,:3,:6001",MQ,GBM,14.799451,-61.159276,800.0,,,3000,100.0,ZNE,train,MQ_GBM_NOISE_20140531_181800
"bucket0$225,:3,:6001",MQ,GBM,14.799451,-61.159276,800.0,,,3000,100.0,ZNE,train,MQ_GBM_NOISE_20140326_040800
"bucket0$226,:3,:6001",MQ,GBM,14.799451,-61.159276,800.0,,,3000,100.0,ZNE,train,MQ_GBM_NOISE_20140420_112900
"bucket0$227,:3,:6001",MQ,GBM,14.799451,-61.159276,800.0,,,3000,100.0,ZNE,train,MQ_GBM_NOISE_20140407_075400
"bucket0$228,:3,:6001",MQ,GBM,14.799451,-61.159276,800.0,,,3000,100.0,ZNE,train,MQ_GBM_NOISE_20140409_084100
"bucket0$229,:3,:6001",MQ,GBM,14.799451,-61.159276,800.0,,,3000,100.0,ZNE,train,MQ_GBM_NOISE_20140425_063900
"bucket1$33,:3,:6001",MQ,GBM,14.799451,-61.159276,800.0,,,3000,100.0,ZNE,test,MQ_GBM_NOISE_20140507_103400
"bucket0$230,:3,:6001",MQ,GBM,14.799451,-61.159276,800.0,,,3000,100.0,ZNE,train,MQ_GBM_NOISE_20140526_002800
"bucket0$231,:3,:6001",MQ,GBM,14.799451,-61.159276,800.0,,,3000,100.0,ZNE,train,MQ_GBM_NOISE_20140309_035500
"bucket0$232,:3,:6001",MQ,GBM,14.799451,-61.159276,800.0,,,3000,100.0,ZNE,train,MQ_GBM_NOISE_20140523_035900
"bucket0$233,:3,:6001",MQ,GBM,14.799451,-61.159276,800.0,,,3000,100.0,ZNE,train,MQ_GBM_NOISE_20140324_204500
"bucket1$34,:3,:6001",MQ,GBM,14.799451,-61.159276,800.0,,,3000,100.0,ZNE,test,MQ_GBM_NOISE_20140430_065900
"bucket0$234,:3,:6001",MQ,GBM,14.799451,-61.159276,800.0,,,3000,100.0,ZNE,train,MQ_GBM_NOISE_20140414_031600
"bucket0$235,:3,:6001",MQ,GBM,14.799451,-61.159276,800.0,,,3000,100.0,ZNE,train,MQ_GBM_NOISE_20140226_080900
"bucket0$236,:3,:6001",MQ,CPM,14.8168,-61.2074,242.0,,,3000,100.0,ZNE,train,MQ_CPM_NOISE_20140222_011900
"bucket0$237,:3,:6001",MQ,CPM,14.8168,-61.2074,242.0,,,3000,100.0,ZNE,train,MQ_CPM_NOISE_20140227_043400
"bucket0$238,:3,:6001",MQ,CPM,14.8168,-61.2074,242.0,,,3000,100.0,ZNE,train,MQ_CPM_NOISE_20140221_174100
"bucket0$239,:3,:6001",MQ,CPM,14.8168,-61.2074,242.0,,,3000,100.0,ZNE,train,MQ_CPM_NOISE_20140310_182300
"bucket0$240,:3,:6001",MQ,CPM,14.8168,-61.2074,242.0,,,3000,100.0,ZNE,train,MQ_CPM_NOISE_20140430_020700
"bucket0$241,:3,:6001",MQ,CPM,14.8168,-61.2074,242.0,,,3000,100.0,ZNE,train,MQ_CPM_NOISE_20140407_065600
"bucket0$242,:3,:6001",MQ,CPM,14.8168,-61.2074,242.0,,,3000,100.0,ZNE,train,MQ_CPM_NOISE_20140503_140600
"bucket0$243,:3,:6001",MQ,CPM,14.8168,-61.2074,242.0,,,3000,100.0,ZNE,train,MQ_CPM_NOISE_20140301_184500
"bucket1$35,:3,:6001",MQ,CPM,14.8168,-61.2074,242.0,,,3000,100.0,ZNE,test,MQ_CPM_NOISE_20140415_155500
"bucket0$244,:3,:6001",MQ,CPM,14.8168,-61.2074,242.0,,,3000,100.0,ZNE,train,MQ_CPM_NOISE_20140402_020600
"bucket0$245,:3,:6001",MQ,CPM,14.8168,-61.2074,242.0,,,3000,100.0,ZNE,train,MQ_CPM_NOISE_20140422_042400
"bucket0$246,:3,:6001",MQ,CPM,14.8168,-61.2074,242.0,,,3000,100.0,ZNE,train,MQ_CPM_NOISE_20140225_215800
"bucket2$24,:3,:6001",MQ,CPM,14.8168,-61.2074,242.0,,,3000,100.0,ZNE,dev,MQ_CPM_NOISE_20140516_081400
"bucket0$247,:3,:6001",MQ,CPM,14.8168,-61.2074,242.0,,,3000,100.0,ZNE,train,MQ_CPM_NOISE_20140409_174200
"bucket0$248,:3,:6001",MQ,CPM,14.8168,-61.2074,242.0,,,3000,100.0,ZNE,train,MQ_CPM_NOISE_20140524_072200
"bucket0$249,:3,:6001",MQ,CPM,14.8168,-61.2074,242.0,,,3000,100.0,ZNE,train,MQ_CPM_NOISE_20140417_213900
"bucket0$250,:3,:6001",MQ,CPM,14.8168,-61.2074,242.0,,,3000,100.0,ZNE,train,MQ_CPM_NOISE_20140420_051900
"bucket2$25,:3,:6001",MQ,CPM,14.8168,-61.2074,242.0,,,3000,100.0,ZNE,dev,MQ_CPM_NOISE_20140320_002200
"bucket0$251,:3,:6001",MQ,CPM,14.8168,-61.2074,242.0,,,3000,100.0,ZNE,train,MQ_CPM_NOISE_20140315_201600
"bucket0$252,:3,:6001",MQ,CPM,14.8168,-61.2074,242.0,,,3000,100.0,ZNE,train,MQ_CPM_NOISE_20140304_070500
"bucket0$253,:3,:6001",MQ,CPM,14.8168,-61.2074,242.0,,,3000,100.0,ZNE,train,MQ_CPM_NOISE_20140523_181200
"bucket0$254,:3,:6001",MQ,CPM,14.8168,-61.2074,242.0,,,3000,100.0,ZNE,train,MQ_CPM_NOISE_20140524_083400
"bucket1$36,:3,:6001",MQ,CPM,14.8168,-61.2074,242.0,,,3000,100.0,ZNE,test,MQ_CPM_NOISE_20140412_220500
"bucket0$255,:3,:6001",MQ,CPM,14.8168,-61.2074,242.0,,,3000,100.0,ZNE,train,MQ_CPM_NOISE_20140413_231800
"bucket0$256,:3,:6001",MQ,CPM,14.8168,-61.2074,242.0,,,3000,100.0,ZNE,train,MQ_CPM_NOISE_20140501_130100
"bucket1$37,:3,:6001",MQ,CPM,14.8168,-61.2074,242.0,,,3000,100.0,ZNE,test,MQ_CPM_NOISE_20140401_063100
"bucket0$257,:3,:6001",MQ,CPM,14.8168,-61.2074,242.0,,,3000,100.0,ZNE,train,MQ_CPM_NOISE_20140420_042200
"bucket0$258,:3,:6001",MQ,CPM,14.8168,-61.2074,242.0,,,3000,100.0,ZNE,train,MQ_CPM_NOISE_20140530_174000
"bucket0$259,:3,:6001",MQ,CPM,14.8168,-61.2074,242.0,,,3000,100.0,ZNE,train,MQ_CPM_NOISE_20140427_181100
"bucket0$260,:3,:6001",MQ,CPM,14.8168,-61.2074,242.0,,,3000,100.0,ZNE,train,MQ_CPM_NOISE_20140319_055100
"bucket0$261,:3,:6001",MQ,CPM,14.8168,-61.2074,242.0,,,3000,100.0,ZNE,train,MQ_CPM_NOISE_20140412_140800
"bucket0$262,:3,:6001",MQ,CPM,14.8168,-61.2074,242.0,,,3000,100.0,ZNE,train,MQ_CPM_NOISE_20140415_054700
"bucket0$263,:3,:6001",MQ,CPM,14.8168,-61.2074,242.0,,,3000,100.0,ZNE,train,MQ_CPM_NOISE_20140319_155400
"bucket0$264,:3,:6001",MQ,CPM,14.8168,-61.2074,242.0,,,3000,100.0,ZNE,train,MQ_CPM_NOISE_20140504_155500
"bucket1$38,:3,:6001",MQ,CPM,14.8168,-61.2074,242.0,,,3000,100.0,ZNE,test,MQ_CPM_NOISE_20140325_204600
"bucket2$26,:3,:6001",MQ,CPM,14.8168,-61.2074,242.0,,,3000,100.0,ZNE,dev,MQ_CPM_NOISE_20140522_093000
"bucket2$27,:3,:6001",MQ,CPM,14.8168,-61.2074,242.0,,,3000,100.0,ZNE,dev,MQ_CPM_NOISE_20140411_184200
"bucket0$265,:3,:6001",MQ,CPM,14.8168,-61.2074,242.0,,,3000,100.0,ZNE,train,MQ_CPM_NOISE_20140426_211300
"bucket0$266,:3,:6001",MQ,CPM,14.8168,-61.2074,242.0,,,3000,100.0,ZNE,train,MQ_CPM_NOISE_20140508_030600
"bucket1$39,:3,:6001",MQ,CPM,14.8168,-61.2074,242.0,,,3000,100.0,ZNE,test,MQ_CPM_NOISE_20140522_080700
"bucket1$40,:3,:6001",MQ,CPM,14.8168,-61.2074,242.0,,,3000,100.0,ZNE,test,MQ_CPM_NOISE_20140318_163300
"bucket0$267,:3,:6001",MQ,CPM,14.8168,-61.2074,242.0,,,3000,100.0,ZNE,train,MQ_CPM_NOISE_20140506_022700
"bucket0$268,:3,:6001",MQ,CPM,14.8168,-61.2074,242.0,,,3000,100.0,ZNE,train,MQ_CPM_NOISE_20140520_012000
"bucket0$269,:3,:6001",MQ,CPM,14.8168,-61.2074,242.0,,,3000,100.0,ZNE,train,MQ_CPM_NOISE_20140319_065000
"bucket1$41,:3,:6001",MQ,CPM,14.8168,-61.2074,242.0,,,3000,100.0,ZNE,test,MQ_CPM_NOISE_20140225_225300
"bucket0$270,:3,:6001",MQ,CPM,14.8168,-61.2074,242.0,,,3000,100.0,ZNE,train,MQ_CPM_NOISE_20140528_201900
"bucket0$271,:3,:6001",MQ,CPM,14.8168,-61.2074,242.0,,,3000,100.0,ZNE,train,MQ_CPM_NOISE_20140307_094900
"bucket0$272,:3,:6001",MQ,CPM,14.8168,-61.2074,242.0,,,3000,100.0,ZNE,train,MQ_CPM_NOISE_20140319_065000
"bucket0$273,:3,:6001",MQ,CPM,14.8168,-61.2074,242.0,,,3000,100.0,ZNE,train,MQ_CPM_NOISE_20140306_125100
"bucket0$274,:3,:6001",MQ,CPM,14.8168,-61.2074,242.0,,,3000,100.0,ZNE,train,MQ_CPM_NOISE_20140222_053200
"bucket0$275,:3,:6001",MQ,CPM,14.8168,-61.2074,242.0,,,3000,100.0,ZNE,train,MQ_CPM_NOISE_20140305_084700
"bucket1$42,:3,:6001",MQ,CPM,14.8168,-61.2074,242.0,,,3000,100.0,ZNE,test,MQ_CPM_NOISE_20140410_133200
"bucket0$276,:3,:6001",MQ,CPM,14.8168,-61.2074,242.0,,,3000,100.0,ZNE,train,MQ_CPM_NOISE_20140429_085800
"bucket0$277,:3,:6001",MQ,CPM,14.8168,-61.2074,242.0,,,3000,100.0,ZNE,train,MQ_CPM_NOISE_20140307_005400
"bucket0$278,:3,:6001",MQ,CPM,14.8168,-61.2074,242.0,,,3000,100.0,ZNE,train,MQ_CPM_NOISE_20140428_030900
"bucket0$279,:3,:6001",MQ,CPM,14.8168,-61.2074,242.0,,,3000,100.0,ZNE,train,MQ_CPM_NOISE_20140225_183700
"bucket0$280,:3,:6001",MQ,CPM,14.8168,-61.2074,242.0,,,3000,100.0,ZNE,train,MQ_CPM_NOISE_20140321_032100
"bucket0$281,:3,:6001",MQ,CPM,14.8168,-61.2074,242.0,,,3000,100.0,ZNE,train,MQ_CPM_NOISE_20140410_185200
"bucket2$28,:3,:6001",MQ,CPM,14.8168,-61.2074,242.0,,,3000,100.0,ZNE,dev,MQ_CPM_NOISE_20140410_125800
"bucket0$282,:3,:6001",MQ,CPM,14.8168,-61.2074,242.0,,,3000,100.0,ZNE,train,MQ_CPM_NOISE_20140316_053900
"bucket0$283,:3,:6001",MQ,CPM,14.8168,-61.2074,242.0,,,3000,100.0,ZNE,train,MQ_CPM_NOISE_20140428_085200
"bucket0$284,:3,:6001",MQ,CPM,14.8168,-61.2074,242.0,,,3000,100.0,ZNE,train,MQ_CPM_NOISE_20140522_112400
"bucket1$43,:3,:6001",MQ,CPM,14.8168,-61.2074,242.0,,,3000,100.0,ZNE,test,MQ_CPM_NOISE_20140526_130600
"bucket1$44,:3,:6001",MQ,CPM,14.8168,-61.2074,242.0,,,3000,100.0,ZNE,test,MQ_CPM_NOISE_20140524_022400
"bucket1$45,:3,:6001",MQ,CPM,14.8168,-61.2074,242.0,,,3000,100.0,ZNE,test,MQ_CPM_NOISE_20140411_052800
"bucket1$46,:3,:6001",MQ,CPM,14.8168,-61.2074,242.0,,,3000,100.0,ZNE,test,MQ_CPM_NOISE_20140226_194700
"bucket0$285,:3,:6001",MQ,CPM,14.8168,-61.2074,242.0,,,3000,100.0,ZNE,train,MQ_CPM_NOISE_20140530_161700
"bucket0$286,:3,:6001",MQ,CPM,14.8168,-61.2074,242.0,,,3000,100.0,ZNE,train,MQ_CPM_NOISE_20140421_015900
"bucket2$29,:3,:6001",MQ,CPM,14.8168,-61.2074,242.0,,,3000,100.0,ZNE,dev,MQ_CPM_NOISE_20140528_155900
"bucket0$287,:3,:6001",MQ,CPM,14.8168,-61.2074,242.0,,,3000,100.0,ZNE,train,MQ_CPM_NOISE_20140318_051500
"bucket0$288,:3,:6001",MQ,CPM,14.8168,-61.2074,242.0,,,3000,100.0,ZNE,train,MQ_CPM_NOISE_20140405_210500
"bucket0$289,:3,:6001",MQ,CPM,14.8168,-61.2074,242.0,,,3000,100.0,ZNE,train,MQ_CPM_NOISE_20140524_040600
"bucket0$290,:3,:6001",MQ,CPM,14.8168,-61.2074,242.0,,,3000,100.0,ZNE,train,MQ_CPM_NOISE_20140412_195500
"bucket0$291,:3,:6001",MQ,CPM,14.8168,-61.2074,242.0,,,3000,100.0,ZNE,train,MQ_CPM_NOISE_20140509_203700
"bucket0$292,:3,:6001",MQ,CPM,14.8168,-61.2074,242.0,,,3000,100.0,ZNE,train,MQ_CPM_NOISE_20140405_101300
"bucket2$30,:3,:6001",MQ,CPM,14.8168,-61.2074,242.0,,,3000,100.0,ZNE,dev,MQ_CPM_NOISE_20140326_214600
"bucket0$293,:3,:6001",MQ,CPM,14.8168,-61.2074,242.0,,,3000,100.0,ZNE,train,MQ_CPM_NOISE_20140408_043100
"bucket0$294,:3,:6001",MQ,CPM,14.8168,-61.2074,242.0,,,3000,100.0,ZNE,train,MQ_CPM_NOISE_20140528_145300
"bucket0$295,:3,:6001",MQ,CPM,14.8168,-61.2074,242.0,,,3000,100.0,ZNE,train,MQ_CPM_NOISE_20140414_225300
"bucket0$296,:3,:6001",MQ,CPM,14.8168,-61.2074,242.0,,,3000,100.0,ZNE,train,MQ_CPM_NOISE_20140524_192200
"bucket0$297,:3,:6001",MQ,CPM,14.8168,-61.2074,242.0,,,3000,100.0,ZNE,train,MQ_CPM_NOISE_20140328_195800
"bucket0$298,:3,:6001",MQ,CPM,14.8168,-61.2074,242.0,,,3000,100.0,ZNE,train,MQ_CPM_NOISE_20140222_081300
"bucket1$47,:3,:6001",MQ,CPM,14.8168,-61.2074,242.0,,,3000,100.0,ZNE,test,MQ_CPM_NOISE_20140228_232300
"bucket0$299,:3,:6001",MQ,CPM,14.8168,-61.2074,242.0,,,3000,100.0,ZNE,train,MQ_CPM_NOISE_20140529_172600
"bucket0$300,:3,:6001",MQ,CPM,14.8168,-61.2074,242.0,,,3000,100.0,ZNE,train,MQ_CPM_NOISE_20140425_173300
"bucket0$301,:3,:6001",MQ,CPM,14.8168,-61.2074,242.0,,,3000,100.0,ZNE,train,MQ_CPM_NOISE_20140502_213500
"bucket0$302,:3,:6001",MQ,CPM,14.8168,-61.2074,242.0,,,3000,100.0,ZNE,train,MQ_CPM_NOISE_20140221_221300
"bucket0$303,:3,:6001",MQ,CPM,14.8168,-61.2074,242.0,,,3000,100.0,ZNE,train,MQ_CPM_NOISE_20140531_080600
"bucket2$31,:3,:6001",MQ,CPM,14.8168,-61.2074,242.0,,,3000,100.0,ZNE,dev,MQ_CPM_NOISE_20140530_151300
"bucket2$32,:3,:6001",MQ,CPM,14.8168,-61.2074,242.0,,,3000,100.0,ZNE,dev,MQ_CPM_NOISE_20140317_002100
"bucket0$304,:3,:6001",MQ,CPM,14.8168,-61.2074,242.0,,,3000,100.0,ZNE,train,MQ_CPM_NOISE_20140407_183800
"bucket1$48,:3,:6001",MQ,CPM,14.8168,-61.2074,242.0,,,3000,100.0,ZNE,test,MQ_CPM_NOISE_20140530_060300
"bucket1$49,:3,:6001",MQ,CPM,14.8168,-61.2074,242.0,,,3000,100.0,ZNE,test,MQ_CPM_NOISE_20140310_182300
"bucket0$305,:3,:6001",MQ,CPM,14.8168,-61.2074,242.0,,,3000,100.0,ZNE,train,MQ_CPM_NOISE_20140302_140400
"bucket0$306,:3,:6001",MQ,CPM,14.8168,-61.2074,242.0,,,3000,100.0,ZNE,train,MQ_CPM_NOISE_20140419_075600
"bucket1$50,:3,:6001",MQ,CPM,14.8168,-61.2074,242.0,,,3000,100.0,ZNE,test,MQ_CPM_NOISE_20140318_005600
"bucket0$307,:3,:6001",MQ,CPM,14.8168,-61.2074,242.0,,,3000,100.0,ZNE,train,MQ_CPM_NOISE_20140301_205500
"bucket0$308,:3,:6001",MQ,CPM,14.8168,-61.2074,242.0,,,3000,100.0,ZNE,train,MQ_CPM_NOISE_20140416_205600
"bucket2$33,:3,:6001",MQ,CPM,14.8168,-61.2074,242.0,,,3000,100.0,ZNE,dev,MQ_CPM_NOISE_20140421_080600
"bucket0$309,:3,:6001",MQ,CPM,14.8168,-61.2074,242.0,,,3000,100.0,ZNE,train,MQ_CPM_NOISE_20140531_160900
"bucket0$310,:3,:6001",MQ,LAM,14.81292,-61.16314,1240.0,,,3000,100.0,ZNE,train,MQ_LAM_NOISE_20140409_195100
"bucket0$311,:3,:6001",MQ,LAM,14.81292,-61.16314,1240.0,,,3000,100.0,ZNE,train,MQ_LAM_NOISE_20140317_060700
"bucket0$312,:3,:6001",MQ,LAM,14.81292,-61.16314,1240.0,,,3000,100.0,ZNE,train,MQ_LAM_NOISE_20140405_185100
"bucket1$51,:3,:6001",MQ,LAM,14.81292,-61.16314,1240.0,,,3000,100.0,ZNE,test,MQ_LAM_NOISE_20140512_034000
"bucket0$313,:3,:6001",MQ,LAM,14.81292,-61.16314,1240.0,,,3000,100.0,ZNE,train,MQ_LAM_NOISE_20140514_232100
"bucket0$314,:3,:6001",MQ,LAM,14.81292,-61.16314,1240.0,,,3000,100.0,ZNE,train,MQ_LAM_NOISE_20140222_015800
"bucket0$315,:3,:6001",MQ,LAM,14.81292,-61.16314,1240.0,,,3000,100.0,ZNE,train,MQ_LAM_NOISE_20140409_171600
"bucket0$316,:3,:6001",MQ,LAM,14.81292,-61.16314,1240.0,,,3000,100.0,ZNE,train,MQ_LAM_NOISE_20140527_072800
"bucket0$317,:3,:6001",MQ,LAM,14.81292,-61.16314,1240.0,,,3000,100.0,ZNE,train,MQ_LAM_NOISE_20140302_073300
"bucket0$318,:3,:6001",MQ,LAM,14.81292,-61.16314,1240.0,,,3000,100.0,ZNE,train,MQ_LAM_NOISE_20140506_031600
"bucket0$319,:3,:6001",MQ,LAM,14.81292,-61.16314,1240.0,,,3000,100.0,ZNE,train,MQ_LAM_NOISE_20140222_063500
"bucket0$320,:3,:6001",MQ,LAM,14.81292,-61.16314,1240.0,,,3000,100.0,ZNE,train,MQ_LAM_NOISE_20140427_183900
"bucket0$321,:3,:6001",MQ,LAM,14.81292,-61.16314,1240.0,,,3000,100.0,ZNE,train,MQ_LAM_NOISE_20140420_141200
"bucket0$322,:3,:6001",MQ,LAM,14.81292,-61.16314,1240.0,,,3000,100.0,ZNE,train,MQ_LAM_NOISE_20140518_080800
"bucket0$323,:3,:6001",MQ,LAM,14.81292,-61.16314,1240.0,,,3000,100.0,ZNE,train,MQ_LAM_NOISE_20140402_000000
"bucket0$324,:3,:6001",MQ,LAM,14.81292,-61.16314,1240.0,,,3000,100.0,ZNE,train,MQ_LAM_NOISE_20140403_030500
"bucket0$325,:3,:6001",MQ,LAM,14.81292,-61.16314,1240.0,,,3000,100.0,ZNE,train,MQ_LAM_NOISE_20140222_045300
"bucket0$326,:3,:6001",MQ,LAM,14.81292,-61.16314,1240.0,,,3000,100.0,ZNE,train,MQ_LAM_NOISE_20140405_085000
"bucket0$327,:3,:6001",MQ,LAM,14.81292,-61.16314,1240.0,,,3000,100.0,ZNE,train,MQ_LAM_NOISE_20140309_144200
"bucket2$34,:3,:6001",MQ,LAM,14.81292,-61.16314,1240.0,,,3000,100.0,ZNE,dev,MQ_LAM_NOISE_20140508_010000
"bucket0$328,:3,:6001",MQ,LAM,14.81292,-61.16314,1240.0,,,3000,100.0,ZNE,train,MQ_LAM_NOISE_20140225_172200
"bucket1$52,:3,:6001",MQ,LAM,14.81292,-61.16314,1240.0,,,3000,100.0,ZNE,test,MQ_LAM_NOISE_20140319_153900
"bucket0$329,:3,:6001",MQ,LAM,14.81292,-61.16314,1240.0,,,3000,100.0,ZNE,train,MQ_LAM_NOISE_20140414_175000
"bucket2$35,:3,:6001",MQ,LAM,14.81292,-61.16314,1240.0,,,3000,100.0,ZNE,dev,MQ_LAM_NOISE_20140531_222000
"bucket2$36,:3,:6001",MQ,LAM,14.81292,-61.16314,1240.0,,,3000,100.0,ZNE,dev,MQ_LAM_NOISE_20140225_155300
"bucket0$330,:3,:6001",MQ,LAM,14.81292,-61.16314,1240.0,,,3000,100.0,ZNE,train,MQ_LAM_NOISE_20140330_055500
"bucket0$331,:3,:6001",MQ,LAM,14.81292,-61.16314,1240.0,,,3000,100.0,ZNE,train,MQ_LAM_NOISE_20140413_103800
"bucket1$53,:3,:6001",MQ,LAM,14.81292,-61.16314,1240.0,,,3000,100.0,ZNE,test,MQ_LAM_NOISE_20140510_183900
"bucket1$54,:3,:6001",MQ,LAM,14.81292,-61.16314,1240.0,,,3000,100.0,ZNE,test,MQ_LAM_NOISE_20140507_230600
"bucket0$332,:3,:6001",MQ,LAM,14.81292,-61.16314,1240.0,,,3000,100.0,ZNE,train,MQ_LAM_NOISE_20140531_002100
"bucket0$333,:3,:6001",MQ,LAM,14.81292,-61.16314,1240.0,,,3000,100.0,ZNE,train,MQ_LAM_NOISE_20140529_193800
"bucket0$334,:3,:6001",MQ,LAM,14.81292,-61.16314,1240.0,,,3000,100.0,ZNE,train,MQ_LAM_NOISE_20140424_131300
"bucket0$335,:3,:6001",MQ,LAM,14.81292,-61.16314,1240.0,,,3000,100.0,ZNE,train,MQ_LAM_NOISE_20140408_080800
"bucket0$336,:3,:6001",MQ,LAM,14.81292,-61.16314,1240.0,,,3000,100.0,ZNE,train,MQ_LAM_NOISE_20140408_211200
"bucket0$337,:3,:6001",MQ,LAM,14.81292,-61.16314,1240.0,,,3000,100.0,ZNE,train,MQ_LAM_NOISE_20140426_233500
"bucket2$37,:3,:6001",MQ,LAM,14.81292,-61.16314,1240.0,,,3000,100.0,ZNE,dev,MQ_LAM_NOISE_20140506_204900
"bucket0$338,:3,:6001",MQ,LAM,14.81292,-61.16314,1240.0,,,3000,100.0,ZNE,train,MQ_LAM_NOISE_20140402_022300
"bucket0$339,:3,:6001",MQ,LAM,14.81292,-61.16314,1240.0,,,3000,100.0,ZNE,train,MQ_LAM_NOISE_20140509_111300
"bucket0$340,:3,:6001",MQ,LAM,14.81292,-61.16314,1240.0,,,3000,100.0,ZNE,train,MQ_LAM_NOISE_20140504_013600
"bucket0$341,:3,:6001",MQ,LAM,14.81292,-61.16314,1240.0,,,3000,100.0,ZNE,train,MQ_LAM_NOISE_20140526_164500
"bucket0$342,:3,:6001",MQ,LAM,14.81292,-61.16314,1240.0,,,3000,100.0,ZNE,train,MQ_LAM_NOISE_20140317_202500
"bucket0$343,:3,:6001",MQ,LAM,14.81292,-61.16314,1240.0,,,3000,100.0,ZNE,train,MQ_LAM_NOISE_20140530_011800
"bucket0$344,:3,:6001",MQ,LAM,14.81292,-61.16314,1240.0,,,3000,100.0,ZNE,train,MQ_LAM_NOISE_20140416_193600
"bucket0$345,:3,:6001",MQ,LAM,14.81292,-61.16314,1240.0,,,3000,100.0,ZNE,train,MQ_LAM_NOISE_20140330_003300
"bucket0$346,:3,:6001",MQ,LAM,14.81292,-61.16314,1240.0,,,3000,100.0,ZNE,train,MQ_LAM_NOISE_20140422_214700
"bucket0$347,:3,:6001",MQ,LAM,14.81292,-61.16314,1240.0,,,3000,100.0,ZNE,train,MQ_LAM_NOISE_20140325_203500
"bucket0$348,:3,:6001",MQ,LAM,14.81292,-61.16314,1240.0,,,3000,100.0,ZNE,train,MQ_LAM_NOISE_20140222_100100
"bucket0$349,:3,:6001",MQ,LAM,14.81292,-61.16314,1240.0,,,3000,100.0,ZNE,train,MQ_LAM_NOISE_20140407_230800
"bucket0$350,:3,:6001",MQ,LAM,14.81292,-61.16314,1240.0,,,3000,100.0,ZNE,train,MQ_LAM_NOISE_20140330_043600
"bucket0$351,:3,:6001",MQ,LAM,14.81292,-61.16314,1240.0,,,3000,100.0,ZNE,train,MQ_LAM_NOISE_20140314_171900
"bucket2$38,:3,:6001",MQ,LAM,14.81292,-61.16314,1240.0,,,3000,100.0,ZNE,dev,MQ_LAM_NOISE_20140321_204500
"bucket0$352,:3,:6001",MQ,LAM,14.81292,-61.16314,1240.0,,,3000,100.0,ZNE,train,MQ_LAM_NOISE_20140402_022200
"bucket0$353,:3,:6001",MQ,LAM,14.81292,-61.16314,1240.0,,,3000,100.0,ZNE,train,MQ_LAM_NOISE_20140527_062900
"bucket0$354,:3,:6001",MQ,LAM,14.81292,-61.16314,1240.0,,,3000,100.0,ZNE,train,MQ_LAM_NOISE_20140426_092400
"bucket0$355,:3,:6001",MQ,LAM,14.81292,-61.16314,1240.0,,,3000,100.0,ZNE,train,MQ_LAM_NOISE_20140505_034400
"bucket0$356,:3,:6001",MQ,LAM,14.81292,-61.16314,1240.0,,,3000,100.0,ZNE,train,MQ_LAM_NOISE_20140425_091600
"bucket0$357,:3,:6001",MQ,LAM,14.81292,-61.16314,1240.0,,,3000,100.0,ZNE,train,MQ_LAM_NOISE_20140222_135200
"bucket0$358,:3,:6001",MQ,LAM,14.81292,-61.16314,1240.0,,,3000,100.0,ZNE,train,MQ_LAM_NOISE_20140523_203100
"bucket0$359,:3,:6001",MQ,LAM,14.81292,-61.16314,1240.0,,,3000,100.0,ZNE,train,MQ_LAM_NOISE_20140317_175500
"bucket0$360,:3,:6001",MQ,LAM,14.81292,-61.16314,1240.0,,,3000,100.0,ZNE,train,MQ_LAM_NOISE_20140414_003500
"bucket0$361,:3,:6001",MQ,LAM,14.81292,-61.16314,1240.0,,,3000,100.0,ZNE,train,MQ_LAM_NOISE_20140509_224800
"bucket1$55,:3,:6001",MQ,LAM,14.81292,-61.16314,1240.0,,,3000,100.0,ZNE,test,MQ_LAM_NOISE_20140526_063200
"bucket0$362,:3,:6001",MQ,LAM,14.81292,-61.16314,1240.0,,,3000,100.0,ZNE,train,MQ_LAM_NOISE_20140418_133200
"bucket0$363,:3,:6001",MQ,LAM,14.81292,-61.16314,1240.0,,,3000,100.0,ZNE,train,MQ_LAM_NOISE_20140330_181500
"bucket0$364,:3,:6001",MQ,LAM,14.81292,-61.16314,1240.0,,,3000,100.0,ZNE,train,MQ_LAM_NOISE_20140517_213000
"bucket0$365,:3,:6001",MQ,LAM,14.81292,-61.16314,1240.0,,,3000,100.0,ZNE,train,MQ_LAM_NOISE_20140414_003900
"bucket0$366,:3,:6001",MQ,LAM,14.81292,-61.16314,1240.0,,,3000,100.0,ZNE,train,MQ_LAM_NOISE_20140417_234300
"bucket0$367,:3,:6001",MQ,LAM,14.81292,-61.16314,1240.0,,,3000,100.0,ZNE,train,MQ_LAM_NOISE_20140402_032200
"bucket0$368,:3,:6001",MQ,LAM,14.81292,-61.16314,1240.0,,,3000,100.0,ZNE,train,MQ_LAM_NOISE_20140311_040500
"bucket2$39,:3,:6001",MQ,LAM,14.81292,-61.16314,1240.0,,,3000,100.0,ZNE,dev,MQ_LAM_NOISE_20140506_022500
"bucket0$369,:3,:6001",MQ,LAM,14.81292,-61.16314,1240.0,,,3000,100.0,ZNE,train,MQ_LAM_NOISE_20140319_044500
"bucket1$56,:3,:6001",MQ,LAM,14.81292,-61.16314,1240.0,,,3000,100.0,ZNE,test,MQ_LAM_NOISE_20140329_013600
"bucket2$40,:3,:6001",MQ,LAM,14.81292,-61.16314,1240.0,,,3000,100.0,ZNE,dev,MQ_LAM_NOISE_20140402_052600
"bucket0$370,:3,:6001",MQ,LAM,14.81292,-61.16314,1240.0,,,3000,100.0,ZNE,train,MQ_LAM_NOISE_20140412_010700
"bucket2$41,:3,:6001",MQ,LAM,14.81292,-61.16314,1240.0,,,3000,100.0,ZNE,dev,MQ_LAM_NOISE_20140304_230500
"bucket1$57,:3,:6001",MQ,LAM,14.81292,-61.16314,1240.0,,,3000,100.0,ZNE,test,MQ_LAM_NOISE_20140526_081200
"bucket0$371,:3,:6001",MQ,LAM,14.81292,-61.16314,1240.0,,,3000,100.0,ZNE,train,MQ_LAM_NOISE_20140303_230400
"bucket1$58,:3,:6001",MQ,LAM,14.81292,-61.16314,1240.0,,,3000,100.0,ZNE,test,MQ_LAM_NOISE_20140222_173100
"bucket0$372,:3,:6001",MQ,LAM,14.81292,-61.16314,1240.0,,,3000,100.0,ZNE,train,MQ_LAM_NOISE_20140317_202300
"bucket0$373,:3,:6001",MQ,LAM,14.81292,-61.16314,1240.0,,,3000,100.0,ZNE,train,MQ_LAM_NOISE_20140316_180200
"bucket0$374,:3,:6001",MQ,LAM,14.81292,-61.16314,1240.0,,,3000,100.0,ZNE,train,MQ_LAM_NOISE_20140425_225500
"bucket0$375,:3,:6001",MQ,LAM,14.81292,-61.16314,1240.0,,,3000,100.0,ZNE,train,MQ_LAM_NOISE_20140411_201600
"bucket0$376,:3,:6001",MQ,LAM,14.81292,-61.16314,1240.0,,,3000,100.0,ZNE,train,MQ_LAM_NOISE_20140526_081200
"bucket2$42,:3,:6001",MQ,LAM,14.81292,-61.16314,1240.0,,,3000,100.0,ZNE,dev,MQ_LAM_NOISE_20140317_205800
"bucket1$59,:3,:6001",MQ,LAM,14.81292,-61.16314,1240.0,,,3000,100.0,ZNE,test,MQ_LAM_NOISE_20140331_180000
"bucket0$377,:3,:6001",MQ,LAM,14.81292,-61.16314,1240.0,,,3000,100.0,ZNE,train,MQ_LAM_NOISE_20140517_172100
"bucket0$378,:3,:6001",MQ,LAM,14.81292,-61.16314,1240.0,,,3000,100.0,ZNE,train,MQ_LAM_NOISE_20140422_230000
"bucket2$43,:3,:6001",MQ,LAM,14.81292,-61.16314,1240.0,,,3000,100.0,ZNE,dev,MQ_LAM_NOISE_20140425_023900
"bucket0$379,:3,:6001",MQ,LAM,14.81292,-61.16314,1240.0,,,3000,100.0,ZNE,train,MQ_LAM_NOISE_20140519_005100
"bucket0$380,:3,:6001",MQ,LAM,14.81292,-61.16314,1240.0,,,3000,100.0,ZNE,train,MQ_LAM_NOISE_20140319_203500
"bucket0$381,:3,:6001",MQ,LAM,14.81292,-61.16314,1240.0,,,3000,100.0,ZNE,train,MQ_LAM_NOISE_20140403_023100
"bucket1$60,:3,:6001",MQ,LAM,14.81292,-61.16314,1240.0,,,3000,100.0,ZNE,test,MQ_LAM_NOISE_20140407_052700
"bucket0$382,:3,:6001",MQ,LAM,14.81292,-61.16314,1240.0,,,3000,100.0,ZNE,train,MQ_LAM_NOISE_20140404_042000
"bucket0$383,:3,:6001",MQ,LAM,14.81292,-61.16314,1240.0,,,3000,100.0,ZNE,train,MQ_LAM_NOISE_20140516_013900
"bucket0$384,:3,:6001",MQ,LAM,14.81292,-61.16314,1240.0,,,3000,100.0,ZNE,train,MQ_LAM_NOISE_20140328_211500
"bucket0$385,:3,:6001",MQ,LAM,14.81292,-61.16314,1240.0,,,3000,100.0,ZNE,train,MQ_LAM_NOISE_20140529_021200
"bucket0$386,:3,:6001",MQ,LAM,14.81292,-61.16314,1240.0,,,3000,100.0,ZNE,train,MQ_LAM_NOISE_20140527_020000
"bucket0$387,:3,:6001",MQ,LAM,14.81292,-61.16314,1240.0,,,3000,100.0,ZNE,train,MQ_LAM_NOISE_20140507_221200
"bucket0$388,:3,:6001",MQ,LAM,14.81292,-61.16314,1240.0,,,3000,100.0,ZNE,train,MQ_LAM_NOISE_20140517_072400
"bucket0$389,:3,:6001",MQ,LAM,14.81292,-61.16314,1240.0,,,3000,100.0,ZNE,train,MQ_LAM_NOISE_20140408_205900
"bucket0$390,:3,:6001",MQ,BAM,14.8171,-61.1445,670.0,,,3000,100.0,ZNE,train,MQ_BAM_NOISE_20140526_020100
"bucket0$391,:3,:6001",MQ,BAM,14.8171,-61.1445,670.0,,,3000,100.0,ZNE,train,MQ_BAM_NOISE_20140511_091900
"bucket2$44,:3,:6001",MQ,BAM,14.8171,-61.1445,670.0,,,3000,100.0,ZNE,dev,MQ_BAM_NOISE_20140309_094300
"bucket0$392,:3,:6001",MQ,BAM,14.8171,-61.1445,670.0,,,3000,100.0,ZNE,train,MQ_BAM_NOISE_20140320_043600
"bucket0$393,:3,:6001",MQ,BAM,14.8171,-61.1445,670.0,,,3000,100.0,ZNE,train,MQ_BAM_NOISE_20140510_023500
"bucket2$45,:3,:6001",MQ,BAM,14.8171,-61.1445,670.0,,,3000,100.0,ZNE,dev,MQ_BAM_NOISE_20140503_175400
"bucket0$394,:3,:6001",MQ,BAM,14.8171,-61.1445,670.0,,,3000,100.0,ZNE,train,MQ_BAM_NOISE_20140227_033000
"bucket0$395,:3,:6001",MQ,BAM,14.8171,-61.1445,670.0,,,3000,100.0,ZNE,train,MQ_BAM_NOISE_20140305_203300
"bucket0$396,:3,:6001",MQ,BAM,14.8171,-61.1445,670.0,,,3000,100.0,ZNE,train,MQ_BAM_NOISE_20140522_073400
"bucket0$397,:3,:6001",MQ,BAM,14.8171,-61.1445,670.0,,,3000,100.0,ZNE,train,MQ_BAM_NOISE_20140519_005200
"bucket1$61,:3,:6001",MQ,BAM,14.8171,-61.1445,670.0,,,3000,100.0,ZNE,test,MQ_BAM_NOISE_20140325_172600
"bucket0$398,:3,:6001",MQ,BAM,14.8171,-61.1445,670.0,,,3000,100.0,ZNE,train,MQ_BAM_NOISE_20140409_002600
"bucket0$399,:3,:6001",MQ,BAM,14.8171,-61.1445,670.0,,,3000,100.0,ZNE,train,MQ_BAM_NOISE_20140414_134500
"bucket0$400,:3,:6001",MQ,BAM,14.8171,-61.1445,670.0,,,3000,100.0,ZNE,train,MQ_BAM_NOISE_20140404_064300
"bucket2$46,:3,:6001",MQ,BAM,14.8171,-61.1445,670.0,,,3000,100.0,ZNE,dev,MQ_BAM_NOISE_20140414_083900
"bucket0$401,:3,:6001",MQ,BAM,14.8171,-61.1445,670.0,,,3000,100.0,ZNE,train,MQ_BAM_NOISE_20140301_193600
"bucket0$402,:3,:6001",MQ,BAM,14.8171,-61.1445,670.0,,,3000,100.0,ZNE,train,MQ_BAM_NOISE_20140514_083700
"bucket0$403,:3,:6001",MQ,BAM,14.8171,-61.1445,670.0,,,3000,100.0,ZNE,train,MQ_BAM_NOISE_20140421_063600
"bucket1$62,:3,:6001",MQ,BAM,14.8171,-61.1445,670.0,,,3000,100.0,ZNE,test,MQ_BAM_NOISE_20140506_054700
"bucket0$404,:3,:6001",MQ,BAM,14.8171,-61.1445,670.0,,,3000,100.0,ZNE,train,MQ_BAM_NOISE_20140227_020400
"bucket0$405,:3,:6001",MQ,BAM,14.8171,-61.1445,670.0,,,3000,100.0,ZNE,train,MQ_BAM_NOISE_20140327_034400
"bucket0$406,:3,:6001",MQ,BAM,14.8171,-61.1445,670.0,,,3000,100.0,ZNE,train,MQ_BAM_NOISE_20140315_004200
"bucket2$47,:3,:6001",MQ,BAM,14.8171,-61.1445,670.0,,,3000,100.0,ZNE,dev,MQ_BAM_NOISE_20140418_080500
"bucket0$407,:3,:6001",MQ,BAM,14.8171,-61.1445,670.0,,,3000,100.0,ZNE,train,MQ_BAM_NOISE_20140309_060700
"bucket0$408,:3,:6001",MQ,BAM,14.8171,-61.1445,670.0,,,3000,100.0,ZNE,train,MQ_BAM_NOISE_20140303_001500
"bucket0$409,:3,:6001",MQ,BAM,14.8171,-61.1445,670.0,,,3000,100.0,ZNE,train,MQ_BAM_NOISE_20140530_155500
"bucket1$63,:3,:6001",MQ,BAM,14.8171,-61.1445,670.0,,,3000,100.0,ZNE,test,MQ_BAM_NOISE_20140223_034600
"bucket0$410,:3,:6001",MQ,BAM,14.8171,-61.1445,670.0,,,3000,100.0,ZNE,train,MQ_BAM_NOISE_20140527_202100
"bucket0$411,:3,:6001",MQ,BAM,14.8171,-61.1445,670.0,,,3000,100.0,ZNE,train,MQ_BAM_NOISE_20140430_110500
"bucket0$412,:3,:6001",MQ,BAM,14.8171,-61.1445,670.0,,,3000,100.0,ZNE,train,MQ_BAM_NOISE_20140405_181100
"bucket0$413,:3,:6001",MQ,BAM,14.8171,-61.1445,670.0,,,3000,100.0,ZNE,train,MQ_BAM_NOISE_20140414_021700
"bucket0$414,:3,:6001",MQ,BAM,14.8171,-61.1445,670.0,,,3000,100.0,ZNE,train,MQ_BAM_NOISE_20140301_232500
"bucket1$64,:3,:6001",MQ,BAM,14.8171,-61.1445,670.0,,,3000,100.0,ZNE,test,MQ_BAM_NOISE_20140302_010500
"bucket0$415,:3,:6001",MQ,BAM,14.8171,-61.1445,670.0,,,3000,100.0,ZNE,train,MQ_BAM_NOISE_20140228_150700
"bucket0$416,:3,:6001",MQ,BAM,14.8171,-61.1445,670.0,,,3000,100.0,ZNE,train,MQ_BAM_NOISE_20140310_035700
"bucket0$417,:3,:6001",MQ,BAM,14.8171,-61.1445,670.0,,,3000,100.0,ZNE,train,MQ_BAM_NOISE_20140517_011400
"bucket0$418,:3,:6001",MQ,BAM,14.8171,-61.1445,670.0,,,3000,100.0,ZNE,train,MQ_BAM_NOISE_20140402_002100
"bucket0$419,:3,:6001",MQ,BAM,14.8171,-61.1445,670.0,,,3000,100.0,ZNE,train,MQ_BAM_NOISE_20140320_035000
"bucket0$420,:3,:6001",MQ,BAM,14.8171,-61.1445,670.0,,,3000,100.0,ZNE,train,MQ_BAM_NOISE_20140525_115400
"bucket2$48,:3,:6001",MQ,BAM,14.8171,-61.1445,670.0,,,3000,100.0,ZNE,dev,MQ_BAM_NOISE_20140422_092000
"bucket0$421,:3,:6001",MQ,BAM,14.8171,-61.1445,670.0,,,3000,100.0,ZNE,train,MQ_BAM_NOISE_20140331_045400
"bucket0$422,:3,:6001",MQ,BAM,14.8171,-61.1445,670.0,,,3000,100.0,ZNE,train,MQ_BAM_NOISE_20140326_190200
"bucket0$423,:3,:6001",MQ,BAM,14.8171,-61.1445,670.0,,,3000,100.0,ZNE,train,MQ_BAM_NOISE_20140515_225900
"bucket0$424,:3,:6001",MQ,BAM,14.8171,-61.1445,670.0,,,3000,100.0,ZNE,train,MQ_BAM_NOISE_20140423_141000
"bucket0$425,:3,:6001",MQ,BAM,14.8171,-61.1445,670.0,,,3000,100.0,ZNE,train,MQ_BAM_NOISE_20140504_151100
"bucket0$426,:3,:6001",MQ,BAM,14.8171,-61.1445,670.0,,,3000,100.0,ZNE,train,MQ_BAM_NOISE_20140305_203300
"bucket0$427,:3,:6001",MQ,BAM,14.8171,-61.1445,670.0,,,3000,100.0,ZNE,train,MQ_BAM_NOISE_20140514_074100
"bucket0$428,:3,:6001",MQ,BAM,14.8171,-61.1445,670.0,,,3000,100.0,ZNE,train,MQ_BAM_NOISE_20140316_004700
"bucket1$65,:3,:6001",MQ,BAM,14.8171,-61.1445,670.0,,,3000,100.0,ZNE,test,MQ_BAM_NOISE_20140525_112300
"bucket0$429,:3,:6001",MQ,BAM,14.8171,-61.1445,670.0,,,3000,100.0,ZNE,train,MQ_BAM_NOISE_20140527_141300
"bucket0$430,:3,:6001",MQ,BAM,14.8171,-61.1445,670.0,,,3000,100.0,ZNE,train,MQ_BAM_NOISE_20140521_015300
"bucket1$66,:3,:6001",MQ,BAM,14.8171,-61.1445,670.0,,,3000,100.0,ZNE,test,MQ_BAM_NOISE_20140511_231900
"bucket0$431,:3,:6001",MQ,BAM,14.8171,-61.1445,670.0,,,3000,100.0,ZNE,train,MQ_BAM_NOISE_20140403_235100
"bucket0$432,:3,:6001",MQ,BAM,14.8171,-61.1445,670.0,,,3000,100.0,ZNE,train,MQ_BAM_NOISE_20140416_055200
"bucket0$433,:3,:6001",MQ,BAM,14.8171,-61.1445,670.0,,,3000,100.0,ZNE,train,MQ_BAM_NOISE_20140502_143600
"bucket0$434,:3,:6001",MQ,BAM,14.8171,-61.1445,670.0,,,3000,100.0,ZNE,train,MQ_BAM_NOISE_20140411_203000
"bucket0$435,:3,:6001",MQ,BAM,14.8171,-61.1445,670.0,,,3000,100.0,ZNE,train,MQ_BAM_NOISE_20140314_011700
"bucket0$436,:3,:6001",MQ,BAM,14.8171,-61.1445,670.0,,,3000,100.0,ZNE,train,MQ_BAM_NOISE_20140303_015900
"bucket0$437,:3,:6001",MQ,BAM,14.8171,-61.1445,670.0,,,3000,100.0,ZNE,train,MQ_BAM_NOISE_20140421_034600
"bucket0$438,:3,:6001",MQ,BAM,14.8171,-61.1445,670.0,,,3000,100.0,ZNE,train,MQ_BAM_NOISE_20140401_121400
"bucket1$67,:3,:6001",MQ,BAM,14.8171,-61.1445,670.0,,,3000,100.0,ZNE,test,MQ_BAM_NOISE_20140510_165800
"bucket0$439,:3,:6001",MQ,BAM,14.8171,-61.1445,670.0,,,3000,100.0,ZNE,train,MQ_BAM_NOISE_20140525_115400
"bucket0$440,:3,:6001",MQ,BAM,14.8171,-61.1445,670.0,,,3000,100.0,ZNE,train,MQ_BAM_NOISE_20140301_024700
"bucket0$441,:3,:6001",MQ,BAM,14.8171,-61.1445,670.0,,,3000,100.0,ZNE,train,MQ_BAM_NOISE_20140414_043100
"bucket2$49,:3,:6001",MQ,BAM,14.8171,-61.1445,670.0,,,3000,100.0,ZNE,dev,MQ_BAM_NOISE_20140329_205100
"bucket2$50,:3,:6001",MQ,BAM,14.8171,-61.1445,670.0,,,3000,100.0,ZNE,dev,MQ_BAM_NOISE_20140501_074000
"bucket0$442,:3,:6001",MQ,BAM,14.8171,-61.1445,670.0,,,3000,100.0,ZNE,train,MQ_BAM_NOISE_20140227_000200
"bucket0$443,:3,:6001",MQ,BAM,14.8171,-61.1445,670.0,,,3000,100.0,ZNE,train,MQ_BAM_NOISE_20140303_061300
"bucket0$444,:3,:6001",MQ,BAM,14.8171,-61.1445,670.0,,,3000,100.0,ZNE,train,MQ_BAM_NOISE_20140506_085100
"bucket0$445,:3,:6001",MQ,BAM,14.8171,-61.1445,670.0,,,3000,100.0,ZNE,train,MQ_BAM_NOISE_20140507_060100
"bucket0$446,:3,:6001",MQ,BAM,14.8171,-61.1445,670.0,,,3000,100.0,ZNE,train,MQ_BAM_NOISE_20140505_030700
"bucket0$447,:3,:6001",MQ,BAM,14.8171,-61.1445,670.0,,,3000,100.0,ZNE,train,MQ_BAM_NOISE_20140302_010500
"bucket1$68,:3,:6001",MQ,BAM,14.8171,-61.1445,670.0,,,3000,100.0,ZNE,test,MQ_BAM_NOISE_20140318_004500
"bucket0$448,:3,:6001",MQ,BAM,14.8171,-61.1445,670.0,,,3000,100.0,ZNE,train,MQ_BAM_NOISE_20140502_214200
"bucket1$69,:3,:6001",MQ,BAM,14.8171,-61.1445,670.0,,,3000,100.0,ZNE,test,MQ_BAM_NOISE_20140326_131000
"bucket0$449,:3,:6001",MQ,BAM,14.8171,-61.1445,670.0,,,3000,100.0,ZNE,train,MQ_BAM_NOISE_20140330_003000
"bucket0$450,:3,:6001",MQ,BAM,14.8171,-61.1445,670.0,,,3000,100.0,ZNE,train,MQ_BAM_NOISE_20140525_111300
"bucket0$451,:3,:6001",MQ,BAM,14.8171,-61.1445,670.0,,,3000,100.0,ZNE,train,MQ_BAM_NOISE_20140424_000700
"bucket2$51,:3,:6001",MQ,BAM,14.8171,-61.1445,670.0,,,3000,100.0,ZNE,dev,MQ_BAM_NOISE_20140305_155700
"bucket0$452,:3,:6001",MQ,BAM,14.8171,-61.1445,670.0,,,3000,100.0,ZNE,train,MQ_BAM_NOISE_20140524_002400
"bucket1$70,:3,:6001",MQ,BAM,14.8171,-61.1445,670.0,,,3000,100.0,ZNE,test,MQ_BAM_NOISE_20140423_032600
"bucket0$453,:3,:6001",MQ,BAM,14.8171,-61.1445,670.0,,,3000,100.0,ZNE,train,MQ_BAM_NOISE_20140302_024100
"bucket1$71,:3,:6001",MQ,BAM,14.8171,-61.1445,670.0,,,3000,100.0,ZNE,test,MQ_BAM_NOISE_20140321_084600
"bucket0$454,:3,:6001",MQ,BAM,14.8171,-61.1445,670.0,,,3000,100.0,ZNE,train,MQ_BAM_NOISE_20140510_235400
"bucket0$455,:3,:6001",MQ,BAM,14.8171,-61.1445,670.0,,,3000,100.0,ZNE,train,MQ_BAM_NOISE_20140322_151800
"bucket0$456,:3,:6001",MQ,BAM,14.8171,-61.1445,670.0,,,3000,100.0,ZNE,train,MQ_BAM_NOISE_20140404_150700
"bucket0$457,:3,:6001",MQ,BAM,14.8171,-61.1445,670.0,,,3000,100.0,ZNE,train,MQ_BAM_NOISE_20140316_074300
"bucket0$458,:3,:6001",MQ,BAM,14.8171,-61.1445,670.0,,,3000,100.0,ZNE,train,MQ_BAM_NOISE_20140423_195400
"bucket0$459,:3,:6001",MQ,BAM,14.8171,-61.1445,670.0,,,3000,100.0,ZNE,train,MQ_BAM_NOISE_20140330_223500
"bucket0$460,:3,:6001",MQ,BAM,14.8171,-61.1445,670.0,,,3000,100.0,ZNE,train,MQ_BAM_NOISE_20140315_104700
"bucket0$461,:3,:6001",MQ,BAM,14.8171,-61.1445,670.0,,,3000,100.0,ZNE,train,MQ_BAM_NOISE_20140410_030500
"bucket0$462,:3,:6001",MQ,BAM,14.8171,-61.1445,670.0,,,3000,100.0,ZNE,train,MQ_BAM_NOISE_20140510_225500
"bucket0$463,:3,:6001",MQ,BAM,14.8171,-61.1445,670.0,,,3000,100.0,ZNE,train,MQ_BAM_NOISE_20140525_092100
"bucket0$464,:3,:6001",MQ,BAM,14.8171,-61.1445,670.0,,,3000,100.0,ZNE,train,MQ_BAM_NOISE_20140514_015500
"bucket0$465,:3,:6001",MQ,BAM,14.8171,-61.1445,670.0,,,3000,100.0,ZNE,train,MQ_BAM_NOISE_20140511_192000
"bucket0$466,:3,:6001",MQ,BAM,14.8171,-61.1445,670.0,,,3000,100.0,ZNE,train,MQ_BAM_NOISE_20140314_191300
"bucket2$52,:3,:6001",MQ,BAM,14.8171,-61.1445,670.0,,,3000,100.0,ZNE,dev,MQ_BAM_NOISE_20140502_203700
"bucket0$467,:3,:6001",MQ,BAM,14.8171,-61.1445,670.0,,,3000,100.0,ZNE,train,MQ_BAM_NOISE_20140505_034800
"bucket0$468,:3,:6001",MQ,BAM,14.8171,-61.1445,670.0,,,3000,100.0,ZNE,train,MQ_BAM_NOISE_20140304_121700
"bucket0$469,:3,:6001",MQ,BAM,14.8171,-61.1445,670.0,,,3000,100.0,ZNE,train,MQ_BAM_NOISE_20140507_194000
